,scores,centers
0,0.9995942711830139,[11.69799995 20.82499981 18.03800011]
1,0.9991089701652527,[33.69799995 22.82499981 20.03800011]
