,scores,centers
0,0.9966872334480286,[-7.72999954 13.04599953 29.21399975]
1,0.9920393228530884,[-1.72999954 13.04599953 19.21399975]
2,0.9966834187507629,[10.27000046  5.04599953 11.21399975]
3,0.9628689885139465,[10.27000046  1.04599953 29.21399975]
