,scores,centers
0,0.9991843104362488,[29.73499966 -0.90200043 65.55899811]
1,0.9970476031303406,[23.73499966 11.09799957 77.55899811]
2,0.9744588732719421,[11.73499966  9.09799957 71.55899811]
