,scores,centers
0,0.998753547668457,[106.50500107 128.80599976  12.00699997]
1,0.9990144968032837,[ 70.50500107 160.80599976  18.00699997]
2,0.9794769883155823,[ 72.50500107 130.80599976  16.00699997]
