,scores,centers
0,0.9991902709007263,[61.34400177 70.30099869  9.50099945]
1,0.9861243963241577,[59.34400177 58.30099869 27.50099945]
