,scores,centers
0,0.9957320094108582,[-22.4640007  -12.13499832  -0.69099998]
1,0.9965168237686157,[11.5359993   3.86500168 21.30900002]
2,0.8645069003105164,[-10.4640007    1.86500168   9.30900002]
3,0.894207239151001,[ -8.4640007  -20.13499832  11.30900002]
4,0.8596364855766296,[-2.4640007  -4.13499832  5.30900002]
