,scores,centers
0,0.998873770236969,[32.99699974  3.97499847 67.12200165]
1,0.9966893196105957,[20.99699974 11.97499847 77.12200165]
2,0.988024890422821,[ 6.99699974 13.97499847 51.12200165]
