,scores,centers
0,0.9991353154182434,[ 13.69199944  33.69999981 -33.11100006]
1,0.9993591904640198,[27.69199944 35.69999981 26.88899994]
2,0.9991759657859802,[17.69199944 33.69999981  0.88899994]
