,scores,centers
0,0.9984044432640076,[23.11400032 -4.41899872  5.72800064]
1,0.9899001717567444,[ 33.11400032 -16.41899872 -12.27199936]
2,0.9987457990646362,[ 51.11400032 -28.41899872  -8.27199936]
3,0.9968390464782715,[35.11400032 11.58100128 -4.27199936]
