,scores,centers
0,0.9994025230407715,[22.27199936  0.68899918 21.67700005]
