,scores,centers
0,0.9989736080169678,[31.94799995 42.43200016 31.73200035]
1,0.9986194372177124,[23.94799995 42.43200016 45.73200035]
