,scores,centers
0,0.9973201155662537,[44.12000084 22.41699982 -4.81100082]
1,0.7140594720840454,[44.12000084 38.41699982 -4.81100082]
2,0.7602359652519226,[36.12000084 34.41699982  3.18899918]
3,0.5827407240867615,[36.12000084 22.41699982  7.18899918]
