,scores,centers
0,0.9987548589706421,[48.17500019 -4.97299957 31.64699936]
1,0.998331606388092,[78.17500019  5.02700043 29.64699936]
2,0.9981655478477478,[26.17500019  7.02700043 17.64699936]
