,scores,centers
0,0.9972522854804993,[21.60400009 -2.2519989  -5.22999954]
1,0.7739683985710144,[21.60400009  5.7480011  10.77000046]
2,0.91958087682724,[15.60400009 -2.2519989  10.77000046]
