,scores,centers
0,0.999381422996521,[39.32900047 20.68000031 31.79500008]
1,0.9993430972099304,[27.32900047 18.68000031 39.79500008]
