,scores,centers
0,0.9991598129272461,[ 0.75699997 81.1230011  81.94000053]
