,scores,centers
0,0.9984183311462402,[22.11100006 -4.65800095  8.18999863]
1,0.9927520751953125,[6.11100006 1.34199905 6.18999863]
2,0.995354175567627,[34.11100006  3.34199905 26.18999863]
