,scores,centers
0,0.9993768334388733,[ 6.50399971 -3.58000183 58.73999977]
1,0.9987596273422241,[28.50399971  8.41999817  6.73999977]
