,scores,centers
0,0.9989935755729675,[18.0359993   5.27700043 16.60300064]
1,0.9987292885780334,[-5.9640007  13.27700043 28.60300064]
2,0.981447696685791,[18.0359993  21.27700043  4.60300064]
3,0.997333288192749,[ 4.0359993  -8.72299957 22.60300064]
4,0.9198012948036194,[22.0359993   3.27700043 -3.39699936]
