,scores,centers
0,0.9985988736152649,[28.94000053 33.51599979 41.03199959]
1,0.9975019097328186,[10.94000053 21.51599979 49.03199959]
2,0.9929273724555969,[26.94000053 17.51599979 45.03199959]
