,scores,centers
0,0.998870313167572,[20.71500015 11.17599869 21.42399979]
