,scores,centers
0,0.9985320568084717,[44.32699966 26.67399979 15.29699993]
1,0.9180522561073303,[54.32699966 32.67399979 31.29699993]
2,0.9363911747932434,[42.32699966 28.67399979 31.29699993]
3,0.8905857801437378,[58.32699966 36.67399979 19.29699993]
4,0.5282606482505798,[52.32699966 20.67399979 27.29699993]
