,scores,centers
0,0.9994645714759827,[17.81400013 59.15399933 24.9630003 ]
1,0.9991556406021118,[19.81400013 67.15399933 44.9630003 ]
