,scores,centers
0,0.9992367029190063,[-2.91200256  3.19400024 15.66999817]
1,0.9992938041687012,[41.08799744 19.19400024 25.66999817]
2,0.9968194961547852,[19.08799744 15.19400024 15.66999817]
3,0.9886321425437927,[51.08799744 47.19400024 27.66999817]
4,0.9409582614898682,[27.08799744 39.19400024  5.66999817]
