,scores,centers
0,0.9992296695709229,[17.45400047 71.14499998 23.42000008]
1,0.9985559582710266,[31.45400047 33.14499998  5.42000008]
