,scores,centers
0,0.9992865920066833,[  4.52099991  66.99300003 -23.90200043]
1,0.9991590976715088,[-13.47900009  38.99300003 -45.90200043]
