,scores,centers
0,0.9950917959213257,[ 9.79800034  5.61400032 24.421     ]
1,0.9945929646492004,[33.79800034 23.61400032 24.421     ]
2,0.9762839078903198,[21.79800034 17.61400032 36.421     ]
3,0.4845866560935974,[17.79800034 23.61400032 12.421     ]
