,scores,centers
0,0.9993101358413696,[55.68300009 89.70899963 66.08699989]
1,0.9992832541465759,[35.68300009 59.70899963 46.08699989]
