,scores,centers
0,0.9990679621696472,[ -7.15800095  -9.7879982  -32.29100037]
1,0.9879299402236938,[  8.84199905  10.2120018  -20.29100037]
2,0.8279380798339844,[ 24.84199905  -9.7879982  -28.29100037]
3,0.9301156401634216,[ 12.84199905 -19.7879982  -44.29100037]
