,scores,centers
0,0.9979844093322754,[-1.21999931 28.72000027 -0.8029995 ]
1,0.9779765009880066,[12.78000069 28.72000027  1.1970005 ]
2,0.9615461826324463,[10.78000069 20.72000027 -6.8029995 ]
