,scores,centers
0,0.9994949102401733,[32.47900009 -3.86700058  2.54400063]
1,0.9847375750541687,[28.47900009 10.13299942  8.54400063]
