,scores,centers
0,0.9982017278671265,[34.64400005 88.28699875 25.98500061]
1,0.9982883334159851,[ 50.64400005 106.28699875   5.98500061]
