,scores,centers
0,0.998627781867981,[34.61200047 18.53999996 10.10599899]
1,0.9735364317893982,[22.61200047  8.53999996  2.10599899]
2,0.8827210664749146,[32.61200047  2.53999996  8.10599899]
3,0.9292067289352417,[42.61200047  6.53999996 16.10599899]
