,scores,centers
0,0.9980667233467102,[40.87000084 19.38899994 25.03099823]
1,0.9989370703697205,[ 56.87000084 -12.61100006   3.03099823]
2,0.9987448453903198,[  4.87000084 -20.61100006 -14.96900177]
3,0.9989880919456482,[ 26.87000084  15.38899994 -26.96900177]
