,scores,centers
0,0.9979391694068909,[16.51599979 36.0340004  19.12100029]
1,0.5986461639404297,[20.51599979 30.0340004  11.12100029]
