,scores,centers
0,0.999658465385437,[21.79800034 25.83500004 32.98799992]
1,0.9965177774429321,[39.79800034 33.83500004 24.98799992]
