,scores,centers
0,0.9993829727172852,[ 1.88800049 14.39699936 13.19499969]
1,0.999729573726654,[ -2.11199951  26.39699936 -18.80500031]
