,scores,centers
0,0.9986366629600525,[-26.33599854 -54.35800171 100.28900146]
1,0.9987478256225586,[-14.33599854 -40.35800171 118.28900146]
2,0.9974539875984192,[-24.33599854 -22.35800171 120.28900146]
