,scores,centers
0,0.9991975426673889,[19.18400002 17.15299988 14.42200089]
