,scores,centers
0,0.999367892742157,[43.46199989  7.48799896 35.99200058]
1,0.9995238780975342,[43.46199989 55.48799896 75.99200058]
