,scores,centers
0,0.9988058805465698,[20.50300026  5.37400055 26.91699982]
1,0.9796151518821716,[ 8.50300026 -4.62599945 14.91699982]
2,0.9716753959655762,[ 20.50300026 -14.62599945  26.91699982]
