,scores,centers
0,0.9958517551422119,[53.56100082 -1.0720005  35.72599983]
1,0.9888456463813782,[49.56100082  0.9279995  33.72599983]
