,scores,centers
0,0.9996383190155029,[ 20.40200043 -35.42100143  52.76600075]
1,0.9992924928665161,[ -7.59799957 -15.42100143  48.76600075]
