,scores,centers
0,0.9993979930877686,[21.22800064 12.82799911 31.25099945]
1,0.9944684505462646,[19.22800064 -1.17200089  7.25099945]
2,0.977645754814148,[19.22800064 20.82799911 51.25099945]
3,0.9099855422973633,[19.22800064 30.82799911  7.25099945]
