,scores,centers
0,0.9989847540855408,[ 87.40200043  -5.94300079 105.55099869]
