,scores,centers
0,0.9993427395820618,[ 29.97799969  12.89400005 -27.6629982 ]
1,0.9992517828941345,[21.97799969 22.89400005 26.3370018 ]
2,0.999262273311615,[43.97799969 12.89400005  6.3370018 ]
3,0.999213695526123,[23.97799969 34.89400005 -3.6629982 ]
