,scores,centers
0,0.9838947653770447,[-4.04199982 18.15299988 20.33099985]
1,0.9833506941795349,[-4.04199982 16.15299988 20.33099985]
2,0.9521669745445251,[ 5.95800018 14.15299988 16.33099985]
