,scores,centers
0,0.9990018010139465,[33.27200031 11.97100067 -4.57699966]
1,0.9961369633674622,[17.27200031  5.97100067  9.42300034]
2,0.9936251640319824,[17.27200031  5.97100067 -4.57699966]
3,0.9886511564254761,[35.27200031  1.97100067  7.42300034]
4,0.9809908866882324,[27.27200031 17.97100067 11.42300034]
