,scores,centers
0,0.9983993172645569,[54.24200058 10.18799973 28.55999947]
1,0.9926332831382751,[70.24200058 20.18799973 36.55999947]
2,0.9905024766921997,[60.24200058  2.18799973 54.55999947]
