,scores,centers
0,0.9994915723800659,[ 0.12000084 86.704      31.76599979]
1,0.9994909763336182,[40.12000084 44.704      37.76599979]
