,scores,centers
0,0.9991675615310669,[14.59500122 34.61499977 67.13999939]
1,0.9989311099052429,[16.59500122 14.61499977 57.13999939]
2,0.9963093400001526,[18.59500122 26.61499977 39.13999939]
