,scores,centers
0,0.9814167618751526,[ 9.05200005 34.39099979 -6.46899986]
1,0.9936538934707642,[ 5.05200005 24.39099979 11.53100014]
2,0.9832857251167297,[31.05200005 26.39099979 11.53100014]
3,0.7872267365455627,[21.05200005 44.39099979 -8.46899986]
