,scores,centers
0,0.999622106552124,[20.29599953 21.35700035 35.81200027]
1,0.4301784932613373,[ 2.29599953 25.35700035 35.81200027]
