,scores,centers
0,0.9992863535881042,[31.27299976 44.41899967 43.46899986]
1,0.9979288578033447,[21.27299976 22.41899967 41.46899986]
2,0.9951556921005249,[41.27299976 40.41899967  3.46899986]
