,scores,centers
0,0.9962661862373352,[41.45600033  7.78899956  9.36400032]
1,0.7126405239105225,[27.45600033 -4.21100044 17.36400032]
