,scores,centers
0,0.9977980852127075,[53.53899956  0.94099998 35.5539999 ]
1,0.9812663793563843,[43.53899956  0.94099998 27.5539999 ]
2,0.44571974873542786,[55.53899956  8.94099998 19.5539999 ]
3,0.4623483419418335,[35.53899956  2.94099998 25.5539999 ]
