,scores,centers
0,0.9993630051612854,[103.18299866  50.73400116   0.94400024]
1,0.9992573857307434,[77.18299866 12.73400116 -1.05599976]
