,scores,centers
0,0.9993374943733215,[ 22.59500122 -15.60400009  31.13399887]
1,0.9993719458580017,[-1.40499878  6.39599991 19.13399887]
