,scores,centers
0,0.9993996620178223,[-0.47299957 -6.63899994  8.18600082]
1,0.9113871455192566,[-2.47299957  5.36100006 12.18600082]
2,0.8825903534889221,[ 7.52700043  9.36100006 30.18600082]
