,scores,centers
0,0.9985978007316589,[-21.41699982  34.75199986 -18.31100082]
1,0.9758811593055725,[ -1.41699982  38.75199986 -18.31100082]
2,0.9933607578277588,[-11.41699982  18.75199986 -22.31100082]
