,scores,centers
0,0.9936610460281372,[62.7820015  44.19199944 35.44400024]
1,0.9150698184967041,[76.7820015  40.19199944 41.44400024]
2,0.5539273619651794,[74.7820015  42.19199944 19.44400024]
3,0.6127870082855225,[72.7820015  28.19199944 25.44400024]
4,0.5211986303329468,[56.7820015  26.19199944 19.44400024]
