,scores,centers
0,0.9976310729980469,[40.61100006 42.17000008 39.30999947]
1,0.9986453652381897,[36.61100006 38.17000008 51.30999947]
