,scores,centers
0,0.9982326030731201,[27.62199974 17.99300003 60.74900055]
1,0.9979972243309021,[17.62199974  5.99300003 70.74900055]
2,0.9238308072090149,[ 3.62199974 23.99300003 62.74900055]
3,0.9634160399436951,[13.62199974  7.99300003 44.74900055]
4,0.6130245923995972,[19.62199974 33.99300003 42.74900055]
5,0.606756865978241,[11.62199974 17.99300003 34.74900055]
