,scores,centers
0,0.9987465143203735,[-5.35700226  0.27300072 10.94499969]
1,0.9979962110519409,[ 6.64299774 16.27300072 18.94499969]
2,0.9520100355148315,[ 4.64299774 12.27300072 36.94499969]
3,0.7529114484786987,[-17.35700226   6.27300072   0.94499969]
