,scores,centers
0,0.9920505881309509,[26.28900003 17.05700016 13.43000031]
1,0.9828017354011536,[32.28900003 21.05700016 21.43000031]
2,0.5898087620735168,[14.28900003 25.05700016 21.43000031]
