,scores,centers
0,0.9991334080696106,[ 6.03899956  1.38500023 14.5880003 ]
