,scores,centers
0,0.9987072944641113,[ 6.14100075  1.25499916 14.56700039]
1,0.9622429609298706,[26.14100075 -0.74500084 18.56700039]
2,0.4432431161403656,[-15.85899925   3.25499916  20.56700039]
