,scores,centers
0,0.9985517859458923,[43.02999973 42.00500107 31.18000031]
1,0.9975073933601379,[29.02999973 82.00500107 35.18000031]
2,0.9975288510322571,[45.02999973 10.00500107 19.18000031]
