,scores,centers
0,0.9983129501342773,[28.34499979 71.56399918 13.93799973]
1,0.9931324124336243,[28.34499979 93.56399918  7.93799973]
2,0.9857757091522217,[20.34499979 59.56399918 23.93799973]
3,0.8232550024986267,[20.34499979 53.56399918  3.93799973]
4,0.8761298060417175,[30.34499979 43.56399918 17.93799973]
5,0.5586357116699219,[12.34499979 79.56399918 15.93799973]
