,scores,centers
0,0.9986830353736877,[30.52199984 64.28699875  9.38500023]
1,0.9988600015640259,[28.52199984 76.28699875 27.38500023]
2,0.9994266033172607,[18.52199984 52.28699875 23.38500023]
