,scores,centers
0,0.9994708895683289,[ 1.29199982 36.8939991  32.6780014 ]
