,scores,centers
0,0.9923884272575378,[ 8.49399948  0.06299973 23.98500061]
1,0.8877617120742798,[26.49399948 12.06299973  7.98500061]
2,0.8149294257164001,[ 2.49399948 -9.93700027 23.98500061]
3,0.6771867275238037,[20.49399948  2.06299973 29.98500061]
4,0.4822513461112976,[16.49399948  0.06299973  1.98500061]
