,scores,centers
0,0.9988608360290527,[ 39.41399956 -43.91899872  62.4829998 ]
1,0.9942702054977417,[ 25.41399956 -59.91899872  68.4829998 ]
