,scores,centers
0,0.999332845211029,[ 26.84399986  51.36300087 -10.35100174]
1,0.9965144991874695,[  8.84399986  29.36300087 -12.35100174]
2,0.9972783923149109,[ 28.84399986  27.36300087 -36.35100174]
