,scores,centers
0,0.999071478843689,[ 5.76300049 -6.03199959 13.24300003]
1,0.9899264574050903,[17.76300049  9.96800041 25.24300003]
2,0.9757692217826843,[17.76300049 -8.03199959  1.24300003]
