,scores,centers
0,0.9990025162696838,[21.05200005 -0.11399841 -5.00299835]
1,0.9989628791809082,[ 19.05200005  19.88600159 -21.00299835]
2,0.9979960918426514,[ 37.05200005 -24.11399841  -1.00299835]
