,scores,centers
0,0.9996289014816284,[26.89300013 31.50399971 10.08799934]
1,0.9699321985244751,[26.89300013 45.50399971  8.08799934]
