,scores,centers
0,0.99940025806427,[55.08499908 36.64999962 21.04699993]
1,0.9986836314201355,[43.08499908 42.64999962 27.04699993]
2,0.9993153810501099,[45.08499908 56.64999962 43.04699993]
3,0.9938610792160034,[65.08499908 54.64999962 29.04699993]
4,0.9799736738204956,[85.08499908 46.64999962 23.04699993]
