,scores,centers
0,0.9988240599632263,[177.09899902 150.18800354 158.03399658]
1,0.9993898868560791,[181.09899902 150.18800354 168.03399658]
