,scores,centers
0,0.9996127486228943,[ 48.39500046 159.78399658  40.00200081]
1,0.9996476173400879,[ 18.39500046 125.78399658  18.00200081]
