,scores,centers
0,0.9945675134658813,[31.86899948 48.81699944 13.03000069]
1,0.915041983127594,[47.86899948 48.81699944 13.03000069]
2,0.8536527156829834,[31.86899948 60.81699944  5.03000069]
3,0.8527750968933105,[47.86899948 48.81699944  3.03000069]
4,0.9091865420341492,[45.86899948 38.81699944 11.03000069]
5,0.43168482184410095,[37.86899948 34.81699944 21.03000069]
