,scores,centers
0,0.9991023540496826,[41.37100029 31.86700058 34.57500076]
1,0.9962420463562012,[35.37100029 19.86700058 58.57500076]
2,0.8965837359428406,[43.37100029  9.86700058 44.57500076]
