,scores,centers
0,0.9991523027420044,[40.2869997  80.28100014 73.49300003]
1,0.9992944002151489,[54.2869997  52.28100014 75.49300003]
