,scores,centers
0,0.9990227222442627,[ 0.70100021 -2.09799957 22.43799973]
1,0.9304766654968262,[-15.29899979   5.90200043   4.43799973]
