,scores,centers
0,0.9995554089546204,[88.09400177 20.53299999  4.51300049]
1,0.9933723211288452,[80.09400177 48.53299999 10.51300049]
2,0.9618155360221863,[96.09400177 36.53299999 20.51300049]
3,0.9872093200683594,[78.09400177 74.53299999 28.51300049]
