,scores,centers
0,0.9986012578010559,[87.49699974 23.51000023  5.69599915]
1,0.9979735016822815,[57.49699974 25.51000023 31.69599915]
2,0.9783589243888855,[33.49699974 21.51000023 15.69599915]
