,scores,centers
0,0.9986763596534729,[-25.25600052  51.29299927  51.54899979]
1,0.9910921454429626,[-3.25600052 37.29299927 61.54899979]
