,scores,centers
0,0.988796591758728,[23.38100052 22.40299988 22.04299927]
1,0.9924032688140869,[-2.61899948 -3.59700012  2.04299927]
