,scores,centers
0,0.9946814179420471,[ 1.00200081 -0.13000107 11.21800041]
1,0.9868301749229431,[ 5.00200081 -0.13000107 17.21800041]
2,0.7605118751525879,[19.00200081 13.86999893 15.21800041]
3,0.8382863402366638,[11.00200081 21.86999893 17.21800041]
