,scores,centers
0,0.9983956217765808,[-47.08300018  76.23300171 313.82800293]
1,0.9989405274391174,[-11.08300018  68.23300171 207.82800293]
