,scores,centers
0,0.9990828037261963,[50.90600014 -0.9280014  24.13299942]
1,0.9983574748039246,[72.90600014  9.0719986  16.13299942]
