,scores,centers
0,0.9995421171188354,[-5.68399811 26.21000004  6.73099899]
1,0.9896677732467651,[ 2.31600189 28.21000004 24.73099899]
