,scores,centers
0,0.9995496869087219,[102.43299866  -0.55400085  -0.70899963]
1,0.998196542263031,[92.43299866 17.44599915 -4.70899963]
2,0.7103379964828491,[90.43299866 -2.55400085 -8.70899963]
