,scores,centers
0,0.9983400106430054,[53.52499962  0.90999985 35.6420002 ]
1,0.7385252714157104,[43.52499962  4.90999985 31.6420002 ]
