,scores,centers
0,0.9957518577575684,[11.28499985 48.65299988 57.03100014]
1,0.9562561511993408,[ 7.28499985 38.65299988 55.03100014]
2,0.580333411693573,[17.28499985 38.65299988 39.03100014]
3,0.7366209626197815,[ 7.28499985 28.65299988 53.03100014]
