,scores,centers
0,0.9998334646224976,[13.53700256 51.88600016 58.79999924]
1,0.9998422861099243,[ 29.53700256 115.88600016  84.79999924]
