,scores,centers
0,0.9992351531982422,[16.24600029 52.70000076 53.62400055]
1,0.9927685260772705,[38.24600029 66.70000076 39.62400055]
2,0.9827057123184204,[48.24600029 62.70000076 57.62400055]
