,scores,centers
0,0.9969390630722046,[ 8.63199997 16.65000153 26.01099968]
1,0.9826309084892273,[26.63199997 -3.34999847 18.01099968]
2,0.8932618498802185,[20.63199997  6.65000153 30.01099968]
3,0.9057751297950745,[22.63199997 20.65000153 34.01099968]
4,0.7370353937149048,[28.63199997  8.65000153 20.01099968]
5,0.7549362778663635,[28.63199997 16.65000153 30.01099968]
6,0.4735807180404663,[34.63199997  2.65000153  6.01099968]
