,scores,centers
0,0.9994812607765198,[32.96899986 24.63299942  6.47699928]
1,0.999129593372345,[30.96899986 22.63299942 10.47699928]
