,scores,centers
0,0.9994723200798035,[41.47799969 32.98499966 27.42399979]
1,0.9773895144462585,[41.47799969 56.98499966 25.42399979]
