,scores,centers
0,0.9980425834655762,[35.91699982 36.21799994 25.04899979]
1,0.9986531734466553,[39.91699982 18.21799994 31.04899979]
2,0.9668251276016235,[33.91699982 36.21799994 41.04899979]
3,0.7963013648986816,[27.91699982 62.21799994 29.04899979]
4,0.40958333015441895,[35.91699982 16.21799994 11.04899979]
