,scores,centers
0,0.9984533786773682,[55.8499999  39.46999979  9.79000092]
1,0.9846678376197815,[43.8499999  25.46999979  3.79000092]
2,0.8990463614463806,[45.8499999  15.46999979 15.79000092]
3,0.9565742611885071,[45.8499999  25.46999979 -0.20999908]
4,0.8203651905059814,[21.8499999  31.46999979 19.79000092]
5,0.6062900424003601,[47.8499999  39.46999979 21.79000092]
