,scores,centers
0,0.99957674741745,[ 46.05200005  52.91499996 126.88400269]
