,scores,centers
0,0.9996780157089233,[ 30.84700012  -6.83000183 122.54199982]
1,0.999576985836029,[ 38.84700012 -32.83000183 136.54199982]
2,0.9993390440940857,[  4.84700012  19.16999817 108.54199982]
