,scores,centers
0,0.9992372989654541,[17.59300041 41.14299965 33.62400055]
1,0.9976990818977356,[27.59300041 45.14299965 -0.37599945]
