,scores,centers
0,0.9995213747024536,[28.21199989 29.42699814 19.04199982]
1,0.9995529055595398,[10.21199989  1.42699814 15.04199982]
