,scores,centers
0,0.9993280172348022,[12.59300041 24.37400055 43.54500008]
1,0.9989219903945923,[-5.40699959 26.37400055 21.54500008]
