,scores,centers
0,0.9984050393104553,[2.68199921 8.73699951 4.90999985]
1,0.9982479810714722,[  8.68199921 -11.26300049   4.90999985]
2,0.9762265086174011,[ 0.68199921 -7.26300049 20.90999985]
3,0.9625675678253174,[ 2.68199921  8.73699951 22.90999985]
4,0.49674543738365173,[  0.68199921  -9.26300049 -13.09000015]
5,0.5983576774597168,[-15.31800079  -9.26300049  16.90999985]
