,scores,centers
0,0.9987853169441223,[52.57800007  1.24500275 21.60000038]
1,0.9981355667114258,[78.57800007  5.24500275 29.60000038]
2,0.9974754452705383,[24.57800007  5.24500275 13.60000038]
