,scores,centers
0,0.9989519119262695,[ 16.90299988 -12.15399933  23.54400063]
1,0.9926458597183228,[18.90299988 11.84600067 19.54400063]
