,scores,centers
0,0.9995225667953491,[44.0250001  37.375      22.30999994]
1,0.9994227886199951,[16.0250001  17.375      32.30999994]
2,0.9750204682350159,[20.0250001  35.375      36.30999994]
