,scores,centers
0,0.9993707537651062,[34.12699986 36.29799986 21.93599987]
1,0.9914965629577637,[ 6.12699986 22.29799986 11.93599987]
2,0.9897701740264893,[ 8.12699986 32.29799986 27.93599987]
