,scores,centers
0,0.9986999034881592,[67.38399887 -9.16500092 56.11899948]
1,0.9987289309501648,[ 73.38399887 -31.16500092  42.11899948]
