,scores,centers
0,0.9990125894546509,[50.54100037 35.31200027  5.70599937]
1,0.9964044094085693,[28.54100037 47.31200027 13.70599937]
2,0.9970192909240723,[54.54100037 31.31200027 25.70599937]
