,scores,centers
0,0.9992639422416687,[-14.07699966  15.01499939   2.47499847]
1,0.9950464963912964,[ 5.92300034 15.01499939 10.47499847]
