,scores,centers
0,0.9995585083961487,[ -2.14100075 -32.84600067  27.0739975 ]
1,0.9990090131759644,[35.85899925  3.15399933  1.0739975 ]
2,0.9987978935241699,[ 43.85899925 -50.84600067  15.0739975 ]
