,scores,centers
0,0.9989323019981384,[40.63500023 13.07299995 70.51499939]
