,scores,centers
0,0.9991732239723206,[13.05500031 31.01799965 21.50600052]
1,0.9990898370742798,[13.05500031 33.01799965 21.50600052]
