,scores,centers
0,0.9998080134391785,[19.75699997 54.39799881 41.27899933]
1,0.9990187883377075,[ 9.75699997 64.39799881 33.27899933]
