,scores,centers
0,0.9989719390869141,[ 5.34500122 -1.25799942 16.25699997]
1,0.8127804398536682,[25.34500122 -1.25799942 20.25699997]
