,scores,centers
0,0.9962981343269348,[ 14.01499939 101.98999786  36.03199959]
1,0.9958662986755371,[-7.98500061 95.98999786 18.03199959]
2,0.9974473714828491,[-13.98500061 101.98999786  46.03199959]
3,0.9892829656600952,[ -1.98500061 113.98999786  48.03199959]
