,scores,centers
0,0.999340832233429,[13.19799995 36.16900015 35.35999966]
