,scores,centers
0,0.9981513619422913,[56.14000034 39.35400009  9.82400131]
1,0.9755502343177795,[42.14000034 25.35400009  1.82400131]
2,0.8932976722717285,[46.14000034 17.35400009 15.82400131]
3,0.8939744830131531,[56.14000034 27.35400009 -4.17599869]
4,0.8627266883850098,[22.14000034 31.35400009 19.82400131]
5,0.7299679517745972,[42.14000034 27.35400009 25.82400131]
