,scores,centers
0,0.999032735824585,[-3.41899872  9.8789978  -6.70999908]
1,0.998925507068634,[28.58100128 23.8789978  27.29000092]
