,scores,centers
0,0.9997255206108093,[29.05400085 25.54100037 16.87599945]
1,0.9997287392616272,[13.05400085 53.54100037 22.87599945]
