,scores,centers
0,0.9987226128578186,[27.86600018 57.88499832 47.43499947]
1,0.9598891735076904,[ 7.86600018 55.88499832 49.43499947]
