,scores,centers
0,0.9970536231994629,[ 1.49993896e-02 -2.26300049e+00  7.29700012e+01]
1,0.99846351146698,[ 16.01499939 -16.26300049  50.97000122]
2,0.9980456829071045,[-11.98500061  21.73699951  78.97000122]
