,scores,centers
0,0.9986369013786316,[22.56100082 11.24900055 21.26399994]
