,scores,centers
0,0.9995673298835754,[12.76399994  3.73799896 57.85400009]
1,0.9994434714317322,[12.76399994  5.73799896 25.85400009]
