,scores,centers
0,0.9994922876358032,[19.73400021 64.125      53.69199944]
