,scores,centers
0,0.9960076808929443,[ 9.10700035  2.20299911 23.95700073]
1,0.9370854496955872,[27.10700035 10.20299911 17.95700073]
2,0.7156407833099365,[-0.89299965 -9.79700089 15.95700073]
3,0.8976722359657288,[31.10700035 -1.79700089 17.95700073]
4,0.7431662678718567,[17.10700035  0.20299911  1.95700073]
