,scores,centers
0,0.9978456497192383,[34.45199966 16.31599998 31.53199959]
1,0.9882426857948303,[32.45199966 16.31599998 25.53199959]
2,0.986578106880188,[18.45199966 24.31599998 11.53199959]
3,0.9442435503005981,[28.45199966 30.31599998 19.53199959]
4,0.685702383518219,[18.45199966 12.31599998 17.53199959]
5,0.926506757736206,[26.45199966 14.31599998 31.53199959]
