,scores,centers
0,0.9994195699691772,[45.37100029 96.72599792 -3.73899841]
1,0.9908750057220459,[ 35.37100029 108.72599792   2.26100159]
2,0.9759707450866699,[ 35.37100029  98.72599792 -11.73899841]
3,0.957403838634491,[ 57.37100029 108.72599792  -7.73899841]
4,0.5919612050056458,[ 57.37100029 104.72599792 -23.73899841]
