,scores,centers
0,0.9997597336769104,[51.45600128  9.3219986  21.44000244]
