,scores,centers
0,0.9984466433525085,[49.59799957  0.96199989 35.74399996]
1,0.9186501502990723,[43.59799957  0.96199989 27.74399996]
2,0.7575156092643738,[43.59799957  4.96199989 33.74399996]
