,scores,centers
0,0.9995924830436707,[22.48699951 10.45800018 76.0369997 ]
1,0.9996100068092346,[38.48699951 32.45800018 46.0369997 ]
2,0.9981064796447754,[10.48699951 32.45800018 56.0369997 ]
