,scores,centers
0,0.9994617104530334,[101.19599915  74.36399841  62.05900002]
