,scores,centers
0,0.9993125200271606,[60.6629982  45.81699944 33.15600014]
1,0.9973658919334412,[58.6629982  49.81699944 13.15600014]
2,0.9891758561134338,[58.6629982  63.81699944 25.15600014]
