,scores,centers
0,0.9989252686500549,[ 9.71699905 34.04400015 20.61400032]
1,0.9639793634414673,[-0.28300095 20.04400015 20.61400032]
