,scores,centers
0,0.9987494945526123,[19.7840004   5.27099991 37.70899963]
1,0.9853454232215881,[ 7.7840004   3.27099991 61.70899963]
2,0.9867070913314819,[ 19.7840004  -16.72900009  33.70899963]
