,scores,centers
0,0.9990456700325012,[23.86400032 16.77099991 93.79399872]
