,scores,centers
0,0.9956721067428589,[36.78299999 25.87899971 24.32900047]
1,0.9850364923477173,[40.78299999 17.87899971 44.32900047]
2,0.9354615211486816,[42.78299999 49.87899971 36.32900047]
3,0.8716740012168884,[26.78299999 35.87899971 38.32900047]
4,0.8904163241386414,[50.78299999 31.87899971 42.32900047]
