,scores,centers
0,0.995557963848114,[20.65100002 -4.4090004  35.52099991]
1,0.9745727777481079,[20.65100002 21.5909996  35.52099991]
2,0.9571611285209656,[24.65100002 -2.4090004  19.52099991]
3,0.7601776719093323,[10.65100002  3.5909996  21.52099991]
4,0.8867681622505188,[36.65100002  7.5909996  39.52099991]
