,scores,centers
0,0.9989162683486938,[87.71700287 -4.49599838 38.53499985]
1,0.9979331493377686,[111.71700287 -18.49599838  26.53499985]
2,0.952536404132843,[ 89.71700287 -26.49599838  44.53499985]
