,scores,centers
0,0.9992978572845459,[20.60000038 94.83399963 50.35899925]
1,0.9987119436264038,[26.60000038 78.83399963 40.35899925]
2,0.9912465214729309,[26.60000038 96.83399963 68.35899925]
