,scores,centers
0,0.9996540546417236,[54.62400055 51.10900021 46.18899918]
