,scores,centers
0,0.9995338916778564,[75.74900055 55.18000031 19.47200012]
1,0.9990742206573486,[ 93.74900055   7.18000031 -30.52799988]
