,scores,centers
0,0.9994661211967468,[-17.40200043  -4.51200104  67.06699944]
