,scores,centers
0,0.9990109205245972,[12.22999954  4.31100082 22.06999969]
1,0.9981934428215027,[ 26.22999954 -15.68899918  24.06999969]
