,scores,centers
0,0.99960857629776,[26.87400055 61.55800009 56.15299988]
