,scores,centers
0,0.9972242116928101,[74.85400009 18.04100037 11.37100029]
1,0.9991750121116638,[48.85400009 28.04100037 15.37100029]
