,scores,centers
0,0.9991078972816467,[11.29100037 20.24099922  3.32600021]
1,0.998036801815033,[11.29100037  4.24099922 27.32600021]
