,scores,centers
0,0.9991724491119385,[11.93600082  5.69000244 43.08599997]
1,0.9952486157417297,[21.93600082 -2.30999756 63.08599997]
2,0.9970718622207642,[-0.06399918  1.69000244 17.08599997]
