,scores,centers
0,0.9990609288215637,[36.76599979 60.1780014  81.07800293]
1,0.9957685470581055,[42.76599979 74.1780014  97.07800293]
