,scores,centers
0,0.9940073490142822,[41.12899971 29.76799965 -4.2159996 ]
1,0.9921402335166931,[31.12899971 39.76799965 13.7840004 ]
2,0.9787566661834717,[21.12899971 33.76799965  7.7840004 ]
3,0.6429735422134399,[23.12899971 35.76799965 -8.2159996 ]
4,0.6999582648277283,[27.12899971 43.76799965  1.7840004 ]
