,scores,centers
0,0.9993784427642822,[17.625       8.2140007  34.70400047]
