,scores,centers
0,0.999394416809082,[68.18999863 14.53300095 -2.94100189]
1,0.9963288903236389,[74.18999863  0.53300095 15.05899811]
