,scores,centers
0,0.9995365142822266,[13.17099953 78.625      26.17700005]
1,0.9882014393806458,[ 3.17099953 66.625      34.17700005]
2,0.9393941164016724,[-6.82900047 64.625      14.17700005]
3,0.8014264702796936,[-2.82900047 76.625      12.17700005]
