,scores,centers
0,0.9966248273849487,[17.1420002  36.05999947 19.20600033]
1,0.7349969744682312,[21.1420002  46.05999947 11.20600033]
2,0.6051093339920044,[ 9.1420002  42.05999947 11.20600033]
