,scores,centers
0,0.9983739852905273,[71.46600008 55.32800007 50.74200058]
1,0.9984365105628967,[25.46600008 43.32800007 22.74200058]
2,0.9963095784187317,[25.46600008 89.32800007 32.74200058]
