,scores,centers
0,0.9980879426002502,[-1.60000038 -2.85899925  7.06800079]
1,0.9924842715263367,[6.39999962 3.14100075 9.06800079]
2,0.9795122742652893,[ 0.39999962 -6.85899925  3.06800079]
3,0.8426418900489807,[-9.60000038 11.14100075  9.06800079]
