,scores,centers
0,0.9985861778259277,[45.67700005 41.6420002  39.47999954]
1,0.9983065128326416,[ 53.67700005 101.6420002   33.47999954]
2,0.9983178377151489,[43.67700005 81.6420002  49.47999954]
