,scores,centers
0,0.997744083404541,[13.18099976  0.22200012 22.39999962]
1,0.9963114857673645,[ 19.18099976 -15.77799988  20.39999962]
2,0.9932821989059448,[ 5.18099976 20.22200012 22.39999962]
3,0.9610535502433777,[27.18099976  6.22200012 30.39999962]
