,scores,centers
0,0.9978949427604675,[57.32300186 23.6960001  31.38300037]
1,0.9892188906669617,[71.32300186 11.6960001  35.38300037]
2,0.7584789991378784,[67.32300186 21.6960001   9.38300037]
3,0.9708097577095032,[57.32300186 27.6960001  45.38300037]
4,0.6496574282646179,[75.32300186  3.6960001  11.38300037]
