,scores,centers
0,0.9965187311172485,[21.25300026 -4.69300079 34.76500034]
1,0.9923819899559021,[35.25300026 17.30699921 26.76500034]
2,0.8606355786323547,[15.25300026 -4.69300079 26.76500034]
3,0.6360564827919006,[15.25300026 13.30699921 38.76500034]
