,scores,centers
0,0.9991362690925598,[-64.          47.22999954 -32.01499939]
1,0.9972991347312927,[-42.          49.22999954 -16.01499939]
2,0.9958683252334595,[-24.          25.22999954 -18.01499939]
