,scores,centers
0,0.9986904263496399,[40.85999966 39.82199955 83.68799973]
