,scores,centers
0,0.9990954399108887,[ 14.27400017  47.07299995 -47.98400116]
1,0.9885975122451782,[ -3.72599983  43.07299995 -35.98400116]
