,scores,centers
0,0.9995455145835876,[35.55800056 -4.42499924  8.90699959]
1,0.9986684322357178,[ 7.55800056 49.57500076 14.90699959]
2,0.9985750913619995,[21.55800056 21.57500076  4.90699959]
