,scores,centers
0,0.9738168120384216,[12.46299982 33.25899982 39.00900078]
1,0.5285493731498718,[34.46299982 33.25899982 39.00900078]
