,scores,centers
0,0.9992603659629822,[ 61.10200119 101.36399841 119.10400009]
