,scores,centers
0,0.9989012479782104,[ 2.31900024 -0.94400024 11.48200035]
1,0.9992455244064331,[ 2.31900024  1.05599976 11.48200035]
