,scores,centers
0,0.9988287091255188,[-15.69799805  18.4369998   42.24099922]
1,0.9938912391662598,[-1.69799805 38.4369998  48.24099922]
