,scores,centers
0,0.9989039897918701,[49.74099922  0.97599983 35.69999981]
1,0.9541059136390686,[61.74099922 10.97599983 37.69999981]
2,0.46532347798347473,[45.74099922 18.97599983 21.69999981]
3,0.9547948837280273,[43.74099922  2.97599983 31.69999981]
