,scores,centers
0,0.9996222257614136,[ 9.64799976 23.29400015 35.90200043]
1,0.9807563424110413,[31.64799976 25.29400015 37.90200043]
