,scores,centers
0,0.9993870258331299,[-0.23400116 27.47200012  8.85499954]
1,0.9785933494567871,[19.76599884 27.47200012 24.85499954]
2,0.9645702242851257,[ 3.76599884 27.47200012 42.85499954]
