,scores,centers
0,0.9959107637405396,[15.85099983  9.9640007  12.39500046]
1,0.9988512992858887,[13.85099983 39.9640007  14.39500046]
2,0.9993427395820618,[31.85099983 -4.0359993   2.39500046]
