,scores,centers
0,0.9998019337654114,[27.97900009 11.76099968 34.55200005]
