,scores,centers
0,0.9988766312599182,[-3.94000244  2.27000046 15.13500023]
1,0.9976102113723755,[ 4.05999756 -5.72999954  5.13500023]
2,0.9829508662223816,[-13.94000244   4.27000046  29.13500023]
3,0.44082754850387573,[-21.94000244  -9.72999954  13.13500023]
