,scores,centers
0,0.9995038509368896,[44.01399994 38.18300056 22.39400005]
1,0.999380350112915,[16.01399994 16.18300056 32.39400005]
2,0.9966501593589783,[40.01399994 18.18300056 22.39400005]
3,0.992051362991333,[22.01399994 28.18300056 16.39400005]
