,scores,centers
0,0.9993065595626831,[17.33300018  8.50499916 34.50499916]
