,scores,centers
0,0.9991744160652161,[-8.87200165 15.90299988 30.13199997]
1,0.9992631077766418,[-8.87200165 15.90299988 28.13199997]
2,0.9620583057403564,[-2.87200165 11.90299988 42.13199997]
3,0.5158872604370117,[-0.87200165 29.90299988 42.13199997]
4,0.7337691783905029,[-10.87200165  13.90299988  18.13199997]
