,scores,centers
0,0.9991446733474731,[ 7.66799927 -2.79700089 15.29800034]
1,0.8459627628326416,[23.66799927  5.20299911 23.29800034]
2,0.8506272435188293,[13.66799927 -0.79700089 27.29800034]
