,scores,centers
0,0.9996908903121948,[ 1.76100159 79.02000046 98.62799835]
1,0.9983073472976685,[-6.23899841 81.02000046 78.62799835]
