,scores,centers
0,0.9983125925064087,[54.01599979 39.37699986  9.77700043]
1,0.9731859564781189,[42.01599979 25.37699986  1.77700043]
2,0.9721839427947998,[34.01599979 31.37699986  9.77700043]
3,0.899400532245636,[44.01599979 17.37699986 17.77700043]
4,0.8644012808799744,[56.01599979 27.37699986 -4.22299957]
5,0.7094988822937012,[42.01599979 27.37699986 25.77700043]
6,0.8521470427513123,[22.01599979 31.37699986 19.77700043]
