,scores,centers
0,0.9993428587913513,[ 74.27700043 -25.98400116  62.12199974]
1,0.9937574863433838,[ 68.27700043 -25.98400116  62.12199974]
2,0.9123544096946716,[ 60.27700043 -19.98400116  74.12199974]
3,0.8648744821548462,[ 52.27700043 -25.98400116  68.12199974]
4,0.42415711283683777,[ 62.27700043 -39.98400116  72.12199974]
