,scores,centers
0,0.9991070628166199,[ 82.27199936  51.44099998 -12.57899857]
1,0.9563905000686646,[ 98.27199936  41.44099998 -30.57899857]
