,scores,centers
0,0.9994602799415588,[50.51500034 25.24500084 55.12800026]
1,0.9992470741271973,[42.51500034  9.24500084 65.12800026]
2,0.9959569573402405,[70.51500034 39.24500084 61.12800026]
