,scores,centers
0,0.9985249638557434,[16.01300049 -0.29899979  1.35400009]
