,scores,centers
0,0.9855904579162598,[265.73399353 263.84899902 190.99000549]
1,0.7760859727859497,[265.73399353 255.84899902 198.99000549]
2,0.6867114901542664,[271.73399353 253.84899902 210.99000549]
3,0.6718582510948181,[287.73399353 253.84899902 224.99000549]
4,0.4657760560512543,[291.73399353 245.84899902 214.99000549]
5,0.40349307656288147,[275.73399353 241.84899902 212.99000549]
