,scores,centers
0,0.9995355606079102,[70.56499958 42.66699982  8.38600159]
1,0.9987941980361938,[ 44.56499958  66.66699982 -31.61399841]
