,scores,centers
0,0.9993696808815002,[ 9.79100037 -8.83399963  3.47699738]
1,0.9955416321754456,[  1.79100037 -32.83399963   1.47699738]
