,scores,centers
0,0.9994297623634338,[10.16500092 14.65000153 -1.99300003]
1,0.999332845211029,[ 4.16500092 12.65000153 46.00699997]
2,0.9985287189483643,[ 6.16500092 -5.34999847 24.00699997]
