,scores,centers
0,0.9946164488792419,[19.26599979 14.61699963 23.0739994 ]
1,0.9209582209587097,[ 5.26599979 12.61699963 19.0739994 ]
2,0.8265048861503601,[ 9.26599979 18.61699963 15.0739994 ]
3,0.4057271182537079,[21.26599979 22.61699963  5.0739994 ]
