,scores,centers
0,0.9920939803123474,[-5.6780014  34.77099991 19.01300049]
1,0.9850164651870728,[ 6.3219986  30.77099991 25.01300049]
2,0.8336429595947266,[ 2.3219986  30.77099991  3.01300049]
