,scores,centers
0,0.9992535710334778,[-5.25699997 12.42499924  6.37400055]
1,0.9894523620605469,[-19.25699997  -1.57500076  14.37400055]
2,0.6185859441757202,[-15.25699997  34.42499924  12.37400055]
3,0.5196908116340637,[-23.25699997  24.42499924  12.37400055]
