,scores,centers
0,0.9994097948074341,[ 15.11700058  33.95800018 -17.81500244]
1,0.9987548589706421,[31.11700058 55.95800018 14.18499756]
2,0.9893218278884888,[31.11700058 37.95800018  4.18499756]
3,0.9294581413269043,[29.11700058 55.95800018 -9.81500244]
