,scores,centers
0,0.9995177984237671,[19.45200014 11.67700005 33.07600021]
1,0.9860675930976868,[33.45200014 25.67700005 35.07600021]
2,0.4057560861110687,[23.45200014 21.67700005 47.07600021]
