,scores,centers
0,0.9989218711853027,[27.50699997 35.39700031  4.82299805]
1,0.9991119503974915,[17.50699997 27.39700031 38.82299805]
2,0.9991270899772644,[25.50699997 45.39700031 20.82299805]
