,scores,centers
0,0.9984514713287354,[32.60000038 14.69999981  8.32500076]
1,0.9977414608001709,[58.60000038 22.69999981 28.32500076]
