,scores,centers
0,0.9987725615501404,[51.59700012 53.63999939 -6.55500031]
1,0.9959331154823303,[51.59700012 37.63999939 13.44499969]
2,0.9832331538200378,[57.59700012 53.63999939 15.44499969]
