,scores,centers
0,0.9988852143287659,[54.86199951 19.64699936  6.68199921]
