,scores,centers
0,0.956196129322052,[-9.34499931 -3.74900055 -5.27600098]
1,0.9626458883285522,[-5.34499931 -1.74900055 -5.27600098]
2,0.6849119663238525,[ 8.65500069  4.25099945 16.72399902]
3,0.6358295679092407,[ 0.65500069 -9.74900055  4.72399902]
