,scores,centers
0,0.9990574717521667,[  6.20299911 -38.47899628  23.02600098]
1,0.9991187453269958,[ 2.20299911 -2.47899628 15.02600098]
