,scores,centers
0,0.9997329115867615,[25.61800003 40.10599995 16.18999863]
1,0.9984084963798523,[23.61800003 26.10599995 38.18999863]
