,scores,centers
0,0.9901392459869385,[-7.91500092 21.31999969  2.81299973]
1,0.920479953289032,[-15.91500092   9.31999969  10.81299973]
2,0.7482573986053467,[-11.91500092   7.31999969  -1.18700027]
3,0.8189835548400879,[-3.91500092 13.31999969 10.81299973]
