,scores,centers
0,0.999122679233551,[51.49499989 -0.59199905 23.46699905]
1,0.9986371397972107,[73.49499989  7.40800095 19.46699905]
2,0.998573899269104,[25.49499989  5.40800095 17.46699905]
