,scores,centers
0,0.9969946146011353,[16.47299957 27.36999989  7.38299942]
1,0.9867923259735107,[ 12.47299957  11.36999989 -12.61700058]
2,0.9021356701850891,[ 8.47299957 41.36999989 -0.61700058]
