,scores,centers
0,0.9967843294143677,[65.0929985  38.53499985 23.02000046]
1,0.9935775995254517,[73.0929985  48.53499985 17.02000046]
2,0.9851402640342712,[61.0929985  42.53499985 15.02000046]
