,scores,centers
0,0.9993023872375488,[-0.58399963 28.26000023 44.91799927]
1,0.9987103939056396,[-2.58399963 30.26000023 44.91799927]
2,0.9377612471580505,[ 5.41600037 16.26000023 36.91799927]
