,scores,centers
0,0.9994367957115173,[-9.00268555e-03  2.92930002e+01  1.53199997e+01]
1,0.9900250434875488,[-8.00900269 33.29300022 33.31999969]
