,scores,centers
0,0.9993258714675903,[  1.97400093 -19.07699966 -11.52700043]
1,0.9918843507766724,[ 27.97400093   8.92300034 -15.52700043]
2,0.9933717250823975,[19.97400093 -9.07699966  8.47299957]
3,0.4416462779045105,[ 9.97400093 18.92300034 -9.52700043]
