,scores,centers
0,0.999544084072113,[  2.57099915   3.35800171 -15.3429985 ]
1,0.9941321015357971,[20.57099915 -8.64199829  8.6570015 ]
