,scores,centers
0,0.9990888833999634,[  1.66699982  -1.50600052 -64.76499939]
1,0.9988970756530762,[ 11.66699982   8.49399948 -42.76499939]
2,0.9984084963798523,[-10.33300018  12.49399948 -28.76499939]
