,scores,centers
0,0.9996440410614014,[64.39599991 36.3760004  88.78099823]
1,0.997283935546875,[56.39599991 28.3760004  94.78099823]
2,0.9948807954788208,[58.39599991 20.3760004  96.78099823]
