,scores,centers
0,0.9993259906768799,[ 5.39900017 31.         16.11299896]
1,0.9938691258430481,[-0.60099983 19.         20.11299896]
2,0.6923446655273438,[11.39900017 39.         -1.88700104]
3,0.6343861818313599,[25.39900017 41.         22.11299896]
4,0.5179418325424194,[23.39900017 49.         18.11299896]
