,scores,centers
0,0.853874146938324,[20.54599953 20.39900017  5.20699978]
1,0.982207715511322,[22.54599953 14.39900017 23.20699978]
2,0.6209233999252319,[10.54599953  6.39900017 11.20699978]
