,scores,centers
0,0.9986441731452942,[54.91799927 57.98999977 20.32800007]
1,0.9984769225120544,[56.91799927 39.98999977 12.32800007]
2,0.9110268950462341,[70.91799927 49.98999977  8.32800007]
3,0.9165850877761841,[76.91799927 37.98999977 28.32800007]
4,0.9735469222068787,[56.91799927 53.98999977 34.32800007]
