,scores,centers
0,0.999561607837677,[-1.93799973 53.09700012 -0.52300262]
1,0.9989677667617798,[30.06200027 35.09700012  1.47699738]
