,scores,centers
0,0.9995566010475159,[12.31599998 18.87099981 12.38000011]
1,0.999311089515686,[18.31599998 26.87099981 38.38000011]
2,0.9990546107292175,[14.31599998 32.87099981 64.38000011]
