,scores,centers
0,0.9995792508125305,[23.83199978 14.82999992 77.72600174]
1,0.9530959129333496,[37.83199978  8.82999992 73.72600174]
