,scores,centers
0,0.9997045397758484,[96.0340004  17.40200043 -2.99099731]
1,0.9988988637924194,[100.0340004   43.40200043  11.00900269]
