,scores,centers
0,0.9972943663597107,[53.46800041  0.92200089 35.74800014]
1,0.9442234635353088,[43.46800041  0.92200089 27.74800014]
2,0.5809971690177917,[43.46800041  4.92200089 33.74800014]
