,scores,centers
0,0.9994866847991943,[-57.94000244  80.49399948  61.41899967]
1,0.9996176958084106,[-33.94000244  84.49399948  47.41899967]
2,0.9994603991508484,[-63.94000244  60.49399948  47.41899967]
