,scores,centers
0,0.9994328618049622,[ 17.45199966 -11.34500122  21.74399948]
1,0.9918832778930664,[17.45199966  4.65499878 33.74399948]
2,0.9808568954467773,[27.45199966  2.65499878 23.74399948]
3,0.8205052614212036,[ 9.45199966 -5.34500122  5.74399948]
