,scores,centers
0,0.9991568326950073,[19.41600037 32.26000023 15.33400011]
1,0.9993535876274109,[-0.58399963 28.26000023 45.33400011]
2,0.9712636470794678,[ 5.41600037 16.26000023 37.33400011]
