,scores,centers
0,0.9990053772926331,[ 4.36300087  1.36199951 14.45600033]
1,0.824616551399231,[20.36300087  7.36199951 20.45600033]
2,0.713766872882843,[ 8.36300087 11.36199951 22.45600033]
