,scores,centers
0,0.9989368319511414,[22.33499908  6.29199982 26.64599991]
1,0.9989759922027588,[18.33499908 20.29199982 14.64599991]
2,0.9988716244697571,[32.33499908 26.29199982 22.64599991]
