,scores,centers
0,0.9986249208450317,[  1.17000008 -30.82400131  51.16399956]
1,0.9966561794281006,[ 13.17000008 -28.82400131  23.16399956]
2,0.6485701203346252,[-4.82999992 -8.82400131 41.16399956]
