,scores,centers
0,0.9994136095046997,[ 94.30400085 -16.35599899  31.86199951]
1,0.9995207786560059,[84.30400085 -4.35599899 -4.13800049]
2,0.9969475865364075,[ 88.30400085 -24.35599899  13.86199951]
3,0.992553174495697,[114.30400085  -0.35599899  25.86199951]
