,scores,centers
0,0.9989109039306641,[20.53100014 33.8030014  54.60099983]
