,scores,centers
0,0.9913280606269836,[24.96600008 14.39500046 25.56700039]
1,0.909451425075531,[14.96600008 26.39500046 23.56700039]
2,0.4163750410079956,[26.96600008 28.39500046 37.56700039]
3,0.44240596890449524,[32.96600008 24.39500046 35.56700039]
