,scores,centers
0,0.9987977743148804,[-4.48600006  4.45899963 13.25099945]
1,0.9984170198440552,[ 3.51399994 -5.54100037  7.25099945]
2,0.9806929230690002,[ 3.51399994 -3.54100037 25.25099945]
3,0.7326419353485107,[-10.48600006   4.45899963  29.25099945]
