,scores,centers
0,0.9969633221626282,[42.1590004   9.89400101 -9.28300095]
1,0.9890766143798828,[34.1590004  17.89400101 -5.28300095]
2,0.9303426742553711,[ 34.1590004   23.89400101 -17.28300095]
3,0.9134408831596375,[ 68.1590004    3.89400101 -17.28300095]
4,0.8593361973762512,[ 52.1590004   11.89400101 -17.28300095]
