,scores,centers
0,0.9996328353881836,[ -9.63899994 -13.63199997  32.97999954]
1,0.999692440032959,[30.36100006  2.36800003  2.97999954]
2,0.99092698097229,[30.36100006 10.36800003 26.97999954]
