,scores,centers
0,0.9992380142211914,[ 5.03499985  3.70600128 65.86199951]
1,0.9989977478981018,[  7.03499985 -12.29399872  41.86199951]
