,scores,centers
0,0.9779413938522339,[ 0.53699875 66.06800079 25.69999981]
1,0.9653759002685547,[10.53699875 56.06800079 33.69999981]
2,0.6515952944755554,[ 4.53699875 64.06800079 37.69999981]
3,0.6898483633995056,[20.53699875 58.06800079 27.69999981]
