,scores,centers
0,0.9984022974967957,[53.50099945  0.95800018 35.68499994]
1,0.8972554206848145,[43.50099945  2.95800018 31.68499994]
