,scores,centers
0,0.9997174143791199,[ 8.85099983 39.84700012  4.23300171]
1,0.9191603064537048,[30.85099983 31.84700012 -1.76699829]
