,scores,centers
0,0.9993259906768799,[-11.18399811  67.34600067 172.102005  ]
1,0.9893863201141357,[ -7.18399811  73.34600067 150.102005  ]
2,0.9902267456054688,[ -1.18399811  83.34600067 156.102005  ]
3,0.9766571521759033,[-27.18399811  71.34600067 166.102005  ]
