,scores,centers
0,0.9988020658493042,[-1.93000031 20.0079999  44.56299973]
1,0.9997149109840393,[12.06999969 28.0079999  28.56299973]
2,0.9996057152748108,[-17.93000031  20.0079999   52.56299973]
