,scores,centers
0,0.9916331768035889,[49.32799911 22.13700008 41.57099915]
1,0.9869109392166138,[45.32799911 18.13700008 51.57099915]
2,0.9501837491989136,[35.32799911 10.13700008 55.57099915]
3,0.8973243236541748,[29.32799911  8.13700008 37.57099915]
4,0.8164316415786743,[41.32799911  4.13700008 41.57099915]
5,0.7308032512664795,[35.32799911 22.13700008 31.57099915]
