,scores,centers
0,0.9802108407020569,[53.44300079 30.31900024 46.47800064]
1,0.9398331642150879,[53.44300079 16.31900024 38.47800064]
2,0.6215981841087341,[49.44300079 38.31900024 26.47800064]
3,0.7719154953956604,[49.44300079 42.31900024 36.47800064]
4,0.45433562994003296,[41.44300079 30.31900024 38.47800064]
