,scores,centers
0,0.9994145631790161,[15.12599945 26.421       0.89999962]
1,0.987654983997345,[25.12599945 34.421      16.89999962]
