,scores,centers
0,0.9967008233070374,[49.95899963 22.33600044 41.60400009]
1,0.9916242957115173,[41.95899963 18.33600044 51.60400009]
2,0.8638102412223816,[49.95899963  8.33600044 51.60400009]
3,0.7075019478797913,[35.95899963  8.33600044 55.60400009]
4,0.433916836977005,[31.95899963  8.33600044 39.60400009]
