,scores,centers
0,0.9984815716743469,[40.46899986 13.11400032 69.02099991]
