,scores,centers
0,0.9626134037971497,[14.17299986 32.80500031  7.39500046]
1,0.9168450832366943,[14.17299986 30.80500031  7.39500046]
2,0.9286773800849915,[34.17299986 34.80500031  5.39500046]
3,0.4059372544288635,[18.17299986 34.80500031 -0.60499954]
