,scores,centers
0,0.9992951154708862,[30.52499962  2.04700089 51.07900047]
