,scores,centers
0,0.9995648264884949,[66.61299896 34.96399975 19.85300064]
1,0.9774991273880005,[60.61299896 28.96399975  7.85300064]
2,0.9561077356338501,[78.61299896 52.96399975 15.85300064]
