,scores,centers
0,0.9955529570579529,[ 15.43000031  37.4279995  130.0039978 ]
1,0.9955611228942871,[ -8.56999969  45.4279995  148.0039978 ]
2,0.9869065284729004,[35.43000031 33.4279995  92.0039978 ]
