,scores,centers
0,0.9993782043457031,[18.89400101 17.92399979 34.86999989]
1,0.9944814443588257,[10.89400101 13.92399979 38.86999989]
2,0.942642331123352,[ 4.89400101 13.92399979 50.86999989]
3,0.5962967872619629,[16.89400101 23.92399979 52.86999989]
4,0.5381479859352112,[ 0.89400101 23.92399979 54.86999989]
