,scores,centers
0,0.9975106716156006,[-13.1230011   11.42399979  41.95499992]
1,0.9950581789016724,[12.8769989   5.42399979 53.95499992]
