,scores,centers
0,0.9982535243034363,[ 79.97000122  65.87099838 -54.47100067]
1,0.9540757536888123,[ 85.97000122  75.87099838 -40.47100067]
2,0.44881099462509155,[ 71.97000122  75.87099838 -54.47100067]
