,scores,centers
0,0.9982920289039612,[16.16999817  9.22999954  2.92200089]
1,0.9784194231033325,[34.16999817 15.22999954  2.92200089]
2,0.9956640601158142,[ 2.16999817 27.22999954 20.92200089]
