,scores,centers
0,0.9990671277046204,[26.35900021  6.09199905 47.02700043]
1,0.9988535642623901,[26.35900021 22.09199905 37.02700043]
2,0.9991890788078308,[ 34.35900021 -11.90800095  59.02700043]
