,scores,centers
0,0.9993599057197571,[  1.01300049  21.48099995 132.2559967 ]
1,0.9992846846580505,[ -6.98699951  45.48099995 154.2559967 ]
