,scores,centers
0,0.9978641867637634,[56.61700058  2.90499878 20.13099957]
1,0.9963505268096924,[62.61700058  0.90499878 36.13099957]
