,scores,centers
0,0.999538779258728,[ 4.90499878 29.36600018 23.68400002]
1,0.999202311038971,[-7.09500122 53.36600018 23.68400002]
