,scores,centers
0,0.9994550347328186,[ 54.57799911  -2.09400177 219.78199768]
1,0.9822284579277039,[ 50.57799911  -6.09400177 271.78199768]
