,scores,centers
0,0.9988806843757629,[ 6.46999931  7.29599953 -5.72400093]
1,0.9845201373100281,[ 2.46999931 -2.70400047 -9.72400093]
2,0.8824730515480042,[ 0.46999931 -0.70400047 12.27599907]
3,0.720475435256958,[-11.53000069  -2.70400047  -5.72400093]
