,scores,centers
0,0.9991212487220764,[33.40799999 11.81399918 -5.07799911]
1,0.9988120794296265,[19.40799999  3.81399918 12.92200089]
2,0.9883779883384705,[17.40799999  7.81399918 -3.07799911]
