,scores,centers
0,0.9991626739501953,[-9.07099915 16.49300003 27.08500004]
1,0.9992140531539917,[-11.07099915  16.49300003  29.08500004]
2,0.5419110655784607,[-3.07099915 22.49300003 45.08500004]
3,0.42223045229911804,[-27.07099915  18.49300003  17.08500004]
