,scores,centers
0,0.9979214072227478,[30.27200031  7.01099968 38.9460001 ]
1,0.9684983491897583,[44.27200031 -6.98900032 24.9460001 ]
