,scores,centers
0,0.9996423721313477,[ 49.66899967  54.80500031 125.40299988]
