,scores,centers
0,0.99936443567276,[-3.60900116  3.49399948 13.30699921]
1,0.9950852990150452,[-19.60900116 -14.50600052  31.30699921]
