,scores,centers
0,0.998838484287262,[47.00699997 33.51200008 -1.09700012]
1,0.9996064305305481,[17.00699997 21.51200008 10.90299988]
