,scores,centers
0,0.9955281615257263,[-0.49500084 -0.02199936 11.14400005]
1,0.970392107963562,[-2.49500084  9.97800064 19.14400005]
2,0.9375803470611572,[11.50499916  1.97800064 27.14400005]
3,0.9253323674201965,[17.50499916 13.97800064 15.14400005]
