,scores,centers
0,0.9986693859100342,[75.9659996  17.88399887 11.14999962]
1,0.9994588494300842,[49.9659996  25.88399887 13.14999962]
