,scores,centers
0,0.9990682005882263,[57.58399963 10.52700043 25.2750001 ]
1,0.527141273021698,[59.58399963 -9.47299957 27.2750001 ]
