,scores,centers
0,0.9986341595649719,[49.70599937  1.         36.15899992]
1,0.6191866397857666,[45.70599937 19.         22.15899992]
