,scores,centers
0,0.9994760155677795,[ 1.6289978   5.92399979 64.80500031]
1,0.9994527697563171,[11.6289978   9.92399979 32.80500031]
