,scores,centers
0,0.9980828762054443,[15.93000031 20.02700043  5.21500015]
1,0.886304497718811,[ 17.93000031  16.02700043 -16.78499985]
