,scores,centers
0,0.9993693232536316,[22.12400055 26.42099953  4.15099907]
1,0.9993776679039001,[30.12400055 12.42099953 38.15099907]
