,scores,centers
0,0.9987409710884094,[20.20699978 24.16600037 34.70699978]
1,0.9987051486968994,[12.20699978 20.16600037 56.70699978]
2,0.9906401634216309,[26.20699978 28.16600037 16.70699978]
