,scores,centers
0,0.9990276098251343,[16.11499977  2.99099922 16.08099937]
1,0.9780074954032898,[  6.11499977 -13.00900078  28.08099937]
