,scores,centers
0,0.9976193308830261,[29.17500019 19.04199982 -2.61199951]
1,0.9972792267799377,[19.17500019 25.04199982 21.38800049]
2,0.9421326518058777,[31.17500019  7.04199982 15.38800049]
3,0.9499719738960266,[41.17500019 25.04199982 17.38800049]
4,0.7045968770980835,[45.17500019 39.04199982  3.38800049]
