,scores,centers
0,0.9994553923606873,[ 8.16799927  5.40600014 54.16399956]
1,0.9924782514572144,[  0.16799927 -12.59399986  52.16399956]
2,0.9937026500701904,[ 26.16799927 -10.59399986  44.16399956]
3,0.6179854869842529,[ 14.16799927 -10.59399986  32.16399956]
