,scores,centers
0,0.9987452030181885,[ 6.89900017  8.65399933 28.30500031]
1,0.9979009628295898,[-5.10099983 28.65399933 12.30500031]
2,0.9871301054954529,[ 6.89900017 20.65399933 36.30500031]
