,scores,centers
0,0.9997096657752991,[ 0.63500214 33.0369997  31.7130003 ]
1,0.9956941604614258,[-13.36499786  43.0369997   15.7130003 ]
