,scores,centers
0,0.9992197751998901,[9.19900131 9.54800034 2.19200134]
1,0.99883633852005,[-4.80099869 -8.45199966 -7.80799866]
2,0.9924324750900269,[ 25.19900131 -10.45199966   4.19200134]
