,scores,centers
0,0.9994686245918274,[-11.83399963   8.75699997  25.82299995]
1,0.9992703795433044,[-25.83399963  20.75699997  21.82299995]
