,scores,centers
0,0.9985830783843994,[33.23400021 14.03700066 11.71700001]
1,0.5962796807289124,[37.23400021 26.03700066 17.71700001]
