,scores,centers
0,0.9978085160255432,[ 32.01399994   5.87400055 -10.8429985 ]
1,0.9983148574829102,[ 52.01399994 -16.12599945 -24.8429985 ]
2,0.9981374740600586,[ 44.01399994  19.87400055 -22.8429985 ]
