,scores,centers
0,0.9993821382522583,[22.9090004  14.37299919 39.34899998]
1,0.9907868504524231,[24.9090004  -3.62700081 27.34899998]
2,0.5460466742515564,[48.9090004  -5.62700081 43.34899998]
3,0.9951415061950684,[16.9090004  14.37299919 43.34899998]
