,scores,centers
0,0.9991544485092163,[38.95800018 21.03999996 41.70299911]
1,0.9957938194274902,[32.95800018 43.03999996 45.70299911]
2,0.9206116795539856,[ 46.95800018  25.03999996 -12.29700089]
