,scores,centers
0,0.9974386692047119,[58.85200024 42.52900028  4.17699814]
1,0.9983850717544556,[40.85200024 42.52900028 20.17699814]
2,0.9981200098991394,[ 98.85200024  62.52900028 -13.82300186]
