,scores,centers
0,0.9987205266952515,[  0.87000084 -13.27199936  -1.73799896]
1,0.9887575507164001,[10.87000084 -3.27199936 -3.73799896]
2,0.9447312355041504,[  0.87000084  -7.27199936 -21.73799896]
3,0.9775553941726685,[  2.87000084 -23.27199936 -13.73799896]
