,scores,centers
0,0.9992151260375977,[ 4.61499977 16.28000021 38.77400017]
1,0.987586498260498,[ 2.61499977 22.28000021 22.77400017]
2,0.9621115326881409,[ 6.61499977 38.28000021 38.77400017]
3,0.9705002307891846,[-1.38500023 24.28000021 50.77400017]
4,0.5950069427490234,[20.61499977 28.28000021 30.77400017]
