,scores,centers
0,0.9627184867858887,[ 52.62800026  80.01100159 -16.63600159]
1,0.8047594428062439,[54.62800026 70.01100159 -0.63600159]
2,0.8863197565078735,[48.62800026 84.01100159 -2.63600159]
3,0.5817615389823914,[ 60.62800026  60.01100159 -12.63600159]
