,scores,centers
0,0.9990586638450623,[ 49.43200016 -26.52999878   0.66300011]
1,0.955606997013092,[ 21.43200016 -46.52999878   0.66300011]
2,0.9960265159606934,[ 35.43200016 -32.52999878  10.66300011]
3,0.9087943434715271,[ 35.43200016 -18.52999878  14.66300011]
