,scores,centers
0,0.9987602233886719,[49.70499992 15.9659996  21.66699982]
1,0.9988100528717041,[47.70499992 15.9659996  21.66699982]
2,0.6930232048034668,[57.70499992 21.9659996  31.66699982]
