,scores,centers
0,0.9785470366477966,[14.6780014   6.19400024  5.56599998]
1,0.8982610702514648,[4.6780014  0.19400024 5.56599998]
