,scores,centers
0,0.997083842754364,[67.06900024 43.90999985  7.2480011 ]
1,0.9982576966285706,[59.06900024 41.90999985 21.2480011 ]
2,0.9526571035385132,[81.06900024 35.90999985 15.2480011 ]
3,0.7895859479904175,[45.06900024 33.90999985  7.2480011 ]
