,scores,centers
0,0.9991543292999268,[-1.22100067 -2.5530014  19.72599983]
