,scores,centers
0,0.9994032382965088,[46.53199959 47.90999985 10.99399948]
1,0.9945886135101318,[66.53199959 37.90999985 12.99399948]
2,0.7659382224082947,[76.53199959 49.90999985  2.99399948]
