,scores,centers
0,0.9990241527557373,[ 5.47500038 -2.00300026 17.03299999]
1,0.9885972142219543,[ 7.47500038 -2.00300026 21.03299999]
