,scores,centers
0,0.9984468817710876,[ 11.28300095 -15.1230011    8.9980011 ]
1,0.9945297837257385,[ -2.71699905 -13.1230011   -5.0019989 ]
