,scores,centers
0,0.9987258315086365,[58.0890007  56.13000011 17.18099976]
1,0.9980946183204651,[78.0890007  38.13000011 17.18099976]
2,0.9974992871284485,[72.0890007  44.13000011 35.18099976]
