,scores,centers
0,0.9991344809532166,[-33.1570015   15.68600082  21.03900003]
1,0.9960552453994751,[-35.1570015   19.68600082  35.03900003]
2,0.7906654477119446,[-25.1570015   -2.31399918  35.03900003]
3,0.8164716958999634,[-35.1570015   17.68600082  39.03900003]
4,0.5734667778015137,[-19.1570015   -6.31399918  25.03900003]
