,scores,centers
0,0.9982812404632568,[ -1.84000015  30.37599945 -11.03300095]
1,0.9968972206115723,[12.15999985 18.37599945 -7.03300095]
2,0.9900588393211365,[ -9.84000015  10.37599945 -21.03300095]
3,0.8573166131973267,[-7.84000015 20.37599945  6.96699905]
