,scores,centers
0,0.9994432330131531,[-18.89300156 -31.74300003  21.24800014]
1,0.991872251033783,[-12.89300156 -13.74300003  31.24800014]
