,scores,centers
0,0.9989827275276184,[67.09799957 71.95100021 38.64500046]
1,0.9995551705360413,[41.09799957 87.95100021 48.64500046]
