,scores,centers
0,0.9989495873451233,[50.68499994  0.69400024 22.30500031]
1,0.9981020092964172,[72.68499994  8.69400024 16.30500031]
2,0.997803270816803,[26.68499994  6.69400024 18.30500031]
