,scores,centers
0,0.9989840388298035,[-19.62099838  24.53399992  23.24399948]
1,0.9925345182418823,[ 4.37900162 28.53399992 19.24399948]
2,0.9459815621376038,[-15.62099838  18.53399992  33.24399948]
