,scores,centers
0,0.999370276927948,[-1.79100037 30.70800018 33.10599995]
1,0.996218740940094,[ 4.20899963 46.70800018 13.10599995]
2,0.9862521290779114,[ 4.20899963 48.70800018 39.10599995]
3,0.9590765237808228,[24.20899963 30.70800018 31.10599995]
4,0.8275700807571411,[-5.79100037 28.70800018  7.10599995]
