,scores,centers
0,0.9994352459907532,[36.62400055 44.93100023 38.625     ]
1,0.9994814991950989,[-9.37599945 40.93100023 24.625     ]
