,scores,centers
0,0.9989803433418274,[16.20999908  9.11000061  4.07600021]
1,0.9991897940635681,[14.20999908  9.11000061  4.07600021]
