,scores,centers
0,0.9994614720344543,[-9.72299957  0.38800049 17.12100029]
1,0.9839052557945251,[-15.72299957  -3.61199951   1.12100029]
