,scores,centers
0,0.9994224309921265,[15.24099731 15.93500042 21.50300026]
1,0.9984909296035767,[-12.75900269  27.93500042  33.50300026]
