,scores,centers
0,0.9989190101623535,[51.14400005 14.95000076 16.25899887]
1,0.998580813407898,[25.14400005 10.95000076 26.25899887]
