,scores,centers
0,0.9989432692527771,[ 3.08100128 20.72000027 23.83899975]
1,0.9980850219726562,[11.08100128 14.72000027 21.83899975]
2,0.9724657535552979,[ 5.08100128 24.72000027  7.83899975]
