,scores,centers
0,0.9996140599250793,[18.27700043  9.77300072  7.99100113]
1,0.9896613359451294,[4.27700043 5.77300072 3.99100113]
