,scores,centers
0,0.9981179237365723,[40.92800045 37.49300003 32.96099997]
1,0.9885059595108032,[22.92800045 43.49300003 22.96099997]
2,0.8816978931427002,[30.92800045 27.49300003 14.96099997]
