,scores,centers
0,0.9989758729934692,[11.8920002   1.06900024 -9.81100082]
1,0.7480155825614929,[19.8920002   3.06900024 14.18899918]
