,scores,centers
0,0.9995380640029907,[-9.15599823 55.16900063 19.88700008]
1,0.9955248832702637,[-11.15599823  43.16900063  41.88700008]
