,scores,centers
0,0.9988283514976501,[18.77000046  0.20399857  5.22500038]
1,0.9975341558456421,[ 18.77000046 -23.79600143   3.22500038]
2,0.9978830218315125,[  4.77000046 -19.79600143   7.22500038]
