,scores,centers
0,0.9990049004554749,[46.20300007 59.56399918  4.44200134]
1,0.9954929351806641,[22.20300007 47.56399918 16.44200134]
2,0.9966469407081604,[32.20300007 61.56399918  4.44200134]
3,0.7282513380050659,[40.20300007 53.56399918 20.44200134]
