,scores,centers
0,0.9990712404251099,[84.80099869 37.23700047 16.95800018]
1,0.9503637552261353,[94.80099869 57.23700047 28.95800018]
2,0.9691625833511353,[84.80099869 47.23700047 38.95800018]
3,0.609909176826477,[88.80099869 41.23700047  4.95800018]
