,scores,centers
0,0.9905017614364624,[31.80800009 55.9070015  53.00300026]
1,0.9968255758285522,[19.80800009 79.9070015  79.00300026]
2,0.9979079961776733,[37.80800009 75.9070015  57.00300026]
