,scores,centers
0,0.9994341731071472,[-27.72900009   7.38100052 -14.09500122]
