,scores,centers
0,0.9993985891342163,[-2.89100075 -6.05599976 25.64000034]
1,0.9987209439277649,[ -0.89100075 -10.05599976  37.64000034]
2,0.9987483024597168,[11.10899925 -6.05599976 27.64000034]
