,scores,centers
0,0.9982543587684631,[15.90100002 20.14400005  5.43799973]
1,0.8810817003250122,[13.90100002  8.14400005 -2.56200027]
2,0.5398973226547241,[25.90100002 32.14400005  5.43799973]
