,scores,centers
0,0.9980345368385315,[-4.47900009  3.05800056 14.88899994]
1,0.9990090131759644,[ 5.52099991 -6.94199944  6.88899994]
2,0.9646185040473938,[ -4.47900009 -10.94199944  24.88899994]
3,0.973609209060669,[-14.47900009   5.05800056  28.88899994]
4,0.9370576739311218,[-16.47900009 -10.94199944  30.88899994]
