,scores,centers
0,0.9931958913803101,[41.58399963 43.33400011 15.90600014]
1,0.994115948677063,[25.58399963 13.33400011 37.90600014]
2,0.9519069790840149,[23.58399963 25.33400011 27.90600014]
