,scores,centers
0,0.9970346689224243,[ 6.70899963  0.44200134 10.81900024]
1,0.9800604581832886,[ 0.70899963 14.44200134 22.81900024]
