,scores,centers
0,0.9993461966514587,[ 26.23400021 -22.3030014   51.05300045]
1,0.9822869896888733,[ 32.23400021 -12.3030014   43.05300045]
2,0.8969877362251282,[40.23400021 -0.3030014  23.05300045]
