,scores,centers
0,0.9997466206550598,[29.61499977  0.35699844 -9.60400009]
1,0.9997015595436096,[29.61499977 -1.64300156 -7.60400009]
