,scores,centers
0,0.9992979764938354,[32.92500019 47.94199991 73.34700012]
