,scores,centers
0,0.9977297186851501,[-23.13700104  27.76300049 -87.09899902]
1,0.9824831485748291,[-25.13700104  17.76300049 -87.09899902]
2,0.5839513540267944,[ -9.13700104  19.76300049 -89.09899902]
3,0.8819193840026855,[-27.13700104  11.76300049 -97.09899902]
