,scores,centers
0,0.9989404082298279,[33.97700024 35.33600044  9.83399963]
1,0.9963376522064209,[29.97700024 23.33600044 27.83399963]
2,0.9361963868141174,[41.97700024 15.33600044  9.83399963]
3,0.8509729504585266,[35.97700024  7.33600044 13.83399963]
