,scores,centers
0,0.9983356595039368,[19.8390007  -6.3390007  22.44900131]
1,0.979774534702301,[ 21.8390007  -12.3390007    4.44900131]
2,0.9698948264122009,[ 5.8390007  15.6609993  34.44900131]
