,scores,centers
0,0.9988700747489929,[36.06700039 -3.63800049 23.79299927]
1,0.9877556562423706,[20.06700039  0.36199951 -0.20700073]
2,0.970637321472168,[36.06700039 18.36199951 17.79299927]
