,scores,centers
0,0.9995823502540588,[ 16.32099915 -11.56900024  21.33600044]
1,0.992300271987915,[12.32099915 -1.56900024 35.33600044]
2,0.9580602645874023,[28.32099915  2.43099976 21.33600044]
3,0.980774462223053,[ 4.32099915  0.43099976 11.33600044]
