,scores,centers
0,0.9991528987884521,[46.47999954  8.21800041 42.34200001]
