,scores,centers
0,0.9995428323745728,[ 11.98500061 120.23899841   7.23200226]
1,0.9997411370277405,[  7.98500061  92.23899841 -36.76799774]
