,scores,centers
0,0.9972763657569885,[-30.5890007   76.57800007  31.39599991]
1,0.9979338645935059,[ 7.4109993  38.57800007 -4.60400009]
2,0.9864407181739807,[27.4109993   4.57800007 -0.60400009]
