,scores,centers
0,0.9990378618240356,[-7.97900009 81.26800156 47.92599869]
1,0.9990118741989136,[-11.97900009  57.26800156   1.92599869]
2,0.9967641830444336,[-7.97900009 69.26800156 81.92599869]
