,scores,centers
0,0.9993103742599487,[25.73900032 26.82500076 28.6970005 ]
