,scores,centers
0,0.9985291957855225,[-23.85800171  44.76799965  -3.81399918]
1,0.98759925365448,[-25.85800171  60.76799965   6.18600082]
2,0.9773882627487183,[-5.85800171 54.76799965 12.18600082]
