,scores,centers
0,0.9993314743041992,[26.59700012 -8.55799866 25.63599968]
1,0.9639990329742432,[ 14.59700012 -26.55799866  29.63599968]
2,0.8866205811500549,[  4.59700012 -12.55799866  31.63599968]
3,0.948435366153717,[ 12.59700012 -18.55799866   9.63599968]
4,0.42053288221359253,[ 24.59700012 -14.55799866   3.63599968]
