,scores,centers
0,0.9956522583961487,[27.63599968  4.73500061 28.60599995]
1,0.9800997376441956,[33.63599968 -5.26499939 40.60599995]
2,0.8199520707130432,[11.63599968 -7.26499939 18.60599995]
3,0.8386174440383911,[21.63599968 -9.26499939 44.60599995]
