,scores,centers
0,0.9984622001647949,[51.5909996  53.74600029 -6.50600052]
1,0.9947754144668579,[53.5909996  37.74600029 13.49399948]
2,0.9824480414390564,[57.5909996  53.74600029 15.49399948]
