,scores,centers
0,0.9993783235549927,[ 9.27499962 24.51300049 32.72700024]
1,0.9806770086288452,[29.27499962 22.51300049 56.72700024]
2,0.9680289626121521,[13.27499962 20.51300049 56.72700024]
