,scores,centers
0,0.9953588843345642,[13.59199905 43.52799988 33.09299994]
1,0.9861761927604675,[17.59199905 37.52799988 21.09299994]
2,0.8494038581848145,[-0.40800095 41.52799988 37.09299994]
