,scores,centers
0,0.9992272853851318,[11.00799942 52.85199928 86.54299927]
1,0.9994508624076843,[31.00799942 48.85199928 82.54299927]
