,scores,centers
0,0.9983966946601868,[ 7.49699974 49.59700012 16.44400024]
1,0.9959511756896973,[33.49699974 43.59700012 -7.55599976]
2,0.9334941506385803,[27.49699974 29.59700012 -1.55599976]
3,0.978238582611084,[21.49699974 33.59700012 16.44400024]
4,0.7048843502998352,[ 7.49699974 55.59700012 30.44400024]
5,0.939057469367981,[37.49699974 51.59700012  8.44400024]
