,scores,centers
0,0.994411289691925,[32.09800005 56.08800125 53.16699982]
1,0.9951747059822083,[20.09800005 80.08800125 77.16699982]
2,0.9980424642562866,[36.09800005 76.08800125 59.16699982]
