,scores,centers
0,0.9985406398773193,[27.96500015 18.8210001  19.81500053]
1,0.9977340698242188,[43.96500015 24.8210001  23.81500053]
2,0.9927127957344055,[19.96500015 12.8210001  33.81500053]
3,0.9825133085250854,[43.96500015 30.8210001  37.81500053]
4,0.977506160736084,[45.96500015 12.8210001  37.81500053]
5,0.8847417235374451,[19.96500015 18.8210001   5.81500053]
