,scores,centers
0,0.9998249411582947,[  8.19799995 -25.47999954  36.92399979]
1,0.9165606498718262,[ 14.19799995 -21.47999954  44.92399979]
2,0.961982786655426,[ 18.19799995 -23.47999954  40.92399979]
3,0.43670374155044556,[ 18.19799995 -27.47999954  54.92399979]
