,scores,centers
0,0.999103307723999,[ 16.44000053  44.29300022 -21.83200073]
1,0.9992192983627319,[ 16.44000053  42.29300022 -21.83200073]
