,scores,centers
0,0.9990150928497314,[40.45899963 -0.15200043  5.67399979]
1,0.9880187511444092,[48.45899963 23.84799957 25.67399979]
2,0.9917473793029785,[58.45899963  9.84799957  5.67399979]
3,0.9933611154556274,[58.45899963  1.84799957 21.67399979]
