,scores,centers
0,0.9991455078125,[24.82499981 15.47900009  7.06900024]
1,0.9990235567092896,[24.82499981  9.47900009  9.06900024]
