,scores,centers
0,0.999202311038971,[22.06699944 96.84600067 51.99399948]
1,0.9990159273147583,[26.06699944 78.84600067 41.99399948]
