,scores,centers
0,0.9976677298545837,[46.10300016 26.31500006  8.89599991]
1,0.9652673006057739,[28.10300016 48.31500006  6.89599991]
2,0.946175754070282,[20.10300016 66.31500006 14.89599991]
3,0.9085425734519958,[30.10300016 72.31500006  0.89599991]
