,scores,centers
0,0.9987961053848267,[22.61100006 15.93599987 46.11999989]
1,0.9961813688278198,[18.61100006 13.93599987 32.11999989]
2,0.9428080320358276,[16.61100006 39.93599987 42.11999989]
