,scores,centers
0,0.9991440773010254,[-16.59999847  38.12699986  12.56399918]
1,0.9953480362892151,[-8.59999847 50.12699986 -9.43600082]
