,scores,centers
0,0.9875782132148743,[14.02400017 42.15999985 19.329     ]
1,0.9799169898033142,[18.02400017 54.15999985 35.329     ]
2,0.7950901985168457,[ 4.02400017 50.15999985 17.329     ]
3,0.6292914748191833,[16.02400017 30.15999985 35.329     ]
