,scores,centers
0,0.9991956353187561,[31.8409996  44.55000019 43.67300034]
1,0.9974728226661682,[21.8409996  26.55000019 37.67300034]
2,0.9913434982299805,[39.8409996  40.55000019  1.67300034]
