,scores,centers
0,0.9988771080970764,[35.07600021 19.55099869 37.07800007]
1,0.9947516322135925,[35.07600021 21.55099869 61.07800007]
2,0.9900156855583191,[27.07600021 23.55099869 77.07800007]
