,scores,centers
0,0.9930319786071777,[36.62800026 57.61700058 -9.29199982]
1,0.994016170501709,[36.62800026 51.61700058  8.70800018]
2,0.9519733190536499,[50.62800026 47.61700058 12.70800018]
3,0.9765768647193909,[52.62800026 51.61700058 -3.29199982]
4,0.6319765448570251,[42.62800026 35.61700058  0.70800018]
