,scores,centers
0,0.9957733750343323,[ 14.48099899 -14.04899979  14.23799992]
1,0.987037181854248,[28.48099899 -0.04899979 22.23799992]
2,0.9765374660491943,[ 28.48099899 -14.04899979  36.23799992]
