,scores,centers
0,0.9915624260902405,[ 1.46100044 -0.01499939 12.95100021]
1,0.9327437877655029,[17.46100044 13.98500061 14.95100021]
2,0.9391881823539734,[-0.53899956  7.98500061 20.95100021]
