,scores,centers
0,0.9992979764938354,[-7.18499756 78.73899841 67.81800079]
