,scores,centers
0,0.9989404082298279,[ 7.8769989  -4.33099937 13.26499939]
1,0.9906229376792908,[17.8769989   9.66900063 25.26499939]
2,0.8656255006790161,[-0.1230011   9.66900063 15.26499939]
3,0.9502090811729431,[17.8769989  -8.33099937  1.26499939]
