,scores,centers
0,0.9995282888412476,[57.39500046 24.38800049 32.35900116]
1,0.9981448650360107,[33.39500046 20.38800049 20.35900116]
2,0.9989768266677856,[25.39500046 -1.61199951 16.35900116]
3,0.9479244351387024,[7.39500046 4.38800049 0.35900116]
