,scores,centers
0,0.9996496438980103,[28.65100002 31.85500002 20.51000023]
1,0.9895748496055603,[22.65100002 35.85500002 28.51000023]
2,0.992660403251648,[20.65100002 35.85500002 24.51000023]
3,0.8515211939811707,[34.65100002 27.85500002 52.51000023]
