,scores,centers
0,0.9991798996925354,[ 1.13800049 50.88399982 23.80500031]
1,0.9992318153381348,[ -0.86199951  60.88399982 -28.19499969]
2,0.994690477848053,[-0.86199951 34.88399982 35.80500031]
3,0.4417596161365509,[-18.86199951  20.88399982 -72.19499969]
