,scores,centers
0,0.9983305335044861,[-23.79000092 -21.94499969  18.55799866]
1,0.9957472681999207,[-17.79000092 -35.94499969  12.55799866]
2,0.9819793701171875,[ -7.79000092 -27.94499969  -3.44200134]
3,0.9736801385879517,[ -5.79000092 -25.94499969  16.55799866]
