,scores,centers
0,0.997044026851654,[20.14900017 40.04999924 28.4090004 ]
1,0.9472103714942932,[26.14900017 50.04999924 20.4090004 ]
