,scores,centers
0,0.9982380867004395,[ 4.06200027 -2.37799835  2.49799919]
1,0.9882816672325134,[ -7.93799973 -20.37799835  16.49799919]
2,0.967649519443512,[ 10.06200027 -12.37799835  24.49799919]
