,scores,centers
0,0.9987196922302246,[21.71299934 16.03700018 19.17700005]
1,0.9942982792854309,[21.71299934 34.03700018 33.17700005]
2,0.9792279601097107,[ 5.71299934 24.03700018  7.17700005]
