,scores,centers
0,0.9992040991783142,[26.80500031 69.7329998  10.7859993 ]
