,scores,centers
0,0.9990480542182922,[-7.61700058 50.95699978 31.23699951]
