,scores,centers
0,0.9969061017036438,[22.55699921  9.29100037  2.56399918]
1,0.9927307963371277,[-3.44300079  9.29100037 30.56399918]
2,0.9965103268623352,[34.55699921  5.29100037 48.56399918]
