,scores,centers
0,0.9996862411499023,[15.2689991  -7.09999847  9.74699974]
1,0.984863817691803,[ 1.2689991  14.90000153  7.74699974]
2,0.447735995054245,[ 7.2689991   4.90000153 -6.25300026]
