,scores,centers
0,0.99869304895401,[137.97399902  30.11100006  -8.00099945]
1,0.999039351940155,[93.97399902 72.11100006 -2.00099945]
2,0.9979422688484192,[117.97399902  58.11100006   3.99900055]
