,scores,centers
0,0.9995399713516235,[15.02199936 78.75299835 25.03299999]
1,0.986700713634491,[-8.97800064 64.75299835 13.03299999]
