,scores,centers
0,0.9986456036567688,[42.61000061 12.26000023  2.86299992]
1,0.9628275632858276,[30.61000061 24.26000023 12.86299992]
2,0.9917562007904053,[44.61000061 10.26000023 18.86299992]
