,scores,centers
0,0.9979327917098999,[10.12800026  5.8579998  23.70199966]
1,0.9955796599388123,[32.12800026 21.8579998  21.70199966]
