,scores,centers
0,0.9988877177238464,[ 31.20800018 127.56800079  23.70800018]
1,0.9982489347457886,[ 31.20800018 131.56800079  33.70800018]
2,0.8728168606758118,[ 15.20800018 133.56800079  49.70800018]
