,scores,centers
0,0.9983305335044861,[30.4460001  90.33899689 21.69799995]
1,0.9975420236587524,[ 24.4460001  112.33899689  27.69799995]
2,0.9977668523788452,[ 30.4460001   94.33899689 -10.30200005]
3,0.9970393776893616,[28.4460001  94.33899689 47.69799995]
