,scores,centers
0,0.9985467791557312,[9.52499962 1.07699966 2.84500122]
1,0.9950516819953918,[ 13.52499962 -18.92300034 -17.15499878]
