,scores,centers
0,0.9979423880577087,[53.65299988  0.9829998  36.13700008]
1,0.9655393958091736,[45.65299988 -5.0170002  26.13700008]
2,0.4802320599555969,[41.65299988 -7.0170002  16.13700008]
