,scores,centers
0,0.9993959665298462,[ 11.49600029 -46.44200134 -14.37599945]
1,0.9993892908096313,[ 23.49600029 -30.44200134 -38.37599945]
2,0.9726152420043945,[ 11.49600029 -36.44200134 -26.37599945]
