,scores,centers
0,0.9991496801376343,[22.30000019 -2.45400047 15.36299896]
1,0.9987196922302246,[58.30000019 25.54599953 31.36299896]
2,0.9979090690612793,[36.30000019 19.54599953 19.36299896]
3,0.9739912748336792,[34.30000019 39.54599953 29.36299896]
4,0.7887246012687683,[ 4.30000019  3.54599953 -0.63700104]
