,scores,centers
0,0.9982547163963318,[28.07399988 13.23999977 44.02700043]
1,0.9909855127334595,[22.07399988 27.23999977 50.02700043]
2,0.9573311805725098,[20.07399988 33.23999977 36.02700043]
