,scores,centers
0,0.998745322227478,[27.85599995 57.95299911 47.3390007 ]
1,0.9788174033164978,[ 7.85599995 55.95299911 49.3390007 ]
2,0.8270695209503174,[11.85599995 59.95299911 63.3390007 ]
