,scores,centers
0,0.9990611672401428,[ 15.07600021   3.70599937 -27.42399979]
1,0.844087541103363,[15.07600021 -6.29400063 -5.42399979]
2,0.7819585204124451,[19.07600021 17.70599937 -9.42399979]
3,0.5073673129081726,[ 27.07600021  -2.29400063 -11.42399979]
4,0.45252254605293274,[  7.07600021  15.70599937 -45.42399979]
