,scores,centers
0,0.9963083863258362,[26.99300003 59.92700005 51.44199944]
1,0.9478741884231567,[46.99300003 53.92700005 69.44199944]
2,0.9060860276222229,[22.99300003 59.92700005 51.44199944]
3,0.8863246440887451,[16.99300003 59.92700005 61.44199944]
4,0.6876397728919983,[42.99300003 45.92700005 59.44199944]
