,scores,centers
0,0.9993816614151001,[19.89400101 17.10099983 17.55099869]
1,0.972389280796051,[ 7.89400101 35.10099983  5.55099869]
2,0.9827080368995667,[25.89400101 -0.89900017 29.55099869]
