,scores,centers
0,0.9859850406646729,[-8.50600052 27.91300011 10.14500046]
1,0.9792176485061646,[11.49399948 21.91300011 16.14500046]
2,0.9094166159629822,[15.49399948 29.91300011 10.14500046]
3,0.7441788911819458,[ 1.49399948 15.91300011  2.14500046]
