,scores,centers
0,0.9994331002235413,[33.78999996 44.09499931  9.70199966]
