,scores,centers
0,0.9987210631370544,[ 3.01499939  2.99900055 16.27299881]
