,scores,centers
0,0.9996709823608398,[27.77899933 20.69099998 22.6989994 ]
