,scores,centers
0,0.999128520488739,[19.57600021 -7.42900085  8.98200035]
1,0.9797689318656921,[15.57600021 14.57099915 18.98200035]
