,scores,centers
0,0.9990593791007996,[ 24.88599968 -14.03900146  24.45299911]
