,scores,centers
0,0.9989031553268433,[-0.96999931 45.09599972 17.01599884]
1,0.9947410821914673,[25.03000069 51.09599972 15.01599884]
2,0.992732584476471,[33.03000069 35.09599972 19.01599884]
