,scores,centers
0,0.9988586902618408,[20.92900085 11.26399994 21.63899994]
1,0.9687772393226624,[10.92900085 23.26399994 15.63899994]
