,scores,centers
0,0.9986628293991089,[33.46500015  5.50799942 10.45999908]
1,0.9988522529602051,[57.46500015 -8.49200058 12.45999908]
2,0.9985929131507874,[ 7.46500015  3.50799942 28.45999908]
