,scores,centers
0,0.9993454813957214,[16.35900116 23.15299988 22.47700024]
1,0.9976812601089478,[ 4.35900116 21.15299988 36.47700024]
2,0.9707028269767761,[14.35900116 31.15299988 68.47700024]
