,scores,centers
0,0.99937504529953,[46.28100014 46.71199989 10.78800011]
1,0.997082531452179,[66.28100014 34.71199989 12.78800011]
2,0.8418735265731812,[76.28100014 50.71199989  2.78800011]
