,scores,centers
0,0.9985765218734741,[68.76200104  2.11499786 39.60499954]
1,0.9944391250610352,[60.76200104  8.11499786  5.60499954]
