,scores,centers
0,0.9986261129379272,[26.69400024 41.71500015  2.66399956]
1,0.9958979487419128,[22.69400024 49.71500015 -1.33600044]
2,0.9574533700942993,[20.69400024 41.71500015 12.66399956]
