,scores,centers
0,0.9990118741989136,[71.09400177 45.60300064 19.22100067]
1,0.9979362487792969,[83.09400177 41.60300064 11.22100067]
