,scores,centers
0,0.9976073503494263,[52.89400005 16.31499863 16.72799969]
1,0.9756451845169067,[78.89400005  6.31499863 20.72799969]
2,0.9649913311004639,[32.89400005 -1.68500137 10.72799969]
