,scores,centers
0,0.996815025806427,[46.375      21.64099884  5.64799881]
1,0.9956400394439697,[ 20.375       13.64099884 -10.35200119]
2,0.9946106672286987,[32.375       5.64099884 15.64799881]
3,0.9935405850410461,[ 34.375       33.64099884 -24.35200119]
