,scores,centers
0,0.9993218183517456,[ 4.9829998  18.76200008 21.16199875]
1,0.9380306005477905,[18.9829998  26.76200008 -2.83800125]
2,0.6448463201522827,[ 8.9829998  30.76200008 -2.83800125]
