,scores,centers
0,0.9991798996925354,[-2.89299774 -1.26499939 27.49499989]
1,0.9970366954803467,[11.10700226 -5.26499939 43.49499989]
2,0.9788782596588135,[-12.89299774   6.73500061  27.49499989]
3,0.8628566861152649,[13.10700226 -5.26499939  1.49499989]
