,scores,centers
0,0.9995355606079102,[49.33100128 94.50999832 37.11000013]
1,0.9995386600494385,[ 11.33100128 100.50999832  29.11000013]
