,scores,centers
0,0.9923661351203918,[30.59799957 24.08100033 69.30899811]
1,0.994850218296051,[32.59799957 40.08100033 63.30899811]
2,0.9450980424880981,[42.59799957 28.08100033 57.30899811]
3,0.5407243967056274,[42.59799957 38.08100033 85.30899811]
4,0.47354423999786377,[32.59799957 28.08100033 89.30899811]
