,scores,centers
0,0.99836665391922,[25.30099964 30.49699974 73.28300095]
1,0.9772799015045166,[19.30099964 42.49699974 61.28300095]
2,0.9792230129241943,[ 9.30099964 38.49699974 69.28300095]
