,scores,centers
0,0.999408483505249,[ 15.95199966 -11.81800079  20.92000008]
1,0.9847020506858826,[11.95199966 -1.81800079 34.92000008]
2,0.9714492559432983,[27.95199966  2.18199921 16.92000008]
3,0.8916565179824829,[ 1.95199966 -1.81800079 32.92000008]
4,0.9195816516876221,[ 9.95199966 -5.81800079  4.92000008]
