,scores,centers
0,0.995314359664917,[ -1.65299988  55.55500031 103.875     ]
1,0.9970126152038574,[ 4.34700012 59.55500031 91.875     ]
2,0.9164373874664307,[-7.65299988 39.55500031 97.875     ]
3,0.8670210242271423,[-1.65299988 45.55500031 87.875     ]
