,scores,centers
0,0.9990940093994141,[ 9.22200012  1.34600067 16.68499994]
1,0.9984346032142639,[11.22200012 21.34600067 26.68499994]
2,0.9709648489952087,[23.22200012 -2.65399933 32.68499994]
