,scores,centers
0,0.9995766282081604,[-18.51300049  84.69499969   1.93700027]
1,0.9994363188743591,[ -6.51300049 102.69499969  21.93700027]
