,scores,centers
0,0.9994924068450928,[44.49499989 35.0710001  23.47000027]
1,0.9995038509368896,[16.49499989 17.0710001  33.47000027]
2,0.9947422742843628,[40.49499989 17.0710001  21.47000027]
3,0.9927142262458801,[22.49499989 29.0710001  17.47000027]
