,scores,centers
0,0.9989570379257202,[ 20.52400017  31.1590004  109.55699921]
1,0.9995125532150269,[14.52400017 53.1590004  69.55699921]
