,scores,centers
0,0.9979149699211121,[-4.60300064  1.91199875 37.78199959]
1,0.998571515083313,[ 3.39699936 11.91199875 47.78199959]
2,0.9925298094749451,[ 9.39699936 -0.08800125 37.78199959]
