,scores,centers
0,0.9989659786224365,[24.06400013 28.95299911 25.42500019]
1,0.9986573457717896,[34.06400013  8.95299911 11.42500019]
2,0.9398859739303589,[26.06400013 20.95299911  9.42500019]
