,scores,centers
0,0.9994097948074341,[12.00600052  6.23400116 25.72099972]
