,scores,centers
0,0.9985382556915283,[-4.53199768  4.11100006 14.13299942]
1,0.9984760880470276,[ 3.46800232 -7.88899994  6.13299942]
2,0.9623366594314575,[-4.53199768 -9.88899994 24.13299942]
3,0.956878662109375,[-16.53199768   6.11100006  30.13299942]
4,0.7699679136276245,[-16.53199768  -7.88899994  32.13299942]
