,scores,centers
0,0.9991938471794128,[25.29300022 86.78499985 18.19000006]
1,0.9991616010665894,[19.29300022 74.78499985 58.19000006]
