,scores,centers
0,0.998449444770813,[16.09200001 21.47799969  7.29100037]
1,0.9230952858924866,[14.09200001 37.47799969 21.29100037]
2,0.5861194133758545,[12.09200001 29.47799969  1.29100037]
