,scores,centers
0,0.9997811913490295,[-9.76699829 -0.58399963 18.08799934]
1,0.9974316954612732,[ 6.23300171 -6.58399963  0.08799934]
2,0.9897156357765198,[14.23300171 17.41600037 10.08799934]
3,0.9724836349487305,[18.23300171  5.41600037 20.08799934]
4,0.9175898432731628,[12.23300171 17.41600037 38.08799934]
