,scores,centers
0,0.9984521865844727,[ 56.69200134 -23.84199905  94.33399963]
1,0.998556911945343,[ 46.69200134 -13.84199905  86.33399963]
