,scores,centers
0,0.9991187453269958,[39.61599922 44.45800018 40.07200003]
