,scores,centers
0,0.9990841150283813,[  1.71999931 -19.46500015 -13.07500076]
1,0.9979791045188904,[11.71999931 -9.46500015  2.92499924]
2,0.9198276400566101,[ 9.71999931 20.53499985 -7.07500076]
