,scores,centers
0,0.9992676377296448,[66.45899963 51.1609993  36.68499947]
1,0.9978419542312622,[76.45899963 27.1609993  40.68499947]
