,scores,centers
0,0.99905925989151,[ 9.40999985 47.37000084 30.58300018]
1,0.9994431138038635,[33.40999985 89.37000084 34.58300018]
