,scores,centers
0,0.9990962743759155,[41.59700012 -4.15800095 20.9640007 ]
1,0.9968677163124084,[ 41.59700012 -28.15800095 -11.0359993 ]
