,scores,centers
0,0.9992617964744568,[42.56200027 84.86199951 87.67100143]
1,0.9995937943458557,[54.56200027 48.86199951 53.67100143]
