,scores,centers
0,0.9995830655097961,[14.73799896 78.80799866 25.13199997]
1,0.961523175239563,[-5.26200104 64.80799866 13.13199997]
2,0.819936990737915,[-3.26200104 76.80799866 13.13199997]
