,scores,centers
0,0.9991728663444519,[-68.40000153   2.02899933   8.92399979]
1,0.995789110660553,[-52.40000153  -3.97100067  26.92399979]
2,0.9778249859809875,[-66.40000153 -15.97100067  30.92399979]
3,0.8993611931800842,[-6.44000015e+01  2.89993286e-02  3.69239998e+01]
4,0.8587169051170349,[-74.40000153   8.02899933  24.92399979]
5,0.535033643245697,[-58.40000153 -19.97100067  12.92399979]
