,scores,centers
0,0.9981879591941833,[-17.31800079   6.56499863  10.16900063]
1,0.9971143007278442,[ 0.68199921  6.56499863 14.16900063]
