,scores,centers
0,0.9975337982177734,[65.33100128 40.32900047 29.32800007]
1,0.994905948638916,[69.33100128 56.32900047 19.32800007]
2,0.993746280670166,[63.33100128 36.32900047 29.32800007]
