,scores,centers
0,0.9996699094772339,[ 18.86100006   6.625      -13.75299835]
1,0.998039186000824,[ -9.13899994  18.625      -11.75299835]
2,0.9944031238555908,[ -9.13899994 -17.375      -33.75299835]
