,scores,centers
0,0.9986931681632996,[-6.83000183 37.32299995 -0.04399872]
1,0.9976462721824646,[ -4.83000183  55.32299995 -10.04399872]
2,0.9780096411705017,[13.16999817 47.32299995  3.95600128]
3,0.9884244203567505,[ 15.16999817  53.32299995 -10.04399872]
4,0.8875331878662109,[-22.83000183  59.32299995   3.95600128]
