,scores,centers
0,0.9989891648292542,[ 2.11800003 48.95100021 43.86899948]
1,0.9310750365257263,[ 2.11800003 40.95100021 41.86899948]
