,scores,centers
0,0.9988150596618652,[79.42700005 15.97100067 11.59700012]
1,0.9991758465766907,[49.42700005 23.97100067 11.59700012]
