,scores,centers
0,0.9980524778366089,[35.40200043  2.37999725 27.54199982]
1,0.9683923721313477,[25.40200043 10.37999725 15.54199982]
2,0.4061013460159302,[39.40200043 12.37999725 15.54199982]
3,0.4007924199104309,[31.40200043  6.37999725  5.54199982]
4,0.5642769932746887,[31.40200043 -9.62000275 27.54199982]
5,0.5792461633682251,[ 31.40200043 -15.62000275  15.54199982]
