,scores,centers
0,0.999091386795044,[126.31999969  26.06100082  37.44699955]
1,0.9991771578788757,[110.31999969  40.06100082  45.44699955]
