,scores,centers
0,0.9997580647468567,[95.88499832 18.57500076 -2.95000076]
1,0.9993826150894165,[99.88499832 44.57500076 11.04999924]
