,scores,centers
0,0.9984652996063232,[-42.90399933  65.83600044 -10.93299866]
1,0.9991371035575867,[-58.90399933  55.83600044  -8.93299866]
2,0.9674084782600403,[-20.90399933  91.83600044 -14.93299866]
