,scores,centers
0,0.9995927214622498,[131.54100037 118.39700317  89.88199997]
1,0.999622106552124,[121.54100037 112.39700317  31.88199997]
