,scores,centers
0,0.9994284510612488,[ 49.88100004  34.42500019 106.74500275]
