,scores,centers
0,0.9995542168617249,[32.87900019 44.45999908 10.875     ]
1,0.9821990132331848,[24.87900019 32.45999908 10.875     ]
