,scores,centers
0,0.9993390440940857,[17.53899956 69.92299986 23.1780014 ]
1,0.9982163310050964,[25.53899956 41.92299986  3.1780014 ]
