,scores,centers
0,0.9995532631874084,[61.17200089 29.19299984 37.85700035]
1,0.9963542222976685,[81.17200089 37.19299984 55.85700035]
2,0.9090993404388428,[87.17200089 29.19299984 33.85700035]
3,0.954209566116333,[55.17200089 47.19299984 51.85700035]
4,0.4455621838569641,[61.17200089 51.19299984 41.85700035]
