,scores,centers
0,0.9990435242652893,[33.49199963 11.90100098 -5.46899986]
1,0.998672604560852,[17.49199963  3.90100098 10.53100014]
2,0.9912591576576233,[17.49199963  7.90100098 -3.46899986]
