,scores,centers
0,0.9985780715942383,[13.77199936 25.67399979  7.3220005 ]
1,0.9639925360679626,[15.77199936 15.67399979  1.3220005 ]
