,scores,centers
0,0.999347984790802,[-0.64699936 21.19099998 22.45300007]
1,0.9960248470306396,[11.35300064 15.19099998 14.45300007]
