,scores,centers
0,0.997748076915741,[53.57600021  1.05400085 35.55100012]
1,0.978603184223175,[43.57600021 -0.94599915 27.55100012]
2,0.8561602830886841,[39.57600021  5.05400085 15.55100012]
3,0.6041874289512634,[49.57600021 17.05400085 21.55100012]
