,scores,centers
0,0.9937117099761963,[ 4.5019989  32.15799999 -1.7329998 ]
1,0.997393012046814,[16.5019989  20.15799999 -1.7329998 ]
2,0.9352275729179382,[  8.5019989   40.15799999 -11.7329998 ]
3,0.8945972323417664,[ 2.5019989  52.15799999 -7.7329998 ]
