,scores,centers
0,0.9975606203079224,[ 38.06899977  58.88100052 134.85800171]
1,0.986562967300415,[ 22.06899977  66.88100052 138.85800171]
2,0.9949106574058533,[20.06899977 52.88100052 94.85800171]
3,0.987371563911438,[ 20.06899977  52.88100052 110.85800171]
4,0.6857969760894775,[ 20.06899977  64.88100052 120.85800171]
