,scores,centers
0,0.9995874762535095,[26.45499992  7.11000061 58.93400002]
1,0.9988687634468079,[42.45499992 23.11000061 22.93400002]
