,scores,centers
0,0.9995511174201965,[14.75099945 14.15499878 42.62100029]
1,0.9973625540733337,[12.75099945 -1.84500122 56.62100029]
