,scores,centers
0,0.9923272728919983,[48.39100075 44.50499916 38.46999979]
1,0.9115535616874695,[64.39100075 54.50499916 16.46999979]
2,0.8217467069625854,[64.39100075 50.50499916 34.46999979]
3,0.8894121646881104,[56.39100075 36.50499916 26.46999979]
