,scores,centers
0,0.9992244243621826,[ 17.43799973  48.22200012 -16.48500061]
1,0.9987555742263794,[17.43799973 38.22200012 41.51499939]
