,scores,centers
0,0.9994432330131531,[41.296      42.13299942 43.86499977]
1,0.9988947510719299,[43.296      52.13299942 69.86499977]
