,scores,centers
0,0.9993022680282593,[47.88899994 46.93299961 11.02400017]
1,0.9976034760475159,[65.88899994 36.93299961 13.02400017]
