,scores,centers
0,0.9989026784896851,[15.98600006  4.81600189 49.2670002 ]
1,0.9990609288215637,[-1.39999390e-02  2.81600189e+00  3.12670002e+01]
2,0.9859909415245056,[31.98600006 -7.18399811 59.2670002 ]
3,0.9180833101272583,[-0.01399994 -9.18399811  9.2670002 ]
