,scores,centers
0,0.9996248483657837,[13.0359993  79.35699844 24.12300014]
1,0.9914407730102539,[ 5.0359993  69.35699844 34.12300014]
2,0.9501914978027344,[-6.9640007  65.35699844 14.12300014]
3,0.8845997452735901,[-6.9640007  71.35699844 18.12300014]
