,scores,centers
0,0.9947943091392517,[10.42300034 37.17500019 -4.18799973]
1,0.7807328701019287,[32.42300034 29.17500019 17.81200027]
