,scores,centers
0,0.9979379773139954,[45.13499832 12.10900021 25.42700005]
1,0.9885793924331665,[55.13499832 24.10900021 25.42700005]
2,0.7160966992378235,[65.13499832 10.10900021 37.42700005]
