,scores,centers
0,0.9985513091087341,[ 3.50799942 65.35199928 57.16799927]
1,0.9989499449729919,[21.50799942 53.35199928 55.16799927]
2,0.9979128241539001,[11.50799942 61.35199928 53.16799927]
