,scores,centers
0,0.9928737878799438,[ 0.65999985 15.65499973 16.61600018]
1,0.9918758869171143,[ 0.65999985 17.65499973 14.61600018]
2,0.9949564337730408,[ 0.65999985 17.65499973 16.61600018]
