,scores,centers
0,0.9989635944366455,[71.10499954 45.65800095 19.28800011]
1,0.9979031085968018,[83.10499954 41.65800095 11.28800011]
