,scores,centers
0,0.9996036887168884,[37.54099989 11.4640007  34.15499973]
1,0.9761204123497009,[25.54099989 11.4640007  52.15499973]
2,0.9882127642631531,[45.54099989 27.4640007  24.15499973]
3,0.40197858214378357,[19.54099989 17.4640007  46.15499973]
4,0.4179583191871643,[13.54099989 11.4640007  36.15499973]
