,scores,centers
0,0.9992332458496094,[-17.09999847 -15.80699921 121.25      ]
1,0.9971997737884521,[  4.90000153 -23.80699921 119.25      ]
2,0.9942558407783508,[ -7.09999847 -27.80699921  99.25      ]
