,scores,centers
0,0.998751163482666,[11.72399902  1.09300041 -8.20199966]
1,0.8549765348434448,[19.72399902  3.09300041 13.79800034]
