,scores,centers
0,0.9993189573287964,[ 71.30199814 -18.37400055  45.61000061]
1,0.9960336089134216,[ 83.30199814 -10.37400055  41.61000061]
2,0.9904749989509583,[ 51.30199814 -22.37400055  51.61000061]
