,scores,centers
0,0.9952731728553772,[107.08100128  43.79699993  14.00600004]
1,0.9850634336471558,[117.08100128  45.79699993  32.00600004]
2,0.9081072211265564,[107.08100128  57.79699993  36.00600004]
3,0.9551510214805603,[89.08100128 65.79699993 28.00600004]
