,scores,centers
0,0.9985153079032898,[29.56200027 37.58300018 63.63500023]
