,scores,centers
0,0.9995762705802917,[40.02199984 31.74599981 46.02099991]
1,0.9153178334236145,[18.02199984 31.74599981 52.02099991]
