,scores,centers
0,0.9981178045272827,[10.21500015  5.74300003 24.09000015]
1,0.9963178634643555,[34.21500015 23.74300003 24.09000015]
