,scores,centers
0,0.9993622899055481,[-5.32600021 13.99200058 47.13399982]
1,0.9649718999862671,[ -5.32600021 -10.00799942  31.13399982]
2,0.9026647806167603,[-3.32600021 -6.00799942 21.13399982]
