,scores,centers
0,0.9993501305580139,[ 13.21999931 -12.10700226  14.28800011]
1,0.9527299404144287,[3.21999931 3.89299774 6.28800011]
2,0.9800021648406982,[ 1.21999931  5.89299774 20.28800011]
