,scores,centers
0,0.9991612434387207,[ 42.51099968  45.78499985 124.44799805]
1,0.9987356066703796,[ 40.51099968  71.78499985 122.44799805]
2,0.9879242181777954,[ 32.51099968  35.78499985 116.44799805]
