,scores,centers
0,0.9995354413986206,[31.37799835 70.91699982 61.53099823]
1,0.9991071820259094,[ 5.37799835 -3.08300018  1.53099823]
2,0.894127368927002,[-10.62200165   4.91699982 -12.46900177]
3,0.8565911054611206,[49.37799835 64.91699982 49.53099823]
