,scores,centers
0,0.9985516667366028,[54.26799965 18.96700001 -1.44000244]
1,0.9811456799507141,[64.26799965 32.96700001 -1.44000244]
2,0.9702941179275513,[54.26799965 36.96700001  4.55999756]
