,scores,centers
0,0.9982839226722717,[10.68099976  0.34000015 14.64800072]
1,0.9986211061477661,[ 2.68099976  8.34000015 -1.35199928]
2,0.9974197149276733,[20.68099976 12.34000015 40.64800072]
