,scores,centers
0,0.998353123664856,[53.97999954 25.13899994 17.40600014]
1,0.9994182586669922,[31.97999954 33.13899994 11.40600014]
2,0.9993829727172852,[67.97999954 33.13899994  1.40600014]
3,0.9993570446968079,[51.97999954  1.13899994 11.40600014]
