,scores,centers
0,0.9636126756668091,[11.83800125 10.27099991  9.4470005 ]
1,0.9336050152778625,[19.83800125 20.27099991 11.4470005 ]
2,0.8925567269325256,[11.83800125  4.27099991 13.4470005 ]
3,0.9834614992141724,[19.83800125 10.27099991 21.4470005 ]
4,0.8635781407356262,[29.83800125 10.27099991  9.4470005 ]
5,0.7113593816757202,[21.83800125  2.27099991  9.4470005 ]
