,scores,centers
0,0.9989033937454224,[11.67700005  8.11599922 23.88800049]
1,0.9975861310958862,[19.67700005 38.11599922 21.88800049]
