,scores,centers
0,0.9992511868476868,[37.21100044  1.01599884 15.16699982]
1,0.9989732503890991,[65.21100044  7.01599884 11.16699982]
2,0.9979536533355713,[ 5.21100044  5.01599884 19.16699982]
