,scores,centers
0,0.9997332692146301,[ 7.33300018 20.704      75.40100098]
1,0.9875988364219666,[27.33300018 22.704      65.40100098]
2,0.8800418376922607,[19.33300018 18.704      51.40100098]
