,scores,centers
0,0.998656153678894,[35.18999958 36.66100025 51.26799965]
1,0.9965937733650208,[41.18999958 38.66100025 37.26799965]
2,0.9908305406570435,[41.18999958 52.66100025 53.26799965]
3,0.7052434086799622,[43.18999958 46.66100025 41.26799965]
4,0.5616491436958313,[55.18999958 34.66100025 49.26799965]
