,scores,centers
0,0.9988493919372559,[ 77.54000092 -14.70299911  33.41100311]
1,0.9969480633735657,[47.54000092 11.29700089 -8.58899689]
