,scores,centers
0,0.9988848567008972,[22.70499992 11.08100128 23.23400021]
1,0.9947286248207092,[18.70499992 23.08100128 27.23400021]
2,0.6716234683990479,[26.70499992 23.08100128 11.23400021]
