,scores,centers
0,0.9993756413459778,[-0.99499893 42.67500019 26.36299896]
1,0.9993411898612976,[-2.99499893 46.67500019 52.36299896]
