,scores,centers
0,0.9991753697395325,[-10.22200012  33.83400011  80.3370018 ]
1,0.9987701773643494,[-12.22200012  33.83400011  82.3370018 ]
2,0.44377416372299194,[-36.22200012  39.83400011  90.3370018 ]
