,scores,centers
0,0.999473512172699,[44.73699951 16.56600189 58.02000046]
1,0.9992979764938354,[ 32.73699951 -11.43399811  62.02000046]
