,scores,centers
0,0.9996013045310974,[24.25       60.93500137 82.73300171]
1,0.9753495454788208,[ 38.25        72.93500137 100.73300171]
