,scores,centers
0,0.998616099357605,[ 36.61100006  48.6960001  104.95999908]
