,scores,centers
0,0.9990474581718445,[-10.65200043  11.1590004   13.56900024]
