,scores,centers
0,0.9993041753768921,[37.05400085 50.42200089 70.88899994]
1,0.9993847608566284,[11.05400085 28.42200089 30.88899994]
2,0.9977460503578186,[ 9.05400085  2.42200089 22.88899994]
3,0.993522584438324,[57.05400085 30.42200089 72.88899994]
