,scores,centers
0,0.9992368221282959,[ 0.57500076  0.9070015  -1.00799942]
1,0.9982694387435913,[ -9.42499924 -15.0929985   22.99200058]
