,scores,centers
0,0.9974581599235535,[-15.47800064  13.11700058  41.57800007]
1,0.9989991784095764,[ 8.52199936  3.11700058 39.57800007]
