,scores,centers
0,0.9987004995346069,[  5.91500092  13.02799988 -50.31800079]
1,0.9983794689178467,[  3.91500092  -8.97200012 -64.31800079]
