,scores,centers
0,0.9995195865631104,[28.60700035 19.49700022 47.52599907]
1,0.994162380695343,[22.60700035 37.49700022 47.52599907]
2,0.9474813938140869,[14.60700035 25.49700022 55.52599907]
