,scores,centers
0,0.9985927939414978,[-1.61799622 64.54899979 47.21500015]
1,0.9977996945381165,[-11.61799622  60.54899979  65.21500015]
2,0.9926971793174744,[12.38200378 34.54899979 43.21500015]
3,0.9903349876403809,[-29.61799622  60.54899979  51.21500015]
