,scores,centers
0,0.999413013458252,[-0.11599922 31.11499977  4.84000015]
1,0.9985878467559814,[ 1.88400078 27.11499977  4.84000015]
2,0.7699918150901794,[13.88400078 19.11499977 10.84000015]
3,0.7827782034873962,[11.88400078 15.11499977 24.84000015]
4,0.8132073879241943,[17.88400078 29.11499977 22.84000015]
