,scores,centers
0,0.9973114728927612,[19.69599915 -4.2859993  23.84600067]
1,0.9886378645896912,[ 5.69599915 15.7140007  35.84600067]
2,0.8829885721206665,[ 21.69599915 -10.2859993    3.84600067]
