,scores,centers
0,0.9993382096290588,[ 9.45000076 29.93700027  9.89099884]
