,scores,centers
0,0.997739315032959,[ 5.67200089 13.58200073 27.74099731]
1,0.9946714043617249,[33.67200089 -4.41799927 11.74099731]
2,0.9815042018890381,[-10.32799911  25.58200073  25.74099731]
