,scores,centers
0,0.9993625283241272,[19.07699966 34.84300041 48.32000017]
1,0.9997357726097107,[27.07699966 50.84300041 68.32000017]
2,0.99935382604599,[15.07699966 36.84300041 22.32000017]
