,scores,centers
0,0.9978224039077759,[24.14099979  0.77400017 47.03100014]
1,0.997428834438324,[42.14099979 -7.22599983 51.03100014]
