,scores,centers
0,0.9991241097450256,[ 21.5170002  -11.69300079   7.50300026]
1,0.9853788614273071,[  5.5170002  -23.69300079  -2.49699974]
2,0.9719604849815369,[  9.5170002  -11.69300079  19.50300026]
3,0.8298630714416504,[ 21.5170002  -27.69300079  21.50300026]
