,scores,centers
0,0.9992145299911499,[15.13600159 15.69799995 21.59899998]
1,0.9961285591125488,[ 5.13600159 39.69799995 35.59899998]
2,0.9986647367477417,[-12.86399841  27.69799995  33.59899998]
3,0.9959734082221985,[-2.86399841  7.69799995 13.59899998]
