,scores,centers
0,0.9992663264274597,[15.20100021 75.1629982  16.32699966]
1,0.9974172115325928,[35.20100021 73.1629982   0.32699966]
2,0.9722461700439453,[-4.79899979 87.1629982  -5.67300034]
3,0.7856294512748718,[ 5.20100021 63.1629982  -5.67300034]
