,scores,centers
0,0.9992640614509583,[ 5.98899841 -8.86500168 39.49099922]
1,0.9903458952903748,[-10.01100159 -26.86500168  55.49099922]
2,0.9954075217247009,[ 11.98899841 -24.86500168  51.49099922]
