,scores,centers
0,0.9966327548027039,[27.66399956 17.61600018 61.80800056]
1,0.9984099864959717,[19.66399956  7.61600018 71.80800056]
2,0.9531012177467346,[13.66399956  9.61600018 45.80800056]
