,scores,centers
0,0.9988717436790466,[23.52000046  2.80900002 11.42900085]
1,0.9908974766731262,[31.52000046 14.80900002 27.42900085]
2,0.9915902018547058,[37.52000046  6.80900002 -4.57099915]
3,0.9364522099494934,[ 3.52000046  4.80900002 15.42900085]
