,scores,centers
0,0.9980366826057434,[ 9.78800011 21.27499962 32.05899811]
1,0.997967541217804,[11.78800011 21.27499962 -9.94100189]
2,0.9943392872810364,[21.78800011 23.27499962 22.05899811]
3,0.9791349172592163,[23.78800011 31.27499962 38.05899811]
4,0.9801336526870728,[ 25.78800011   9.27499962 -13.94100189]
5,0.9507797360420227,[29.78800011 21.27499962 40.05899811]
6,0.9170417189598083,[31.78800011 19.27499962 -3.94100189]
