,scores,centers
0,0.9988006353378296,[11.27000046 34.84800005 23.60099983]
1,0.9958106279373169,[19.27000046 24.84800005 13.60099983]
2,0.9912295341491699,[-4.72999954 24.84800005 11.60099983]
3,0.9217726588249207,[35.27000046 30.84800005 29.60099983]
