,scores,centers
0,0.9992788434028625,[-31.00999832 -78.52700043  64.61500168]
1,0.9990966320037842,[-25.00999832 -58.52700043  86.61500168]
