,scores,centers
0,0.9984681010246277,[ 8.81200027 27.19799995  5.88700104]
1,0.9986706972122192,[28.81200027 15.19799995  9.88700104]
2,0.9813920855522156,[ 8.81200027 11.19799995 15.88700104]
3,0.9571475982666016,[28.81200027 31.19799995  7.88700104]
