,scores,centers
0,0.9993240833282471,[95.34999847 40.43299961 11.08099937]
1,0.9994538426399231,[61.34999847 46.43299961 31.08099937]
