,scores,centers
0,0.9991562366485596,[-1.23100281 27.70499992  8.49600029]
1,0.9882787466049194,[14.76899719 21.70499992 30.49600029]
