,scores,centers
0,0.9995269775390625,[22.30099964 19.17399979 30.56400013]
1,0.995707094669342,[30.30099964 13.17399979 42.56400013]
2,0.8876526951789856,[20.30099964 13.17399979 36.56400013]
