,scores,centers
0,0.9971500039100647,[-0.33200073 23.82499981 14.97000122]
1,0.9944174289703369,[ 9.66799927 19.82499981 10.97000122]
2,0.9737270474433899,[ 3.66799927 33.82499981  4.97000122]
3,0.9663187265396118,[15.66799927 23.82499981 20.97000122]
4,0.6052373647689819,[13.66799927 37.82499981 14.97000122]
5,0.7524353265762329,[ 7.66799927 23.82499981 28.97000122]
6,0.4401831030845642,[ 1.66799927 31.82499981 28.97000122]
