,scores,centers
0,0.9981811046600342,[56.11999989 39.26300001 11.83100128]
1,0.9800465106964111,[34.11999989 31.26300001  9.83100128]
2,0.9776366353034973,[42.11999989 25.26300001  1.83100128]
3,0.8542149662971497,[48.11999989 39.26300001 21.83100128]
4,0.7414072751998901,[42.11999989 19.26300001 17.83100128]
5,0.8604976534843445,[56.11999989 27.26300001 -4.16899872]
6,0.9044789671897888,[22.11999989 31.26300001 19.83100128]
