,scores,centers
0,0.9992259740829468,[33.65699959 34.36900043  8.83600044]
1,0.996061384677887,[ 9.65699959 48.36900043 22.83600044]
2,0.9875378012657166,[49.65699959 42.36900043 -5.16399956]
