,scores,centers
0,0.9989398121833801,[22.34700012 41.42399979 72.76300049]
1,0.9991641044616699,[30.34700012 41.42399979 98.76300049]
