,scores,centers
0,0.998380184173584,[25.84999847 58.1329999  66.44999981]
1,0.998638927936554,[ 3.84999847 32.1329999  42.44999981]
2,0.9983232617378235,[ 7.84999847 52.1329999  42.44999981]
