,scores,centers
0,0.9988414645195007,[-8.85800171 49.2140007  14.35000038]
1,0.9874976873397827,[25.14199829 47.2140007   8.35000038]
2,0.9929026961326599,[-4.85800171 47.2140007  -5.64999962]
