,scores,centers
0,0.9993453621864319,[18.77899981 38.56000042 67.02799988]
1,0.9253654479980469,[38.77899981 34.56000042 69.02799988]
2,0.8843625783920288,[28.77899981 36.56000042 49.02799988]
3,0.8480678200721741,[32.77899981 38.56000042 77.02799988]
4,0.7010615468025208,[14.77899981 44.56000042 47.02799988]
