,scores,centers
0,0.9995051622390747,[49.32900047 94.73799896 36.96899986]
1,0.9995105266571045,[ 11.32900047 100.73799896  28.96899986]
