,scores,centers
0,0.9978006482124329,[55.83599854 53.60800171 21.1780014 ]
1,0.9572992920875549,[55.83599854 73.60800171 25.1780014 ]
2,0.9453707933425903,[49.83599854 77.60800171 15.1780014 ]
3,0.957599937915802,[59.83599854 75.60800171 -0.8219986 ]
