,scores,centers
0,0.9993652701377869,[22.47900009 55.8239975  47.79999924]
1,0.9987567663192749,[ -1.52099991  15.8239975  -14.20000076]
