,scores,centers
0,0.9993359446525574,[ 20.12400055  60.95599937 -19.20800018]
1,0.9989907145500183,[30.12400055 52.95599937 20.79199982]
2,0.9898242354393005,[40.12400055 50.95599937 -5.20800018]
3,0.9876965880393982,[26.12400055 74.95599937 10.79199982]
