,scores,centers
0,0.999075174331665,[21.74300003 95.1210022  51.67300034]
1,0.9981497526168823,[25.74300003 81.1210022  33.67300034]
2,0.9614746570587158,[ 9.74300003 89.1210022  61.67300034]
