,scores,centers
0,0.9975842237472534,[-0.27300072 -5.17300034 41.98600006]
1,0.994744062423706,[13.72699928 -5.17300034 37.98600006]
2,0.976118803024292,[ 3.72699928  4.82699966 51.98600006]
