,scores,centers
0,0.998171329498291,[ 19.65499878 -13.03900146  38.18099976]
1,0.9303650856018066,[ 7.65499878 -7.03900146 22.18099976]
2,0.9593117833137512,[ -0.34500122 -19.03900146  36.18099976]
3,0.9763641357421875,[21.65499878  2.96099854 44.18099976]
