,scores,centers
0,0.9989544153213501,[205.93200684 107.82299805  43.81200027]
1,0.9995419979095459,[187.93200684 125.82299805  31.81200027]
