,scores,centers
0,0.9993327260017395,[32.875      49.17099953 19.82299995]
1,0.9954710006713867,[52.875      59.17099953 37.82299995]
