,scores,centers
0,0.9984710812568665,[18.03299999 -8.76300049 15.        ]
1,0.99115389585495,[ 36.03299999 -14.76300049  27.        ]
2,0.9964138865470886,[28.03299999 -8.76300049 35.        ]
3,0.850959300994873,[12.03299999  9.23699951 27.        ]
