,scores,centers
0,0.9989575147628784,[11.6760006  87.0909996  23.56700134]
1,0.9971465468406677,[  9.6760006  107.0909996   19.56700134]
