,scores,centers
0,0.9985130429267883,[ 6.35099983  6.8239994  37.44700003]
1,0.9985100626945496,[16.35099983  6.8239994  27.44700003]
2,0.9957542419433594,[22.35099983 -3.1760006   9.44700003]
3,0.9324957728385925,[24.35099983 -5.1760006  43.44700003]
4,0.861237645149231,[26.35099983 -9.1760006  29.44700003]
