,scores,centers
0,0.996630847454071,[33.71800041 20.05000019 43.42300034]
1,0.9921109676361084,[49.71800041 38.05000019 49.42300034]
2,0.9822304844856262,[55.71800041 16.05000019 39.42300034]
3,0.8615655303001404,[49.71800041 18.05000019 55.42300034]
4,0.6426690816879272,[29.71800041 32.05000019 49.42300034]
