,scores,centers
0,0.9984620809555054,[ 8.98699951  4.14500046 29.77199936]
1,0.9992408752441406,[12.98699951 20.14500046  5.77199936]
