,scores,centers
0,0.9988313317298889,[10.35499954  9.27899933  1.63299942]
1,0.9995217323303223,[ -5.64500046 -10.72100067  -8.36700058]
2,0.9711568355560303,[20.35499954 -8.72100067  9.63299942]
