,scores,centers
0,0.9979727864265442,[56.50600004 39.27799988  9.71100044]
1,0.9869605302810669,[32.50600004 31.27799988  9.71100044]
2,0.9574625492095947,[42.50600004 25.27799988  1.71100044]
3,0.979688823223114,[20.50600004 31.27799988 19.71100044]
4,0.8382318615913391,[44.50600004 17.27799988 17.71100044]
5,0.8448591232299805,[54.50600004 35.27799988 23.71100044]
