,scores,centers
0,0.9995861649513245,[22.32600021  8.44000244 24.7329998 ]
