,scores,centers
0,0.9989894032478333,[ 7.30500031  4.18099976 47.65700006]
1,0.998695433139801,[19.30500031 -3.81900024 75.65700006]
