,scores,centers
0,0.9981544613838196,[266.96600342  65.93600082 111.51200104]
1,0.9026960134506226,[260.96600342  75.93600082 129.51200104]
2,0.8453143239021301,[276.96600342  65.93600082 137.51200104]
3,0.9636321663856506,[256.96600342  85.93600082 103.51200104]
4,0.4864741265773773,[246.96600342  95.93600082 127.51200104]
5,0.7196334004402161,[234.96600342  87.93600082 123.51200104]
