,scores,centers
0,0.9927917718887329,[31.02700043 26.14499998 86.38999939]
1,0.9872580170631409,[ 27.02700043  26.14499998 114.38999939]
2,0.9149144291877747,[21.02700043 30.14499998 68.38999939]
