,scores,centers
0,0.9990605711936951,[19.55000019 23.74399996 19.43399811]
1,0.9983080625534058,[ 7.55000019 29.74399996 -4.56600189]
