,scores,centers
0,0.9990372657775879,[-4.39399719  3.11700058 15.16899872]
1,0.9985994696617126,[ 5.60600281 -6.88299942  7.16899872]
2,0.9877239465713501,[ 3.60600281 -4.88299942 25.16899872]
3,0.7255274653434753,[-14.39399719   5.11700058  29.16899872]
