,scores,centers
0,0.9995225667953491,[ 3.65200043  8.04999924 70.83899975]
1,0.9992786049842834,[11.65200043 10.04999924 32.83899975]
