,scores,centers
0,0.9995672106742859,[ 41.22200012 114.43999863  22.81599998]
