,scores,centers
0,0.999180018901825,[13.18900013 26.92200089 17.43000031]
1,0.9967441558837891,[11.18900013  4.92200089  7.43000031]
