,scores,centers
0,0.9991594552993774,[ 43.19200039  51.48099995 -24.36399841]
