,scores,centers
0,0.9994956254959106,[16.48699951 39.66900063 62.47000122]
1,0.9884578585624695,[-17.51300049  47.66900063  82.47000122]
2,0.9905313849449158,[-35.51300049  51.66900063  76.47000122]
3,0.984188437461853,[-13.51300049  43.66900063  54.47000122]
