,scores,centers
0,0.9978523254394531,[12.10300064 44.74900055 20.8579998 ]
1,0.993658721446991,[ 2.10300064 58.74900055 42.8579998 ]
2,0.9827815890312195,[12.10300064 42.74900055 42.8579998 ]
3,0.977225124835968,[ 4.10300064 26.74900055 38.8579998 ]
