,scores,centers
0,0.9995846152305603,[-0.40299988 73.30699921 24.63000107]
1,0.9996451139450073,[17.59700012 47.30699921  2.63000107]
