,scores,centers
0,0.9977881908416748,[97.89899826 47.91300011 66.70600128]
1,0.9950827360153198,[73.89899826 43.91300011 76.70600128]
2,0.9772633910179138,[85.89899826 35.91300011 64.70600128]
3,0.91765296459198,[87.89899826 39.91300011 74.70600128]
