,scores,centers
0,0.9990742206573486,[10.13599968 -1.74200058  6.7840004 ]
1,0.9901543855667114,[ 32.13599968 -13.74200058  -3.2159996 ]
2,0.9855616688728333,[32.13599968  6.25799942  8.7840004 ]
3,0.989666223526001,[30.13599968  6.25799942  4.7840004 ]
