,scores,centers
0,0.9993150234222412,[35.81699991 12.63199997 -0.52600098]
1,0.9720867276191711,[31.81699991  0.63199997 15.47399902]
2,0.9583833813667297,[27.81699991 12.63199997  5.47399902]
