,scores,centers
0,0.9993102550506592,[-11.32799911  16.36400032  30.74300003]
1,0.9990273714065552,[-11.32799911  16.36400032  26.74300003]
2,0.8938870429992676,[-17.32799911  16.36400032  28.74300003]
3,0.6309319138526917,[-1.32799911 24.36400032 46.74300003]
