,scores,centers
0,0.9992944002151489,[ 21.02299881 131.57299805  -1.74700165]
