,scores,centers
0,0.9996267557144165,[10.51499939 37.82800007  6.26100159]
1,0.9779801368713379,[30.51499939 31.82800007  8.26100159]
