,scores,centers
0,0.9994335770606995,[-4.62599945 19.76499939 31.35700035]
1,0.9979776740074158,[ 5.37400055 21.76499939 19.35700035]
2,0.9962353110313416,[13.37400055 -0.23500061 21.35700035]
3,0.7185914516448975,[21.37400055 21.76499939 37.35700035]
