,scores,centers
0,0.9991543292999268,[20.95100021 95.16999817 50.00799942]
1,0.9976810216903687,[26.95100021 79.16999817 42.00799942]
