,scores,centers
0,0.9995682835578918,[47.97399998 86.30699921 55.41100025]
1,0.9993664622306824,[19.97399998 98.30699921 45.41100025]
