,scores,centers
0,0.9995385408401489,[47.07500076 37.05200005 23.07299995]
1,0.9953032732009888,[37.07500076 33.05200005 13.07299995]
2,0.9877094030380249,[35.07500076 41.05200005 31.07299995]
