,scores,centers
0,0.9975858926773071,[62.42900085 62.85200119  5.5739975 ]
1,0.9821264147758484,[72.42900085 46.85200119  5.5739975 ]
2,0.9698625802993774,[ 64.42900085  56.85200119 -10.4260025 ]
