,scores,centers
0,0.9985097050666809,[ 9.01799965  9.38599968 37.15400028]
1,0.9801249504089355,[-6.98200035 -2.61400032 29.15400028]
2,0.9843119978904724,[ 1.01799965 -8.61400032 43.15400028]
