,scores,centers
0,0.9979501366615295,[ 0.26499939 61.8029995  24.95199966]
1,0.9896649718284607,[ 4.26499939 47.8029995  -7.04800034]
2,0.9926279187202454,[ 6.26499939 31.8029995  22.95199966]
