,scores,centers
0,0.9992048144340515,[39.42700005 43.02600098 32.52999973]
1,0.9980837106704712,[53.42700005  3.02600098 36.52999973]
