,scores,centers
0,0.9997889399528503,[30.04399967 19.82000017 46.03000069]
1,0.9984673857688904,[26.04399967 37.82000017 46.03000069]
2,0.9498535394668579,[10.04399967 27.82000017 50.03000069]
