,scores,centers
0,0.99969482421875,[ 10.41799927   8.75900078 -11.20199966]
1,0.9910810589790344,[10.41799927 10.75900078 16.79800034]
2,0.9928568601608276,[34.41799927 -5.24099922  4.79800034]
