,scores,centers
0,0.9994938373565674,[53.28300095 86.74599838 36.92700005]
1,0.9995552897453308,[17.28300095 90.74599838 18.92700005]
