,scores,centers
0,0.9983376264572144,[-4.82900238  1.57099915 15.1079998 ]
1,0.9982494115829468,[ 3.17099762 -8.42900085  7.1079998 ]
2,0.9858018755912781,[ -2.82900238 -10.42900085  25.1079998 ]
3,0.9437532424926758,[-16.82900238   5.57099915  29.1079998 ]
