,scores,centers
0,0.9994441866874695,[-31.68700027  -6.57099915  16.17999983]
1,0.9939246773719788,[-23.68700027  11.42900085  28.17999983]
