,scores,centers
0,0.9941443800926208,[43.46899986 18.2489996  53.86499977]
1,0.9945188164710999,[51.46899986 22.2489996  41.86499977]
2,0.9614191651344299,[49.46899986  8.2489996  51.86499977]
3,0.8931127786636353,[37.46899986  8.2489996  55.86499977]
4,0.5461047291755676,[45.46899986  8.2489996  59.86499977]
5,0.515125572681427,[31.46899986  8.2489996  39.86499977]
