,scores,centers
0,0.9989890456199646,[33.51399994 12.17099953 -4.59700012]
1,0.9986913800239563,[19.51399994  4.17099953 15.40299988]
2,0.9933316111564636,[17.51399994  6.17099953 -4.59700012]
3,0.9877304434776306,[35.51399994  2.17099953  7.40299988]
