,scores,centers
0,0.9981181621551514,[-4.38899994  0.36499977 15.05599976]
1,0.9979666471481323,[ 5.61100006 -7.63500023  7.05599976]
2,0.969031035900116,[-4.38899994 -9.63500023 29.05599976]
3,0.9703271389007568,[-14.38899994   4.36499977  29.05599976]
4,0.662898063659668,[-22.38899994  -9.63500023  15.05599976]
