,scores,centers
0,0.998683750629425,[ 30.98799992 128.0759964   23.70199966]
1,0.9980571866035461,[ 30.98799992 136.0759964   37.70199966]
2,0.9071640968322754,[ 14.98799992 134.0759964   49.70199966]
