,scores,centers
0,0.9989213943481445,[ 6.22100067 -1.54199982 16.06900024]
1,0.9987683892250061,[ 4.22100067  0.45800018 12.06900024]
2,0.7439582347869873,[24.22100067  2.45800018 24.06900024]
3,0.6039751172065735,[ 0.22100067  2.45800018 30.06900024]
