,scores,centers
0,0.999184787273407,[-17.89299774  59.72100067  25.32500076]
1,0.9938756823539734,[-11.89299774  41.72100067  15.32500076]
2,0.64079749584198,[-17.89299774  59.72100067   3.32500076]
