,scores,centers
0,0.9987454414367676,[ 3.91899872 -9.5909996  18.6609993 ]
1,0.9988476037979126,[-4.08100128 10.4090004  20.6609993 ]
