,scores,centers
0,0.9921259880065918,[ 15.25500011   0.26900101 -17.94599915]
1,0.8919557332992554,[31.25500011  2.26900101 -9.94599915]
