,scores,centers
0,0.9989859461784363,[ 7.74699974 15.07999992 26.23699951]
1,0.9992886781692505,[-0.25300026 55.07999992 20.23699951]
2,0.997566819190979,[ 9.74699974 41.07999992 44.23699951]
