,scores,centers
0,0.9985137581825256,[14.55500031 22.19099998  5.53100014]
1,0.766662061214447,[14.55500031 36.19099998 19.53100014]
2,0.5315603017807007,[26.55500031 32.19099998  5.53100014]
3,0.5913543701171875,[22.55500031 18.19099998 -4.46899986]
