,scores,centers
0,0.9977188110351562,[34.23700047 17.76599979 32.28800011]
1,0.8392175436019897,[20.23700047 33.76599979 28.28800011]
