,scores,centers
0,0.9753389954566956,[ 2.03100014 15.19799995  2.89900017]
1,0.9358031749725342,[22.03100014 25.19799995 10.89900017]
2,0.719552755355835,[ 0.03100014 23.19799995 -1.10099983]
3,0.4911476969718933,[20.03100014 27.19799995 -1.10099983]
4,0.5354977250099182,[20.03100014  3.19799995  2.89900017]
