,scores,centers
0,0.9984575510025024,[-6.0359993  20.3239994   9.61599922]
1,0.9988245368003845,[-22.0359993   38.3239994   15.61599922]
2,0.9963002800941467,[ 9.9640007  -1.6760006  -2.38400078]
