,scores,centers
0,0.9993160963058472,[31.72399998 31.76799965 12.59000015]
1,0.9830474257469177,[21.72399998 23.76799965 14.59000015]
