,scores,centers
0,0.99973064661026,[21.47800064 28.09300041 31.06099987]
1,0.9996674060821533,[-0.52199936  4.09300041 33.06099987]
