,scores,centers
0,0.999085545539856,[39.13599968 27.8920002  19.94200039]
1,0.9498854875564575,[43.13599968 21.8920002  25.94200039]
2,0.9783797264099121,[47.13599968 29.8920002  21.94200039]
3,0.7654418349266052,[33.13599968  9.8920002   9.94200039]
