,scores,centers
0,0.9997199177742004,[19.02000046 31.25899982 17.71500015]
1,0.9948588609695435,[ 3.02000046 11.25899982 17.71500015]
2,0.9878122210502625,[31.02000046 15.25899982  7.71500015]
