,scores,centers
0,0.9996351003646851,[20.46799994  7.72700119 13.26799965]
1,0.9995953440666199,[20.46799994  7.72700119 11.26799965]
