,scores,centers
0,0.9996695518493652,[28.60999966 22.68700027 47.30500031]
1,0.9759597182273865,[34.60999966 36.68700027 49.30500031]
