,scores,centers
0,0.9990469813346863,[51.47299957 21.36800003 40.66600037]
1,0.9661991000175476,[55.47299957  7.36800003 40.66600037]
2,0.9394967555999756,[51.47299957 15.36800003 54.66600037]
3,0.9554526805877686,[61.47299957 29.36800003 30.66600037]
