,scores,centers
0,0.9977926015853882,[33.11600018 13.72100067 19.18900013]
1,0.9946488738059998,[ 9.11600018  5.72100067 25.18900013]
2,0.9952991008758545,[23.11600018 -0.27899933 27.18900013]
3,0.7464035153388977,[11.11600018 29.72100067 27.18900013]
4,0.7918585538864136,[17.11600018 23.72100067 11.18900013]
