,scores,centers
0,0.9972535967826843,[-33.75799942 -18.4469986   44.56000137]
1,0.9945878982543945,[-13.75799942 -28.4469986   26.56000137]
2,0.9932848215103149,[-11.75799942  -2.4469986   20.56000137]
