,scores,centers
0,0.9991031885147095,[29.24600029 45.35000038 19.60099983]
