,scores,centers
0,0.9981628060340881,[ 34.52299976 -13.08499908  28.82499981]
1,0.9739421010017395,[ 24.52299976 -11.08499908  16.82499981]
2,0.8965775966644287,[26.52299976  2.91500092 20.82499981]
3,0.8378231525421143,[18.52299976 -3.08499908 10.82499981]
4,0.42972761392593384,[34.52299976  2.91500092 36.82499981]
