,scores,centers
0,0.9926357865333557,[42.40800095 18.15699959 51.73699951]
1,0.9932204484939575,[50.40800095 20.15699959 41.73699951]
2,0.9582674503326416,[44.40800095 10.15699959 59.73699951]
3,0.9622724056243896,[50.40800095  8.15699959 51.73699951]
4,0.775865912437439,[42.40800095  4.15699959 47.73699951]
5,0.5851659774780273,[32.40800095  8.15699959 39.73699951]
