,scores,centers
0,0.9992800354957581,[ 35.9380002    6.57500076 125.30599976]
1,0.9995917677879333,[ 43.9380002   -1.42499924 123.30599976]
