,scores,centers
0,0.9984061121940613,[18.32999992  3.48999786 37.55200005]
1,0.9780052304267883,[ 18.32999992 -16.51000214  33.55200005]
2,0.9735372066497803,[ 8.32999992  3.48999786 61.55200005]
3,0.9950547218322754,[20.32999992 19.48999786 53.55200005]
