,scores,centers
0,0.9982061386108398,[63.06699944 -4.10699844 31.65200043]
1,0.9958614706993103,[57.06699944  1.89300156 -6.34799957]
2,0.9983598589897156,[67.06699944 17.89300156 41.65200043]
