,scores,centers
0,0.9988915324211121,[-23.77099991  44.2310009   -5.79599762]
1,0.9833161234855652,[-23.77099991  58.2310009    8.20400238]
