,scores,centers
0,0.9964842796325684,[  1.09799957  28.90799999 128.90499878]
1,0.9972187280654907,[-18.90200043  36.90799999 154.90499878]
2,0.9979819059371948,[  1.09799957  48.90799999 152.90499878]
