,scores,centers
0,0.9986510872840881,[-17.14099884  18.64799976  43.30599976]
1,0.9677450060844421,[-3.14099884 22.64799976 37.30599976]
2,0.982262134552002,[-1.14099884 34.64799976 47.30599976]
3,0.8618931770324707,[-13.14099884  28.64799976  55.30599976]
4,0.8531600832939148,[-3.14099884 18.64799976 55.30599976]
