,scores,centers
0,0.9993507266044617,[17.08100128 41.20700073 33.69200134]
1,0.9977053999900818,[27.08100128 45.20700073 -0.30799866]
