,scores,centers
0,0.9970864653587341,[10.76599979  1.45000076 20.11800003]
1,0.994426965713501,[34.76599979 23.45000076 24.11800003]
2,0.9713776707649231,[18.76599979 29.45000076 32.11800003]
3,0.9900730848312378,[24.76599979  1.45000076 28.11800003]
4,0.6477376818656921,[16.76599979 23.45000076 12.11800003]
