,scores,centers
0,0.9979355335235596,[-25.15999985  11.62100029  23.55500031]
1,0.997334897518158,[-13.15999985  11.62100029  15.55500031]
