,scores,centers
0,0.9995132684707642,[ 48.52600002 121.62599945  47.72599983]
1,0.9832526445388794,[46.52600002 95.62599945 55.72599983]
2,0.9902513027191162,[ 54.52600002 119.62599945  73.72599983]
3,0.9385626316070557,[ 34.52600002 135.62599945  51.72599983]
