,scores,centers
0,0.9989023208618164,[ 33.83699989  17.40399933 -18.90800095]
1,0.9960020184516907,[ 45.83699989  19.40399933 -22.90800095]
2,0.9876763820648193,[43.83699989 11.40399933 -8.90800095]
3,0.7947529554367065,[29.83699989 23.40399933  5.09199905]
