,scores,centers
0,0.9991310238838196,[43.33200073 34.86599922 32.32200003]
1,0.9590350985527039,[61.33200073 46.86599922 36.32200003]
2,0.7982269525527954,[55.33200073 54.86599922 38.32200003]
3,0.8627927899360657,[55.33200073 52.86599922 20.32200003]
4,0.9102498888969421,[53.33200073 42.86599922 42.32200003]
