,scores,centers
0,0.9986054301261902,[80.51000023 15.70800018 11.30200005]
1,0.9994661211967468,[48.51000023 27.70800018 15.30200005]
