,scores,centers
0,0.9988899827003479,[19.13100052 25.37699986 29.11399984]
1,0.9978423118591309,[39.13100052 29.37699986 19.11399984]
