,scores,centers
0,0.9978360533714294,[ 8.2670002   1.93899918 38.18799973]
1,0.9946817755699158,[ 8.2670002  -2.06100082  0.18799973]
2,0.9084839224815369,[ 0.2670002  13.93899918 54.18799973]
3,0.7322921752929688,[32.2670002  -0.06100082  8.18799973]
