,scores,centers
0,0.9997169375419617,[46.88199997 13.62199974  7.81200027]
1,0.9990835189819336,[ 28.88199997  17.62199974 -12.18799973]
2,0.9867171049118042,[ 54.88199997  23.62199974 -12.18799973]
