,scores,centers
0,0.9991270899772644,[30.45299911  2.61899948 50.9829998 ]
