,scores,centers
0,0.9981600642204285,[24.97100019  8.62199974 19.5170002 ]
1,0.992450475692749,[46.97100019 12.62199974 19.5170002 ]
2,0.9880763292312622,[42.97100019 -5.37800026 27.5170002 ]
