,scores,centers
0,0.9991219639778137,[101.43899918  55.31200027   4.125     ]
1,0.9911152124404907,[85.43899918 39.31200027 -5.875     ]
2,0.9973510503768921,[103.43899918  67.31200027  -7.875     ]
