,scores,centers
0,0.9989822506904602,[-3.70899963  7.09000015  6.07999992]
1,0.9367927312850952,[ 8.29100037 -8.90999985 10.07999992]
