,scores,centers
0,0.9989510774612427,[132.84400177  33.4749999   28.41699982]
1,0.9965621829032898,[120.84400177  57.4749999   28.41699982]
