,scores,centers
0,0.9995412826538086,[ -9.71199799 -20.22700119  34.14900017]
1,0.9534296989440918,[  0.28800201 -28.22700119  50.14900017]
2,0.964922308921814,[  6.28800201 -14.22700119  22.14900017]
3,0.9707586765289307,[  4.28800201 -32.22700119  28.14900017]
