,scores,centers
0,0.9983402490615845,[59.63400269  8.08599854 62.06999969]
1,0.9992009997367859,[ 9.63400269  8.08599854 46.06999969]
