,scores,centers
0,0.9984826445579529,[69.48500061 63.98300171  9.22599983]
1,0.9978768825531006,[41.48500061 73.98300171 35.22599983]
