,scores,centers
0,0.9994761347770691,[ 2.02199936  3.77700043 54.67500019]
1,0.9993665814399719,[10.02199936 11.77700043 32.67500019]
