,scores,centers
0,0.9995371103286743,[10.0340004  14.0890007  43.35499954]
1,0.9995490908622742,[22.0340004  14.0890007  23.35499954]
