,scores,centers
0,0.9947890043258667,[-12.81800079 -22.82699966 -41.12999725]
1,0.9868630170822144,[ -4.81800079  -6.82699966 -51.12999725]
2,0.9577996134757996,[  5.18199921 -14.82699966 -41.12999725]
3,0.9426739811897278,[  1.18199921 -26.82699966 -39.12999725]
4,0.7259422540664673,[ -8.81800079 -16.82699966 -31.12999725]
