,scores,centers
0,0.9909783601760864,[11.36499977  0.15000153 60.11700058]
1,0.9447275400161743,[ 5.36499977  8.15000153 68.11700058]
2,0.9648324251174927,[27.36499977 -3.84999847 68.11700058]
3,0.5073000192642212,[17.36499977 -9.84999847 76.11700058]
