,scores,centers
0,0.9984346032142639,[24.80799866 21.47100067 10.83699989]
1,0.9963071346282959,[ 0.80799866 15.47100067 10.83699989]
