,scores,centers
0,0.9996570348739624,[15.71700001 17.94299984  8.68499947]
1,0.9928544163703918,[41.71700001 31.94299984 24.68499947]
