,scores,centers
0,0.9985812902450562,[ 6.34300041 22.33600044 13.19000053]
1,0.9966917037963867,[-13.65699959  -5.66399956  23.19000053]
