,scores,centers
0,0.9992768168449402,[17.65299988 40.04199982 25.08799744]
1,0.999202311038971,[ 9.65299988 48.04199982 -8.91200256]
2,0.997556209564209,[11.65299988 26.04199982  9.08799744]
3,0.9951049089431763,[-4.34700012 48.04199982  9.08799744]
