,scores,centers
0,0.9991832375526428,[27.62599945 50.52899933 14.77400017]
1,0.9989228844642639,[ 7.62599945 64.52899933  8.77400017]
