,scores,centers
0,0.9995415210723877,[ -6.79800034  44.75899982 156.66699982]
1,0.9997076392173767,[ -0.79800034  22.75899982 130.66699982]
2,0.9575485587120056,[ 11.20199966  10.75899982 152.66699982]
