,scores,centers
0,0.9992545247077942,[37.43899918  0.64299774 14.88700104]
1,0.9991888403892517,[ 9.43899918  4.64299774 20.88700104]
2,0.9984353184700012,[61.43899918  2.64299774  8.88700104]
