,scores,centers
0,0.999473512172699,[29.01099968 30.08899975 14.64799976]
