,scores,centers
0,0.9993841648101807,[32.5340004  10.77199936 22.79899979]
1,0.8527482151985168,[40.5340004  22.77199936  8.79899979]
