,scores,centers
0,0.9991268515586853,[ 2.67300034  0.96500015 11.22399902]
1,0.9990901947021484,[ 18.67300034 -13.03499985  13.22399902]
