,scores,centers
0,0.9986600875854492,[-4.00799942  3.48800087 18.82600021]
1,0.9888111352920532,[-7.99942017e-03  2.14880009e+01  4.82600021e+00]
2,0.9514518976211548,[-18.00799942  15.48800087   8.82600021]
3,0.8573070764541626,[-8.00799942  9.48800087  0.82600021]
