,scores,centers
0,0.9970856308937073,[ 13.30699921 -19.08499908  11.59199905]
1,0.9926080703735352,[ 11.30699921  -5.08499908 -10.40800095]
2,0.9877554774284363,[ -0.69300079 -15.08499908  -4.40800095]
3,0.8820810317993164,[  3.30699921 -31.08499908   1.59199905]
4,0.8702512979507446,[33.30699921 -7.08499908  1.59199905]
5,0.4578275680541992,[ 19.30699921 -29.08499908  -2.40800095]
