,scores,centers
0,0.9993138313293457,[11.26499939 19.86100006  5.12199974]
1,0.9980065226554871,[ 9.26499939  3.86100006 27.12199974]
