,scores,centers
0,0.9988547563552856,[ 16.90600014 -12.09899902  23.36000061]
1,0.9926551580429077,[16.90600014  3.90100098 33.36000061]
2,0.977338433265686,[18.90600014 13.90100098 19.36000061]
3,0.9369774460792542,[ 2.90600014 -0.09899902 35.36000061]
4,0.6756649613380432,[-1.09399986 13.90100098 23.36000061]
