,scores,centers
0,0.9982197880744934,[41.30099964 17.32099915 13.28499985]
1,0.9992504715919495,[27.30099964 23.32099915 35.28499985]
2,0.9985690116882324,[55.30099964 49.32099915 29.28499985]
