,scores,centers
0,0.9984160661697388,[15.0739975  94.86800003 18.38400078]
1,0.9992079138755798,[17.0739975  94.86800003 -5.61599922]
2,0.9992818236351013,[13.0739975  70.86800003 22.38400078]
3,0.9991544485092163,[-10.9260025   98.86800003  20.38400078]
