,scores,centers
0,0.9993429780006409,[68.39300156 94.35699844 28.11399984]
