,scores,centers
0,0.9991764426231384,[-17.74100113  33.52799988   6.1989975 ]
1,0.9581199884414673,[-1.74100113 21.52799988 -1.8010025 ]
2,0.7973546385765076,[ 4.25899887 35.52799988  6.1989975 ]
