,scores,centers
0,0.9845573902130127,[ 45.47599983  43.67000008 108.36100006]
1,0.9815940856933594,[51.47599983 41.67000008 98.36100006]
2,0.9797000288963318,[ 33.47599983  41.67000008 100.36100006]
3,0.9298318028450012,[ 29.47599983  47.67000008 110.36100006]
4,0.8860772848129272,[ 43.47599983  31.67000008 104.36100006]
