,scores,centers
0,0.9994139671325684,[14.46800041 16.24300003 66.88999939]
1,0.9017508029937744,[22.46800041 16.24300003 70.88999939]
