,scores,centers
0,0.9983495473861694,[ 25.84600067  14.26399994 -10.8219986 ]
1,0.9978834986686707,[ 35.84600067 -13.73600006 -12.8219986 ]
2,0.9893442392349243,[11.84600067 -9.73600006 -0.8219986 ]
