,scores,centers
0,0.9951227307319641,[28.21100044 26.99600029 30.88500023]
1,0.9375123381614685,[28.21100044  6.99600029 32.88500023]
2,0.971262514591217,[20.21100044 14.99600029 36.88500023]
3,0.9169199466705322,[22.21100044  6.99600029 26.88500023]
