,scores,centers
0,0.996572732925415,[42.26900005 80.13800049 15.40600014]
1,0.9995013475418091,[46.26900005 86.13800049 -6.59399986]
2,0.9995067119598389,[46.26900005 54.13800049 17.40600014]
3,0.9989979863166809,[18.26900005 82.13800049 15.40600014]
