,scores,centers
0,0.999729573726654,[14.98200035  4.27000046  6.89599991]
