,scores,centers
0,0.9985346794128418,[21.40500069 10.40800095 75.03700066]
1,0.9990594983100891,[23.40500069 -7.59199905 53.03700066]
2,0.9914733171463013,[35.40500069  8.40800095 49.03700066]
