,scores,centers
0,0.9995474219322205,[16.86499786 15.57299995 21.53299999]
1,0.9965506792068481,[-13.13500214  29.57299995  33.53299999]
