,scores,centers
0,0.9992111921310425,[ 17.19900131 -11.78099823  21.39799976]
1,0.9844290018081665,[17.19900131  4.21900177 33.39799976]
2,0.9456114172935486,[21.19900131 12.21900177 15.39799976]
