,scores,centers
0,0.9994491934776306,[40.24100018 40.84399986 51.97200012]
1,0.9982825517654419,[24.24100018 64.84399986 41.97200012]
