,scores,centers
0,0.9995256662368774,[ 2.63199997  0.87799835 11.10700035]
1,0.9991223216056824,[18.63199997 14.87799835 17.10700035]
