,scores,centers
0,0.9996992349624634,[112.35200119  29.78199959  16.13299942]
1,0.9993903636932373,[86.35200119 31.78199959 26.13299942]
2,0.9171180129051208,[162.35200119  33.78199959  16.13299942]
3,0.6710337996482849,[72.35200119 31.78199959 38.13299942]
