,scores,centers
0,0.9988988637924194,[20.69200134 13.18099976 25.40699959]
