,scores,centers
0,0.9993934631347656,[-23.34899902  45.34900093 -10.07699966]
1,0.9983552098274231,[-19.34899902  37.34900093  19.92300034]
2,0.9941771030426025,[-5.34899902 61.34900093 37.92300034]
