,scores,centers
0,0.9983829259872437,[28.85900021 24.375      39.69499969]
1,0.9897084832191467,[18.85900021  8.375      39.69499969]
