,scores,centers
0,0.998386025428772,[10.10900021 12.04599953 55.31999969]
1,0.996960461139679,[ 8.10900021 12.04599953 59.31999969]
2,0.8709489107131958,[18.10900021 14.04599953 67.31999969]
