,scores,centers
0,0.9981412887573242,[27.04099989 11.18000031 83.58100128]
1,0.6663816571235657,[29.04099989  1.18000031 99.58100128]
