,scores,centers
0,0.9994144439697266,[16.90099907 28.93300009 56.60900116]
1,0.9555696845054626,[ 4.90099907 36.93300009 80.60900116]
2,0.9936417937278748,[-1.09900093 10.93300009 64.60900116]
3,0.9912220239639282,[-5.09900093 18.93300009 46.60900116]
