,scores,centers
0,0.9993634819984436,[66.40599823 34.52999973 19.74200058]
1,0.9698284864425659,[60.40599823 28.52999973  7.74200058]
