,scores,centers
0,0.9997418522834778,[29.80400085 26.52900028 23.05299997]
1,0.9996005892753601,[ 7.80400085 26.52900028 67.05299997]
2,0.9986268281936646,[11.80400085 24.52900028 43.05299997]
