,scores,centers
0,0.9992647767066956,[19.0510006  17.32299995 14.23500061]
1,0.9534432291984558,[17.0510006  17.32299995 -1.76499939]
