,scores,centers
0,0.9983470439910889,[14.99499893  9.34899998 31.19099998]
1,0.9920461177825928,[28.99499893 27.34899998 33.19099998]
2,0.9746031165122986,[ 6.99499893  9.34899998 51.19099998]
3,0.9897257685661316,[38.99499893 19.34899998 45.19099998]
4,0.8731064796447754,[22.99499893  1.34899998 53.19099998]
