,scores,centers
0,0.9977866411209106,[30.62800026 44.57200003  4.89299965]
1,0.9981049299240112,[28.62800026 44.57200003  4.89299965]
