,scores,centers
0,0.9995772242546082,[ 7.60599899 30.02499962 19.33100128]
1,0.9995402097702026,[29.60599899 28.02499962  7.33100128]
2,0.9983818531036377,[17.60599899 42.02499962 13.33100128]
