,scores,centers
0,0.9994081258773804,[ 28.80900002 -17.87400055  40.12899971]
1,0.9928067922592163,[22.80900002  2.12599945 50.12899971]
