,scores,centers
0,0.9983474016189575,[-4.1780014   4.2329998  15.00300026]
1,0.9985429048538208,[ 5.8219986  -5.7670002   7.00300026]
2,0.9575403928756714,[-8.1780014  -7.7670002  33.00300026]
3,0.9670220613479614,[ 3.8219986  -1.7670002  23.00300026]
4,0.5306499600410461,[-22.1780014   -9.7670002   15.00300026]
