,scores,centers
0,0.9990935325622559,[ 16.74600029 -11.04399872  19.35599995]
1,0.9937357902526855,[16.74600029  4.95600128 33.35599995]
2,0.9778926968574524,[28.74600029  2.95600128 23.35599995]
3,0.9318367838859558,[ 8.74600029 -3.04399872  5.35599995]
