,scores,centers
0,0.9991117119789124,[ -4.6269989   56.8219986  111.09300232]
1,0.9925364255905151,[ 13.3730011   54.8219986  113.09300232]
