,scores,centers
0,0.9991057515144348,[185.19299316 151.2230072   11.29699993]
1,0.9878822565078735,[183.19299316 147.2230072   29.29699993]
2,0.9821762442588806,[195.19299316 157.2230072   23.29699993]
3,0.983223021030426,[191.19299316 149.2230072   33.29699993]
