,scores,centers
0,0.9930093288421631,[37.89500046 78.4129982  87.45500183]
1,0.945164144039154,[37.89500046 94.4129982  71.45500183]
2,0.6874395608901978,[45.89500046 72.4129982  69.45500183]
3,0.8707578182220459,[55.89500046 76.4129982  87.45500183]
