,scores,centers
0,0.9993093013763428,[40.72599983 15.68399811 13.75499916]
1,0.9989615678787231,[ 54.72599983 -16.31600189  45.75499916]
