,scores,centers
0,0.9985430240631104,[18.68199921 28.2420001  15.68600082]
1,0.9951584935188293,[26.68199921 14.2420001   9.68600082]
