,scores,centers
0,0.9968600273132324,[ 50.31999969 -42.41799927  53.24300003]
1,0.9966843724250793,[ 56.31999969 -46.41799927  61.24300003]
2,0.9857261180877686,[ 54.31999969 -36.41799927  57.24300003]
3,0.7816285490989685,[ 48.31999969 -50.41799927  67.24300003]
