,scores,centers
0,0.9954442977905273,[ 0.10599899 26.98099995 20.78299999]
1,0.9795572757720947,[16.10599899 36.98099995 26.78299999]
2,0.9166624546051025,[ 0.10599899 20.98099995 32.78299999]
3,0.76519376039505,[16.10599899 20.98099995 30.78299999]
