,scores,centers
0,0.9983548521995544,[-4.46099854  5.59600067 15.14400101]
1,0.9969086050987244,[ 5.53900146 -4.40399933  7.14400101]
2,0.9623797535896301,[-16.46099854  -8.40399933  31.14400101]
3,0.9772055745124817,[-14.46099854   5.59600067  29.14400101]
