,scores,centers
0,0.9983004927635193,[27.67500019 18.00500011 61.28700066]
1,0.9984947443008423,[19.67500019  6.00500011 71.28700066]
2,0.8754953742027283,[ 3.67500019 24.00500011 65.28700066]
3,0.8601031303405762,[ 7.67500019 22.00500011 45.28700066]
4,0.6533988118171692,[23.67500019 36.00500011 47.28700066]
5,0.6511291265487671,[11.67500019 10.00500011 45.28700066]
