,scores,centers
0,0.9995244741439819,[46.28600025 83.46300125 53.17800045]
1,0.9992420673370361,[20.28600025 95.46300125 45.17800045]
