,scores,centers
0,0.9968066215515137,[22.9749999  43.86200047 -5.1760006 ]
1,0.8711681365966797,[40.9749999  49.86200047 -5.1760006 ]
