,scores,centers
0,0.9994661211967468,[10.55599976 18.24200058 60.07500076]
1,0.998671293258667,[30.55599976 -1.75799942 58.07500076]
2,0.9937965869903564,[-1.44400024 24.24200058 56.07500076]
