,scores,centers
0,0.999137282371521,[ 57.48099995  21.01800156 149.27500153]
