,scores,centers
0,0.9977636337280273,[  2.36299896 -57.26100159 -70.42099762]
1,0.9870315194129944,[ 22.36299896 -35.26100159 -68.42099762]
2,0.9883871674537659,[ 44.36299896 -37.26100159 -60.42099762]
