,scores,centers
0,0.9991525411605835,[29.50799942 95.28199768 52.87999916]
1,0.9963889122009277,[ 13.50799942 101.28199768  54.87999916]
