,scores,centers
0,0.9988406300544739,[47.74099922 40.1789999   9.87899971]
1,0.909741997718811,[ 33.74099922  28.1789999  -14.12100029]
2,0.8994399905204773,[ 39.74099922  10.1789999  -10.12100029]
