,scores,centers
0,0.9989857077598572,[22.20800018 34.00199986 48.45000076]
1,0.9873688817024231,[36.20800018 26.00199986 68.45000076]
