,scores,centers
0,0.9994528889656067,[17.28300095 15.86999989 21.59499931]
1,0.9979819059371948,[-12.71699905  27.86999989  33.59499931]
2,0.9944544434547424,[-2.71699905  7.86999989 13.59499931]
