,scores,centers
0,0.9990867376327515,[35.5529995  13.7840004  43.73399925]
1,0.9990891218185425,[31.5529995  35.7840004  25.73399925]
