,scores,centers
0,0.9978172779083252,[11.71199989 20.68099976 11.48999977]
1,0.9956746697425842,[ 3.71199989 38.68099976 21.48999977]
2,0.9672379493713379,[15.71199989  8.68099976 19.48999977]
3,0.9358206391334534,[17.71199989 22.68099976 19.48999977]
