,scores,centers
0,0.9992448091506958,[24.55799961 -1.45400047 24.98400021]
1,0.9935871362686157,[38.55799961 22.54599953 28.98400021]
2,0.9891083240509033,[46.55799961 44.54599953 46.98400021]
