,scores,centers
0,0.9987223744392395,[ 9.81200027 32.28299999 20.63999939]
1,0.9988522529602051,[ 7.81200027 32.28299999 20.63999939]
2,0.8940518498420715,[ 5.81200027 22.28299999 24.63999939]
