,scores,centers
0,0.9968541264533997,[-3.14299965 28.71700001 11.40999985]
1,0.9980145692825317,[ 6.85700035  8.71700001 27.40999985]
2,0.9833990335464478,[-5.14299965  8.71700001 19.40999985]
3,0.9692152142524719,[ 4.85700035  2.71700001 15.40999985]
4,0.7510470151901245,[-1.14299965  6.71700001 43.40999985]
5,0.4522022306919098,[18.85700035 16.71700001 17.40999985]
