,scores,centers
0,0.9991247057914734,[ 6.9090004  93.01200104 44.07699966]
