,scores,centers
0,0.9982361793518066,[ 31.22500038   4.92499924 -15.27099991]
1,0.9985431432723999,[ 45.22500038  20.92499924 -23.27099991]
2,0.9985657334327698,[ 45.22500038 -25.07500076 -21.27099991]
