,scores,centers
0,0.9990696310997009,[ 6.12599945 38.8920002  47.83099937]
