,scores,centers
0,0.9992009997367859,[ 45.20100021   7.67599869 -14.26399994]
1,0.9719864726066589,[ 51.20100021  23.67599869 -10.26399994]
2,0.908636748790741,[53.20100021 27.67599869  5.73600006]
3,0.9760763645172119,[53.20100021 -0.32400131 -2.26399994]
