,scores,centers
0,0.9989823698997498,[  5.12599945 -13.79600143 -27.92700195]
1,0.9871879816055298,[  7.12599945  -9.79600143 -41.92700195]
2,0.9126468300819397,[-20.87400055   0.20399857 -15.92700195]
