,scores,centers
0,0.9992271661758423,[ 23.05500031  -7.23600006 -42.41799927]
1,0.9916737675666809,[ 21.05500031 -13.23600006 -66.41799927]
