,scores,centers
0,0.9987285733222961,[16.09700012 20.0880003   8.03499985]
1,0.9982262253761292,[14.09700012 24.0880003   6.03499985]
2,0.754427969455719,[26.09700012 32.0880003   6.03499985]
