,scores,centers
0,0.9982988238334656,[27.55500031 17.9829998  60.69499969]
1,0.997036337852478,[19.55500031  7.9829998  68.69499969]
2,0.9131823182106018,[17.55500031 21.9829998  66.69499969]
3,0.9653939008712769,[13.55500031  7.9829998  44.69499969]
4,0.6223750710487366,[19.55500031 33.9829998  42.69499969]
5,0.5457602739334106,[11.55500031 17.9829998  34.69499969]
