,scores,centers
0,0.9993828535079956,[52.79199982 12.09300041 30.26499987]
1,0.9936245679855347,[18.79199982 30.09300041 28.26499987]
2,0.7753615379333496,[32.79199982 10.09300041 36.26499987]
