,scores,centers
0,0.9989668130874634,[-4.23699951  4.12700081 13.13500023]
1,0.9981208443641663,[ 5.76300049 -5.87299919  7.13500023]
2,0.9766120314598083,[-16.23699951  -9.87299919  31.13500023]
3,0.8394349813461304,[-14.23699951   6.12700081  29.13500023]
