,scores,centers
0,0.9990552067756653,[39.08300018 -4.80999756  7.32600021]
1,0.9982372522354126,[ 7.08300018 49.19000244 15.32600021]
2,0.9968950748443604,[25.08300018 25.19000244 -2.67399979]
