,scores,centers
0,0.998935878276825,[ 45.18999958 -24.47999954 -21.03300095]
1,0.9972041845321655,[ 31.18999958   5.52000046 -11.03300095]
2,0.9979469180107117,[ 43.18999958  21.52000046 -23.03300095]
