,scores,centers
0,0.9981594681739807,[45.04500008 82.44300079 11.48200035]
1,0.8976171016693115,[65.04500008 68.44300079  7.48200035]
2,0.9566888213157654,[45.04500008 50.44300079  7.48200035]
3,0.9268129467964172,[35.04500008 58.44300079 25.48200035]
