,scores,centers
0,0.9981544613838196,[ 15.36599731 -13.27899933  15.14900017]
1,0.998802661895752,[-10.63400269   6.72100067  29.14900017]
