,scores,centers
0,0.9972488284111023,[68.72200012  9.56499863 -0.25699997]
1,0.9882180094718933,[64.72200012 21.56499863 -2.25699997]
2,0.981336772441864,[ 56.72200012  21.56499863 -16.25699997]
3,0.5268294215202332,[ 60.72200012   9.56499863 -24.25699997]
4,0.4871324598789215,[ 70.72200012   9.56499863 -28.25699997]
