,scores,centers
0,0.9993686079978943,[20.11899948  7.64300156 49.40200043]
1,0.9995642304420471,[ 18.11899948 -12.35699844  91.40200043]
