,scores,centers
0,0.99901282787323,[27.08799982 12.30800056 14.67599869]
1,0.9951708912849426,[61.08799982 12.30800056  8.67599869]
2,0.9891302585601807,[45.08799982 10.30800056 18.67599869]
