,scores,centers
0,0.9989016056060791,[ 37.87800026  72.97200012 -15.86999893]
1,0.8454900979995728,[ 57.87800026  66.97200012 -21.86999893]
