,scores,centers
0,0.9986833930015564,[ 9.84000015 22.0539999  23.77400017]
1,0.9968400001525879,[-12.15999985  20.0539999   23.77400017]
2,0.9903899431228638,[25.84000015 36.0539999  19.77400017]
3,0.9449651837348938,[-0.15999985 36.0539999  37.77400017]
