,scores,centers
0,0.9986473917961121,[ 85.03600311  14.17099953 176.68800354]
1,0.998582124710083,[ 83.03600311  58.17099953 102.68800354]
2,0.997933030128479,[ 81.03600311  40.17099953 140.68800354]
