,scores,centers
0,0.9996019005775452,[51.72800064 48.16699982 15.75199986]
1,0.9987494945526123,[37.72800064 42.16699982 17.75199986]
