,scores,centers
0,0.9947355389595032,[34.6170001  16.29300022 32.93599987]
1,0.9898187518119812,[26.6170001  14.29300022 16.93599987]
2,0.8321638703346252,[26.6170001  30.29300022 18.93599987]
3,0.9762765169143677,[24.6170001  14.29300022 26.93599987]
