,scores,centers
0,0.9972934126853943,[20.921      -2.99200058 35.88899994]
1,0.9715673923492432,[34.921      17.00799942 31.88899994]
2,0.9377723336219788,[22.921      -2.99200058 19.88899994]
3,0.8518367409706116,[26.921      19.00799942 39.88899994]
4,0.799865186214447,[32.921       5.00799942 27.88899994]
5,0.7860034704208374,[14.921      15.00799942 37.88899994]
6,0.5740280747413635,[14.921      -4.99200058 27.88899994]
