,scores,centers
0,0.9980520009994507,[49.74499893 44.85700035 32.56400013]
1,0.996895432472229,[51.74499893 44.85700035 28.56400013]
2,0.9945195317268372,[75.74499893 46.85700035 24.56400013]
