,scores,centers
0,0.9977032542228699,[13.88999939 23.92300034 18.59199905]
1,0.979604959487915,[-10.11000061  25.92300034  26.59199905]
2,0.9731066823005676,[33.88999939 -6.07699966  8.59199905]
