,scores,centers
0,0.9985591769218445,[20.63999939 30.38299942 50.04400063]
1,0.9986012578010559,[-1.36000061  4.38299942 78.04400063]
2,0.9971038699150085,[44.63999939 40.38299942 36.04400063]
3,0.9904882907867432,[20.63999939 34.38299942 76.04400063]
