,scores,centers
0,0.9994256496429443,[58.44400024 30.80099964 45.20899963]
