,scores,centers
0,0.9986081719398499,[14.18499947 41.09200001 32.9289999 ]
1,0.9992027878761292,[44.18499947 29.09200001 20.9289999 ]
