,scores,centers
0,0.9993205070495605,[ 14.89900017  49.22100067 -48.5019989 ]
1,0.9711335897445679,[ -9.10099983  41.22100067 -46.5019989 ]
