,scores,centers
0,0.9993584752082825,[17.97500038  2.58699989 13.48999977]
1,0.9878777265548706,[35.97500038  6.58699989 27.48999977]
2,0.9934432506561279,[ 19.97500038 -11.41300011  11.48999977]
3,0.41410544514656067,[11.97500038 -5.41300011 -6.51000023]
