,scores,centers
0,0.9986968636512756,[17.45199966  9.51000214 76.70199966]
1,0.9986640214920044,[19.45199966 -6.48999786 52.70199966]
2,0.9968910813331604,[37.45199966  7.51000214 48.70199966]
