,scores,centers
0,0.999091625213623,[30.41199875  2.61499977 50.99199963]
