,scores,centers
0,0.9995125532150269,[46.08399963 84.45999908 54.96699905]
1,0.9469261169433594,[22.08399963 74.45999908 64.96699905]
2,0.991466760635376,[52.08399963 64.45999908 42.96699905]
