,scores,centers
0,0.9994509816169739,[ 17.08300018 -11.73999786  19.30800056]
1,0.9945540428161621,[17.08300018  4.26000214 33.30800056]
2,0.9445407390594482,[29.08300018  2.26000214 23.30800056]
3,0.9840350151062012,[ 9.08300018 -5.73999786  5.30800056]
