,scores,centers
0,0.9983657002449036,[27.65200043 18.10599995 60.8579998 ]
1,0.9979156851768494,[19.65200043  8.10599995 68.8579998 ]
2,0.8924515247344971,[ 3.65200043 24.10599995 62.8579998 ]
3,0.8003962635993958,[19.65200043 32.10599995 42.8579998 ]
4,0.8151904344558716,[13.65200043 10.10599995 44.8579998 ]
5,0.4633145332336426,[ 5.65200043 28.10599995 42.8579998 ]
