,scores,centers
0,0.9990432858467102,[38.56599998 43.21199989 27.95899963]
1,0.9896324872970581,[46.56599998 57.21199989 29.95899963]
2,0.9645999670028687,[56.56599998 27.21199989  5.95899963]
3,0.7122332453727722,[38.56599998 25.21199989 17.95899963]
