,scores,centers
0,0.999640941619873,[31.65799999 16.61400032 -1.02599907]
1,0.9944854378700256,[17.65799999 18.61400032 -9.02599907]
2,0.9814143776893616,[21.65799999 12.61400032 10.97400093]
3,0.9691904783248901,[23.65799999 12.61400032 12.97400093]
4,0.7734124660491943,[19.65799999  6.61400032  8.97400093]
