,scores,centers
0,0.9994615912437439,[17.83399963 59.2820015  24.74800014]
1,0.9992111921310425,[19.83399963 67.2820015  44.74800014]
