,scores,centers
0,0.9990542531013489,[22.1760006  14.39599991 39.52900028]
1,0.9866098761558533,[26.1760006  -5.60400009 27.52900028]
