,scores,centers
0,0.9985591769218445,[32.73999977 18.55700016 10.14599991]
1,0.9544544816017151,[34.73999977  2.55700016 10.14599991]
2,0.9787604212760925,[22.73999977  8.55700016  0.14599991]
