,scores,centers
0,0.9951938986778259,[ 3.78100014 19.55999947 16.63999939]
1,0.9917343854904175,[29.78100014 25.55999947 18.63999939]
2,0.9817203283309937,[29.78100014 11.55999947 14.63999939]
3,0.9686329364776611,[19.78100014 29.55999947  2.63999939]
