,scores,centers
0,0.9998854398727417,[ 3.61499977 28.19499969  2.94499969]
1,0.9997612833976746,[-0.38500023 52.19499969 26.94499969]
