,scores,centers
0,0.9924212098121643,[  5.80900002 -11.56200027  23.04399872]
1,0.9934160709381104,[-4.19099998  6.43799973 27.04399872]
2,0.9779279232025146,[ -2.19099998 -15.56200027   3.04399872]
3,0.9035475850105286,[ 7.80900002  8.43799973 15.04399872]
