,scores,centers
0,0.99818354845047,[-16.97999954  54.70499992  36.78499985]
1,0.9978247880935669,[15.02000046 26.70499992 18.78499985]
2,0.9704862833023071,[ 5.02000046 36.70499992 14.78499985]
3,0.6769419312477112,[11.02000046 28.70499992  4.78499985]
