,scores,centers
0,0.9994258880615234,[14.97900009 52.82900047 25.88700104]
1,0.9917900562286377,[ 8.97900009  6.82900047 35.88700104]
