,scores,centers
0,0.9990202188491821,[-10.18700027 -27.70000076  18.47100067]
1,0.99885094165802,[ 1.81299973 12.29999924 -1.52899933]
2,0.9981753826141357,[-10.18700027 -29.70000076  20.47100067]
