,scores,centers
0,0.9987911581993103,[-11.65399933 -27.22600174  18.5890007 ]
1,0.9990934133529663,[ 2.34600067 10.77399826 -1.4109993 ]
2,0.9630343317985535,[  2.34600067 -33.22600174  30.5890007 ]
