,scores,centers
0,0.998971700668335,[21.52600002 23.93799973 17.62799835]
1,0.995448648929596,[ 9.52600002 33.93799973 -4.37200165]
