,scores,centers
0,0.9985560774803162,[ 15.7670002   -0.31800079 -17.49399948]
1,0.6160895824432373,[29.7670002   1.68199921 -9.49399948]
