,scores,centers
0,0.9988077878952026,[ 12.40500069 -12.79100037  14.12300014]
1,0.9879899621009827,[28.40500069 -2.79100037 10.12300014]
2,0.9944234490394592,[-1.59499931  5.20899963 18.12300014]
