,scores,centers
0,0.9986944794654846,[28.88800049 28.32600021 -8.39500046]
