,scores,centers
0,0.999028205871582,[-24.19599915  49.89599991  51.66399956]
1,0.9828990697860718,[ 3.80400085 45.89599991 53.66399956]
