,scores,centers
0,0.9994082450866699,[53.38100052 47.11899996  1.35000038]
1,0.9992295503616333,[83.38100052 39.11899996 23.35000038]
