,scores,centers
0,0.998347282409668,[19.15499973  3.98200035 12.22299957]
1,0.9986492991447449,[33.15499973 11.98200035 -5.77700043]
2,0.9936493039131165,[17.15499973  7.98200035 -3.77700043]
