,scores,centers
0,0.9990003705024719,[-8.55899811  8.65499878 54.20400047]
1,0.9941166639328003,[13.44100189  0.65499878 54.20400047]
2,0.9909428954124451,[ 7.44100189 22.65499878 54.20400047]
3,0.8615273237228394,[13.44100189 10.65499878 74.20400047]
