,scores,centers
0,0.999152660369873,[-24.30500031  45.24600029  -5.47599792]
1,0.981590986251831,[-26.30500031  63.24600029   4.52400208]
2,0.9413094520568848,[-4.30500031 57.24600029 10.52400208]
