,scores,centers
0,0.9994988441467285,[46.38299942 85.57500076 55.55500031]
1,0.999380350112915,[20.38299942 97.57500076 45.55500031]
