,scores,centers
0,0.9996004700660706,[21.53899956 73.35400009 10.87999916]
1,0.9996114373207092,[47.53899956 39.35400009 -1.12000084]
