,scores,centers
0,0.9982068538665771,[  2.65399933   9.18700027 -15.72399902]
1,0.998544454574585,[  6.65399933  -4.81299973 -17.72399902]
2,0.7890602350234985,[ 26.65399933 -14.81299973   4.27600098]
3,0.9794513583183289,[ 0.65399933  9.18700027 -5.72399902]
