,scores,centers
0,0.9987540245056152,[24.54799986 35.9460001  16.23600006]
1,0.9931000471115112,[ 8.54799986 19.9460001  10.23600006]
