,scores,centers
0,0.9993327260017395,[39.67800045 46.375      14.61400032]
1,0.9986912608146667,[37.67800045 58.375      -3.38599968]
