,scores,centers
0,0.9991170763969421,[ 24.03499985   9.9659996  -11.02399826]
1,0.9969505071640015,[ 36.03499985 -14.0340004  -13.02399826]
2,0.9923580288887024,[ 10.03499985 -10.0340004   -1.02399826]
