,scores,centers
0,0.9989057779312134,[17.25699997 -3.95899963 -2.52799988]
1,0.8428367376327515,[ 15.25699997 -15.95899963  -6.52799988]
2,0.894688069820404,[29.25699997  8.04100037  3.47200012]
3,0.9088401198387146,[ 25.25699997 -19.95899963  -2.52799988]
4,0.8960318565368652,[23.25699997 -5.95899963 13.47200012]
5,0.7895333766937256,[ 17.25699997 -11.95899963  13.47200012]
