,scores,centers
0,0.9994458556175232,[20.46000004 29.50699997 24.68300056]
1,0.9992784857749939,[34.46000004 23.50699997 60.68300056]
