,scores,centers
0,0.9979568719863892,[41.28499985 35.53200006 14.2329998 ]
1,0.9819104075431824,[43.28499985 21.53200006 32.2329998 ]
2,0.948280930519104,[53.28499985 43.53200006 22.2329998 ]
3,0.9710949063301086,[51.28499985 13.53200006 14.2329998 ]
4,0.7343666553497314,[63.28499985 27.53200006  6.2329998 ]
