,scores,centers
0,0.9985405206680298,[17.35499954  3.86499977 12.18600082]
1,0.9986206293106079,[33.35499954 11.86499977 -5.81399918]
2,0.9899717569351196,[35.35499954  1.86499977 10.18600082]
3,0.992435872554779,[17.35499954  7.86499977 -3.81399918]
4,0.8292185068130493,[47.35499954 13.86499977 10.18600082]
