,scores,centers
0,0.9996302127838135,[16.64400101 39.32600021 60.40499878]
1,0.9921898245811462,[-35.35599899  51.32600021  76.40499878]
2,0.9860265254974365,[-13.35599899  43.32600021  78.40499878]
