,scores,centers
0,0.9987952709197998,[-7.18799973 16.86999989 27.14599991]
1,0.9989169836044312,[-11.18799973  14.86999989  29.14599991]
2,0.6946581602096558,[-21.18799973  22.86999989  31.14599991]
