,scores,centers
0,0.9994161128997803,[22.26900101 -4.97600174 54.41600037]
