,scores,centers
0,0.9984360337257385,[21.20400047 30.4659996  49.90699959]
1,0.9981508851051331,[-0.79599953  6.4659996  77.90699959]
2,0.9978199005126953,[51.20400047 46.4659996  45.90699959]
