,scores,centers
0,0.998848557472229,[-4.61299896  4.38999939 13.11899948]
1,0.9982020854949951,[ 5.38700104 -5.61000061  7.11899948]
2,0.9891954660415649,[ 3.38700104 -3.61000061 25.11899948]
3,0.8894708156585693,[-8.61299896 -7.61000061 33.11899948]
4,0.8611414432525635,[-20.61299896  -9.61000061  15.11899948]
5,0.5126227140426636,[-12.61299896   6.38999939  29.11899948]
