,scores,centers
0,0.9893655776977539,[13.05200005 41.21899986 47.63899994]
1,0.9539706110954285,[15.05200005 49.21899986 37.63899994]
