,scores,centers
0,0.9986779093742371,[39.35899925 -6.51300049 70.86000061]
1,0.9988616704940796,[ 33.35899925 -34.51300049  86.86000061]
2,0.9991119503974915,[33.35899925 35.48699951 48.86000061]
