,scores,centers
0,0.9992813467979431,[24.07299995  3.2480011  51.09599972]
1,0.9988947510719299,[48.07299995 13.2480011  27.09599972]
2,0.993235170841217,[40.07299995  7.2480011  39.09599972]
3,0.8366132974624634,[34.07299995  5.2480011  15.09599972]
