,scores,centers
0,0.9992024302482605,[30.43700027  2.68600082 50.5909996 ]
