,scores,centers
0,0.998969316482544,[55.36600018 41.18200016  9.51000023]
1,0.9889812469482422,[43.36600018 25.18200016  1.51000023]
2,0.9555205702781677,[33.36600018 31.18200016  7.51000023]
3,0.9685073494911194,[21.36600018 31.18200016 19.51000023]
4,0.6466204524040222,[57.36600018 23.18200016 17.51000023]
