,scores,centers
0,0.9989956021308899,[ 9.95000076 11.41799927 19.38800049]
1,0.9987072944641113,[ 15.95000076  -6.58200073 -16.61199951]
2,0.9986031651496887,[15.95000076 15.41799927 -0.61199951]
