,scores,centers
0,0.9990247488021851,[-4.97200012  9.88700008 19.3920002 ]
1,0.9786989688873291,[ 7.02799988 15.88700008 25.3920002 ]
