,scores,centers
0,0.9980460405349731,[12.09500027 10.64500046 -5.78000069]
1,0.5791913866996765,[18.09500027 10.64500046 -9.78000069]
