,scores,centers
0,0.998749852180481,[-4.26499939  4.06500053 13.3769989 ]
1,0.9988136291503906,[ 5.73500061 -3.93499947  7.3769989 ]
2,0.9701204299926758,[-16.26499939  -7.93499947  31.3769989 ]
