,scores,centers
0,0.9996728897094727,[96.09199905 17.47399902 -1.55500031]
1,0.998668909072876,[100.09199905  45.47399902  12.44499969]
