,scores,centers
0,0.9997580647468567,[37.22200012 99.23300171 10.32500076]
1,0.9980105757713318,[ 37.22200012 117.23300171   4.32500076]
2,0.9965213537216187,[17.22200012 99.23300171  6.32500076]
3,0.9777795076370239,[ 17.22200012 123.23300171  16.32500076]
