,scores,centers
0,0.9992876648902893,[10.97599983 32.74200058 82.79000092]
