,scores,centers
0,0.9977495074272156,[36.57999992 31.05200005 50.04199982]
1,0.9890940189361572,[26.57999992 27.05200005 68.04199982]
2,0.9844232201576233,[36.57999992 17.05200005 32.04199982]
