,scores,centers
0,0.9990710020065308,[ -6.58200073  56.97600174 113.19000244]
1,0.9953378438949585,[  9.41799927  54.97600174 121.19000244]
2,0.9899981617927551,[ 11.41799927  70.97600174 117.19000244]
3,0.9939426779747009,[  3.41799927  44.97600174 103.19000244]
