,scores,centers
0,0.9955365657806396,[1.7519989  4.88100052 4.13999939]
1,0.9973360896110535,[-0.2480011   8.88100052 40.13999939]
2,0.9970108270645142,[17.7519989  24.88100052 20.13999939]
