,scores,centers
0,0.9994692206382751,[23.69099998 52.24399948 66.81700134]
1,0.9685633182525635,[39.69099998 56.24399948 76.81700134]
2,0.9858816862106323,[31.69099998 44.24399948 56.81700134]
