,scores,centers
0,0.9994864463806152,[16.48300171 39.60099983 62.36700058]
1,0.9882799386978149,[-9.51699829 39.60099983 68.36700058]
2,0.9920403361320496,[-35.51699829  51.60099983  76.36700058]
