,scores,centers
0,0.9937810301780701,[-7.50099945 13.50300026 28.6960001 ]
1,0.9935353994369507,[ 8.49900055  5.50300026 10.6960001 ]
2,0.987785816192627,[-3.50099945 11.50300026 18.6960001 ]
3,0.9727654457092285,[12.49900055  1.50300026 28.6960001 ]
4,0.5670464634895325,[ 6.49900055 11.50300026 38.6960001 ]
