,scores,centers
0,0.9995008707046509,[49.76300049 55.30200005 20.27200031]
1,0.9265713691711426,[71.76300049 59.30200005 30.27200031]
2,0.9653635621070862,[53.76300049 35.30200005 24.27200031]
