,scores,centers
0,0.9991889595985413,[21.82699966 90.31700134 77.70399857]
1,0.9970030188560486,[ 3.82699966 96.31700134 59.70399857]
2,0.988215446472168,[13.82699966 74.31700134 59.70399857]
