,scores,centers
0,0.9991937279701233,[ 21.42499924 -11.79399872   7.54700089]
1,0.9715192317962646,[  5.42499924 -23.79399872  -0.45299911]
2,0.9637394547462463,[  9.42499924 -11.79399872  19.54700089]
3,0.9137067198753357,[ 19.42499924 -25.79399872  19.54700089]
