,scores,centers
0,0.9978954792022705,[43.99699974 45.19300079 42.1989994 ]
