,scores,centers
0,0.9988347887992859,[ 43.72200012 -12.47000122  42.97599983]
1,0.9983476400375366,[ 29.72200012 -10.47000122  62.97599983]
2,0.9957256317138672,[41.72200012 -0.47000122 68.97599983]
