,scores,centers
0,0.9992400407791138,[ 41.13800049 -10.89799881  49.04800034]
1,0.9989805817604065,[19.13800049 11.10200119 15.04800034]
