,scores,centers
0,0.999626636505127,[18.39599991  7.05099869 57.06499958]
