,scores,centers
0,0.9994908571243286,[-25.77399826  62.06200027  -0.3010006 ]
