,scores,centers
0,0.9612380266189575,[17.79000092 21.59700012 20.97000122]
1,0.9681126475334167,[11.79000092 33.59700012  6.97000122]
2,0.8377102017402649,[ 9.79000092 11.59700012 20.97000122]
3,0.7385960817337036,[-0.20999908 13.59700012  8.97000122]
4,0.9319504499435425,[17.79000092  7.59700012  4.97000122]
