,scores,centers
0,0.9977723956108093,[40.29899979 39.47399998 38.94799995]
1,0.9945710301399231,[36.29899979 39.47399998 52.94799995]
2,0.9415803551673889,[50.29899979 47.47399998 36.94799995]
3,0.7820765376091003,[28.29899979 49.47399998 42.94799995]
