,scores,centers
0,0.9990509152412415,[20.11199951 96.93500137 45.01099968]
1,0.9994717240333557,[46.11199951 84.93500137 55.01099968]
