,scores,centers
0,0.9993991851806641,[ 16.29299927  48.92000008 -47.48899841]
1,0.9749607443809509,[  6.29299927  48.92000008 -43.48899841]
2,0.734318733215332,[  2.29299927  30.92000008 -43.48899841]
