,scores,centers
0,0.9995678067207336,[23.93599987 55.04199982 14.71299934]
