,scores,centers
0,0.9993220567703247,[59.89900017 55.29600143 36.42700005]
1,0.9956953525543213,[77.89900017 59.29600143 22.42700005]
2,0.9653420448303223,[39.89900017 63.29600143 26.42700005]
3,0.9796285033226013,[77.89900017 59.29600143 44.42700005]
4,0.7731446027755737,[53.89900017 55.29600143 60.42700005]
