,scores,centers
0,0.9989815354347229,[62.67200089 17.53699875 27.60999966]
1,0.9977610111236572,[86.67200089 27.53699875 13.60999966]
2,0.9440500736236572,[78.67200089 21.53699875 37.60999966]
3,0.969245195388794,[70.67200089 41.53699875 21.60999966]
