,scores,centers
0,0.9990100860595703,[22.61100006 11.36899948 22.13800049]
1,0.9698594212532043,[16.61100006 -4.63100052 38.13800049]
2,0.8271437883377075,[38.61100006  1.36899948 32.13800049]
3,0.9431849718093872,[12.61100006 15.36899948 38.13800049]
