,scores,centers
0,0.9995794892311096,[39.89799976 33.65600014 45.97400093]
1,0.953732430934906,[15.89799976 31.65600014 51.97400093]
