,scores,centers
0,0.9980181455612183,[26.23000002 14.01000023 82.88500214]
1,0.9980766773223877,[28.23000002 10.01000023 84.88500214]
