,scores,centers
0,0.9986764788627625,[34.85400009 31.75899982 10.17099953]
