,scores,centers
0,0.9988288283348083,[26.4289999  72.61899948 74.89299965]
1,0.9989086389541626,[44.4289999  54.61899948 80.89299965]
