,scores,centers
0,0.9985509514808655,[133.50900269 120.23400116   2.4940033 ]
1,0.9950659275054932,[149.50900269 136.23400116 -11.5059967 ]
