,scores,centers
0,0.9870632290840149,[ -5.60900116 -11.61000061   8.65999985]
1,0.9577727913856506,[ -7.60900116 -17.61000061  14.65999985]
2,0.765889048576355,[-19.60900116  -9.61000061  -5.34000015]
3,0.5163698792457581,[-21.60900116  -9.61000061  22.65999985]
