,scores,centers
0,0.9934242963790894,[ 8.44300079 -6.16600037 30.36299992]
1,0.9979325532913208,[-11.55699921 -32.16600037  28.36299992]
2,0.946956992149353,[-13.55699921  -8.16600037  34.36299992]
