,scores,centers
0,0.9993821382522583,[22.9090004  14.37299919 39.34899998]
1,0.9893773198127747,[28.9090004   4.37299919 37.34899998]
2,0.9817137122154236,[14.9090004  -3.62700081 31.34899998]
3,0.8960064053535461,[20.9090004   0.37299919 43.34899998]
