,scores,centers
0,0.998079776763916,[22.16200066  2.08300018  9.11999893]
1,0.9849278926849365,[34.16200066 -3.91699982 23.11999893]
2,0.9903049468994141,[32.16200066 16.08300018 27.11999893]
3,0.9918191432952881,[38.16200066  6.08300018 -2.88000107]
