,scores,centers
0,0.9983524084091187,[53.71999931  0.92399979 36.1079998 ]
1,0.6110033392906189,[61.71999931 10.92399979 38.1079998 ]
2,0.7305710315704346,[35.71999931  2.92399979 26.1079998 ]
