,scores,centers
0,0.9985969662666321,[85.91699982 17.78199959 45.04899979]
1,0.9954258799552917,[93.91699982 35.78199959 33.04899979]
