,scores,centers
0,0.9991664886474609,[13.63500023 16.67700005 16.84900093]
1,0.989251434803009,[ 1.63500023  2.67700005 26.84900093]
2,0.9852912425994873,[17.63500023 -1.32299995  4.84900093]
3,0.9618868827819824,[29.63500023  4.67700005 22.84900093]
