,scores,centers
0,0.9990307092666626,[10.44200134 16.55100012  1.49300003]
1,0.8316046595573425,[ 6.44200134 20.55100012  5.49300003]
2,0.5199801921844482,[ 0.44200134 24.55100012 -0.50699997]
