,scores,centers
0,0.9995467066764832,[16.79000092 19.0250001  21.34799957]
1,0.9838983416557312,[16.79000092 33.0250001  33.34799957]
2,0.9873643517494202,[28.79000092 33.0250001  23.34799957]
