,scores,centers
0,0.9980078339576721,[27.70800018 18.         60.71199989]
1,0.9981701374053955,[17.70800018  6.         70.71199989]
2,0.9131200313568115,[ 3.70800018 24.         64.71199989]
3,0.954562783241272,[13.70800018  8.         44.71199989]
4,0.6554114818572998,[19.70800018 36.         46.71199989]
5,0.6384252905845642,[11.70800018 18.         34.71199989]
