,scores,centers
0,0.9970603585243225,[14.36000061 -6.07299805 11.97000122]
1,0.9518388509750366,[ 0.36000061 13.92700195  3.97000122]
2,0.980817437171936,[22.36000061  9.92700195 15.97000122]
3,0.9875952005386353,[-5.63999939 -6.07299805  9.97000122]
