,scores,centers
0,0.9992607235908508,[37.70699978 32.48900032 10.74500084]
1,0.997190535068512,[ 9.70699978 48.48900032 22.74500084]
