,scores,centers
0,0.9986030459403992,[ 7.53199959  8.55599976 27.70599937]
1,0.9981696605682373,[-4.46800041 28.55599976 11.70599937]
2,0.9873005747795105,[ 5.53199959 18.55599976 37.70599937]
3,0.8086456656455994,[-0.46800041  8.55599976 43.70599937]
