,scores,centers
0,0.9971025586128235,[ 6.93899918 79.72800064 18.71100044]
1,0.9985417127609253,[-13.06100082  49.72800064  22.71100044]
2,0.9922664761543274,[-15.06100082  35.72800064  30.71100044]
