,scores,centers
0,0.9983235001564026,[15.70499992 26.07700014 16.55599976]
1,0.9984719157218933,[17.70499992 26.07700014  8.55599976]
2,0.7737354636192322,[ 9.70499992 36.07700014 16.55599976]
3,0.8827427625656128,[ 1.70499992 42.07700014  6.55599976]
4,0.4011300206184387,[-0.29500008 26.07700014  2.55599976]
