,scores,centers
0,0.999219536781311,[37.70800018 75.96999979 64.83600044]
1,0.9991845488548279,[39.70800018 37.96999979 64.83600044]
