,scores,centers
0,0.9987473487854004,[-8.94900131 51.17399979 36.81299973]
1,0.9986178874969482,[ 7.05099869 49.17399979  8.81299973]
