,scores,centers
0,0.9995083808898926,[ 72.80999947 -19.01599884  52.82600021]
1,0.9995548129081726,[ 58.80999947 -23.01599884  18.82600021]
