,scores,centers
0,0.9989874958992004,[61.65100098 57.45700073 17.61499977]
1,0.991508960723877,[59.65100098 63.45700073 -4.38500023]
2,0.9808906316757202,[57.65100098 65.45700073  9.61499977]
