,scores,centers
0,0.9967911839485168,[33.67099953 50.21199989 14.2670002 ]
1,0.6259914040565491,[37.67099953 48.21199989  0.2670002 ]
2,0.9674602746963501,[29.67099953 40.21199989 18.2670002 ]
3,0.9417633414268494,[41.67099953 50.21199989 20.2670002 ]
