,scores,centers
0,0.9994774460792542,[9.81299973 5.20800018 8.74399948]
1,0.9988325238227844,[15.81299973  7.20800018 -3.25600052]
