,scores,centers
0,0.999345600605011,[20.38800049 94.90399933 50.37800026]
1,0.9982865452766418,[24.38800049 78.90399933 40.37800026]
2,0.9771740436553955,[18.38800049 86.90399933 80.37800026]
