,scores,centers
0,0.9986692667007446,[34.90200043 29.10000038 43.71899986]
1,0.9980746507644653,[44.90200043 49.10000038 49.71899986]
2,0.9294803738594055,[36.90200043 39.10000038 63.71899986]
3,0.9714482426643372,[26.90200043 57.10000038 55.71899986]
4,0.8962638974189758,[50.90200043 37.10000038 63.71899986]
