,scores,centers
0,0.9985905289649963,[13.39999962 22.09700012  7.29400063]
1,0.8591368794441223,[ 17.39999962  16.09700012 -16.70599937]
2,0.44363144040107727,[27.39999962 32.09700012  5.29400063]
