,scores,centers
0,0.9986535310745239,[11.48600006 26.33199978 -4.02600098]
1,0.9714189767837524,[ 5.48600006 12.33199978 -6.02600098]
2,0.976540744304657,[  1.48600006  22.33199978 -18.02600098]
3,0.7961528301239014,[-6.51399994 24.33199978 -2.02600098]
4,0.7589349150657654,[-8.51399994 38.33199978  5.97399902]
