,scores,centers
0,0.9995672106742859,[44.17000008 38.22100067 22.12300014]
1,0.9993948936462402,[16.17000008 18.22100067 32.12300014]
2,0.9967255592346191,[38.17000008 18.22100067 20.12300014]
