,scores,centers
0,0.9990671277046204,[51.62100029 51.55400085 -6.68799973]
1,0.9964627623558044,[53.62100029 37.55400085 13.31200027]
2,0.9923965334892273,[59.62100029 55.55400085 15.31200027]
