,scores,centers
0,0.9995556473731995,[ -35.7480011  -126.48899841  179.13600159]
1,0.9327081441879272,[ -57.7480011  -136.48899841  175.13600159]
2,0.981738269329071,[ -37.7480011  -142.48899841  189.13600159]
3,0.9363816976547241,[ -29.7480011  -118.48899841  167.13600159]
4,0.9788497090339661,[ -41.7480011  -112.48899841  185.13600159]
5,0.6603386998176575,[ -51.7480011  -132.48899841  201.13600159]
