,scores,centers
0,0.9993865489959717,[47.59700012 58.68700027  5.95600128]
1,0.9987055063247681,[ 3.59700012 36.68700027  3.95600128]
