,scores,centers
0,0.9996036887168884,[-3.02899933 30.59100008 16.97100067]
1,0.9882681965827942,[-11.02899933  14.59100008   0.97100067]
2,0.9224680662155151,[10.97100067 26.59100008 34.97100067]
