,scores,centers
0,0.9997082352638245,[ -5.68700027 -32.51699829  10.03899956]
1,0.9151147603988647,[ -7.68700027 -54.51699829  12.03899956]
2,0.8379579782485962,[  6.31299973 -58.51699829  -9.96100044]
