,scores,centers
0,0.9984571933746338,[40.54500008 45.1779995  66.50399971]
