,scores,centers
0,0.996475875377655,[10.85599899  3.13599968 24.11800003]
1,0.99375981092453,[  0.85599899 -10.86400032  14.11800003]
2,0.9582669734954834,[20.85599899  9.13599968 26.11800003]
3,0.966616153717041,[26.85599899 11.13599968 18.11800003]
4,0.6368263959884644,[30.85599899  5.13599968  6.11800003]
5,0.5964156985282898,[6.85599899 5.13599968 4.11800003]
6,0.4886155128479004,[30.85599899 -0.86400032 20.11800003]
