,scores,centers
0,0.9991902709007263,[ 5.77799988 11.86999893 26.47299957]
1,0.986062228679657,[-12.22200012  23.86999893  18.47299957]
