,scores,centers
0,0.999451220035553,[-20.11299896 -31.74300003  21.24800014]
1,0.991407036781311,[-14.11299896 -13.74300003  31.24800014]
2,0.9560456275939941,[ -8.11299896 -17.74300003  17.24800014]
