,scores,centers
0,0.9993487000465393,[14.12599945 32.90800095 21.37299919]
