,scores,centers
0,0.967021644115448,[-0.1780014  18.71299934  1.05999947]
1,0.9200856685638428,[ 7.8219986  12.71299934 -2.94000053]
2,0.8812673687934875,[23.8219986  22.71299934 11.05999947]
3,0.7460435032844543,[21.8219986   4.71299934  3.05999947]
4,0.41586387157440186,[15.8219986   2.71299934 13.05999947]
