,scores,centers
0,0.9992327690124512,[56.82799911 66.99100113 -7.15999985]
1,0.998837411403656,[48.82799911 64.99100113  6.84000015]
2,0.9802245497703552,[ 86.82799911  66.99100113 -23.15999985]
3,0.9789870381355286,[ 72.82799911  50.99100113 -29.15999985]
