,scores,centers
0,0.9993574023246765,[ 9.02700043 81.12799835 48.53700066]
1,0.9990432858467102,[ 17.02700043 101.12799835  48.53700066]
