,scores,centers
0,0.9995577931404114,[-16.76800156  -3.90399933  68.98699951]
1,0.9815669059753418,[-30.76800156  16.09600067  52.98699951]
2,0.9770217537879944,[ 5.23199844 -7.90399933 60.98699951]
