,scores,centers
0,0.8141060471534729,[ 17.9829998  -15.41300011  -2.51000023]
1,0.7001547813415527,[17.9829998   0.58699989  7.48999977]
2,0.48798996210098267,[13.9829998  -9.41300011 13.48999977]
3,0.5984460115432739,[ 7.9829998  -1.41300011  7.48999977]
4,0.4193703532218933,[11.9829998  -5.41300011 -6.51000023]
