,scores,centers
0,0.9981548190116882,[53.52099991  1.1760006  36.15199995]
1,0.9637197256088257,[43.52099991 -0.8239994  26.15199995]
2,0.46490415930747986,[53.52099991  7.1760006  18.15199995]
3,0.6638104915618896,[49.52099991 17.1760006  20.15199995]
