,scores,centers
0,0.999171257019043,[23.7159996  54.12800026 66.52199936]
1,0.9688704013824463,[39.7159996  56.12800026 74.52199936]
2,0.8720077276229858,[31.7159996  44.12800026 54.52199936]
