,scores,centers
0,0.998970627784729,[40.56900024 11.40800476 62.83399963]
1,0.9989283680915833,[34.56900024 35.40800476 48.83399963]
2,0.9984293580055237,[ 36.56900024 -34.59199524  84.83399963]
