,scores,centers
0,0.7638272047042847,[ 4.50799942 31.03800011 26.21000004]
1,0.5954816937446594,[ 4.50799942 29.03800011 22.21000004]
2,0.7684335112571716,[ 2.50799942 25.03800011 22.21000004]
3,0.46891656517982483,[ 0.50799942 33.03800011 22.21000004]
4,0.8631609678268433,[ 4.50799942 29.03800011 26.21000004]
