,scores,centers
0,0.9998055100440979,[ 2.41600037 66.8409996  68.93099976]
1,0.9980946183204651,[22.41600037 54.8409996  52.93099976]
2,0.973168671131134,[-11.58399963  64.8409996   40.93099976]
