,scores,centers
0,0.9980668425559998,[58.51600075  1.14900208 50.75799942]
1,0.9970442652702332,[52.51600075 -0.85099792 84.75799942]
