,scores,centers
0,0.9988914132118225,[ 2.26000023 -4.13800049 59.95499992]
1,0.9973351359367371,[ 2.26000023  7.86199951 27.95499992]
2,0.987934947013855,[ 0.26000023  9.86199951 71.95499992]
