,scores,centers
0,0.9995630383491516,[  5.93000031 -54.58000183  82.93899918]
1,0.9985892176628113,[  3.93000031 -36.58000183  82.93899918]
2,0.9975748658180237,[  9.93000031 -46.58000183  90.93899918]
3,0.7831974625587463,[ 21.93000031 -32.58000183  92.93899918]
