,scores,centers
0,0.9994786381721497,[-34.11399841 -57.21700287 -15.79800415]
1,0.9982191920280457,[-22.11399841 -61.21700287  12.20199585]
2,0.9972437620162964,[-24.11399841 -59.21700287 -45.79800415]
