,scores,centers
0,0.9991012811660767,[51.05000019  0.38700104 24.24900055]
1,0.9979696869850159,[77.05000019  4.38700104 28.24900055]
2,0.9985052347183228,[25.05000019  6.38700104 18.24900055]
3,0.9609341025352478,[ 85.05000019 -13.61299896  36.24900055]
