,scores,centers
0,0.9990140199661255,[ 3.09700012 35.07600021 37.40200043]
1,0.9992408752441406,[ 3.09700012 47.07600021 67.40200043]
