,scores,centers
0,0.999620795249939,[10.60700226 42.12099981 66.92900085]
1,0.9969937801361084,[ 2.60700226 30.12099981 52.92900085]
