,scores,centers
0,0.9968438148498535,[ 14.32600021 -12.81200027  33.10499954]
1,0.9978535771369934,[  6.32600021 -12.81200027  53.10499954]
2,0.9981663823127747,[10.32600021  3.18799973  3.10499954]
3,0.8809813857078552,[10.32600021 13.18799973 23.10499954]
