,scores,centers
0,0.9996849298477173,[50.13599968 -8.852005   30.375     ]
1,0.9997128844261169,[ 48.13599968 -24.852005     6.375     ]
2,0.9883634448051453,[ 38.13599968 -44.852005    -5.625     ]
