,scores,centers
0,0.9984082579612732,[15.43300056 22.0720005   7.45100021]
1,0.8026189208030701,[ 17.43300056  16.0720005  -16.54899979]
