,scores,centers
0,0.9979785084724426,[10.77200031  3.96800041 19.43200016]
1,0.9958620071411133,[32.77200031 21.96800041 21.43200016]
2,0.9907925128936768,[ 8.77200031 23.96800041 27.43200016]
