,scores,centers
0,0.9977765679359436,[-3.03300095 36.71700001 51.48699951]
1,0.9987761378288269,[18.96699905 30.71700001 47.48699951]
