,scores,centers
0,0.9985951781272888,[55.66300011 39.44899988  9.24900055]
1,0.9835831522941589,[43.66300011 25.44899988  3.24900055]
2,0.9793499112129211,[33.66300011 31.44899988  9.24900055]
3,0.8990253806114197,[21.66300011 29.44899988 19.24900055]
4,0.8300623297691345,[45.66300011 19.44899988 17.24900055]
5,0.7099287509918213,[45.66300011 27.44899988 25.24900055]
