,scores,centers
0,0.9998377561569214,[ 38.12199974 -29.91999817  26.72799969]
1,0.42020469903945923,[ 60.12199974 -27.91999817  36.72799969]
