,scores,centers
0,0.9987082481384277,[ 97.1740036  121.08599854  31.54999924]
1,0.998371422290802,[ 95.1740036  129.08599854  47.54999924]
