,scores,centers
0,0.9996790885925293,[ 35.16100025 123.98400116  21.75099945]
1,0.9979982972145081,[ 31.16100025 135.98400116  37.75099945]
2,0.8825747966766357,[ 13.16100025 129.98400116  49.75099945]
