,scores,centers
0,0.9972688555717468,[ 8.99600029  2.15200043 24.84899902]
1,0.9658493399620056,[  0.99600029 -11.84799957  18.84899902]
2,0.8226948976516724,[26.99600029 10.15200043 18.84899902]
3,0.6023516058921814,[16.99600029  0.15200043  2.84899902]
