,scores,centers
0,0.9988334774971008,[12.73699951 18.45199966  3.77999878]
1,0.9983711838722229,[-5.26300049 32.45199966 13.77999878]
2,0.9635936617851257,[ 6.73699951 36.45199966  1.77999878]
