,scores,centers
0,0.9983888864517212,[ 6.64400101 14.70599985  4.56900024]
1,0.9953457713127136,[16.64400101 32.70599985  8.56900024]
2,0.5721712112426758,[ 2.64400101 24.70599985 -9.43099976]
