,scores,centers
0,0.9978795051574707,[41.15299988  6.72400093 53.78000069]
1,0.9918964505195618,[45.15299988  8.72400093 27.78000069]
2,0.9922605156898499,[ 49.15299988 -11.27599907  25.78000069]
3,0.9012143611907959,[39.15299988 10.72400093  3.78000069]
4,0.8502322435379028,[53.15299988 -1.27599907 57.78000069]
