,scores,centers
0,0.998691737651825,[16.52199936  3.86399841 15.39999962]
1,0.9990503191947937,[30.52199936 -8.13600159 19.39999962]
2,0.9890144467353821,[36.52199936  1.86399841 37.39999962]
