,scores,centers
0,0.9990424513816833,[70.38800049 47.43700027 19.43999863]
1,0.9970434308052063,[84.38800049 41.43700027  9.43999863]
