,scores,centers
0,0.9966632723808289,[13.93299866 22.38000011 17.90299988]
1,0.9493836760520935,[15.93299866 22.38000011 23.90299988]
2,0.9750485420227051,[25.93299866  6.38000011 23.90299988]
3,0.8160762190818787,[-2.06700134 12.38000011  3.90299988]
4,0.5599443316459656,[ 7.93299866  4.38000011 29.90299988]
5,0.4007779657840729,[-2.06700134  8.38000011 19.90299988]
