,scores,centers
0,0.9981507658958435,[27.46700001 48.83799934 22.97800064]
1,0.9987963438034058,[27.46700001 46.83799934 -7.02199936]
2,0.9985750913619995,[27.46700001 44.83799934 46.97800064]
