,scores,centers
0,0.999049723148346,[83.98699951 18.96199989 60.39100075]
1,0.9985920786857605,[65.98699951 22.96199989 44.39100075]
2,0.9987412095069885,[71.98699951 -1.03800011 48.39100075]
