,scores,centers
0,0.9935042262077332,[ 4.9829998  12.69799995 11.4090004 ]
1,0.9559422135353088,[ 8.9829998   8.69799995 -4.5909996 ]
2,0.9387103915214539,[-5.0170002   6.69799995  9.4090004 ]
3,0.41305795311927795,[-5.0170002  10.69799995 -4.5909996 ]
