,scores,centers
0,0.999351441860199,[ 3.75699997  8.55500031 70.94799995]
1,0.999451220035553,[ 9.75699997 14.55500031 44.94799995]
