,scores,centers
0,0.9987146854400635,[-42.41600037 -14.50400162 -35.13300323]
1,0.9953202605247498,[ -8.41600037 -16.50400162 -49.13300323]
2,0.9851528406143188,[-24.41600037 -12.50400162 -33.13300323]
3,0.6355791091918945,[-22.41600037 -10.50400162 -61.13300323]
