,scores,centers
0,0.9844581484794617,[ 45.52700043 -24.19900131  60.43500137]
1,0.9529579877853394,[ 53.52700043 -20.19900131  82.43500137]
2,0.7332106232643127,[51.52700043 -6.19900131 66.43500137]
3,0.7590651512145996,[ 57.52700043 -14.19900131  64.43500137]
