,scores,centers
0,0.9974846839904785,[82.77300072  9.01799965 37.99200058]
1,0.9982518553733826,[28.77300072 27.01799965  3.99200058]
2,0.9688287973403931,[-9.22699928 23.01799965  1.99200058]
3,0.9622741937637329,[72.77300072 25.01799965 53.99200058]
