,scores,centers
0,0.9990546107292175,[21.40299988 23.82499981 17.83200073]
1,0.9965757727622986,[ 9.40299988 33.82499981 -4.16799927]
