,scores,centers
0,0.9982226490974426,[13.22299957 40.26800013 39.26900005]
