,scores,centers
0,0.9996010661125183,[-17.34999847  33.97999954  75.48300171]
1,0.980374276638031,[ 0.65000153 59.97999954 71.48300171]
