,scores,centers
0,0.9992989301681519,[-0.84799957 30.11800003  9.75099945]
1,0.9821828007698059,[19.15200043 28.11800003 25.75099945]
2,0.9703336358070374,[13.15200043 32.11800003 35.75099945]
