,scores,centers
0,0.9992995262145996,[12.11899996 44.33099937 16.41600037]
1,0.9978283047676086,[38.11899996 38.33099937 26.41600037]
2,0.9994333386421204,[62.11899996 32.33099937 14.41600037]
