,scores,centers
0,0.9989222288131714,[-0.20899963  7.59899902 27.4090004 ]
1,0.9913832545280457,[15.79100037 17.59899902 17.4090004 ]
2,0.9591461420059204,[-0.20899963 29.59899902 13.4090004 ]
