,scores,centers
0,0.999126136302948,[  7.94499969  11.19799995 102.92099762]
1,0.9984015822410583,[  7.94499969  21.19799995 106.92099762]
