,scores,centers
0,0.9991472959518433,[-10.80899811  15.60400009  29.60400009]
1,0.988646388053894,[-6.80899811 15.60400009 35.60400009]
2,0.5984242558479309,[-22.80899811  15.60400009  11.60400009]
