,scores,centers
0,0.9992018342018127,[ 5.71199989 54.01799965 51.71100044]
1,0.9970014691352844,[13.71199989 84.01799965 49.71100044]
