,scores,centers
0,0.9991446733474731,[32.24399948 61.48999977 43.27700043]
1,0.9989326596260071,[46.24399948 75.48999977 25.27700043]
