,scores,centers
0,0.9983591437339783,[ 64.73699951 -25.08599854 -30.08300018]
1,0.8261799216270447,[ 50.73699951  -1.08599854 -28.08300018]
2,0.9135302901268005,[ 68.73699951  -1.08599854 -26.08300018]
3,0.9659823179244995,[ 78.73699951 -37.08599854 -16.08300018]
