,scores,centers
0,0.998913049697876,[15.65600014 45.87100029  0.16399956]
1,0.9930860996246338,[15.65600014 35.87100029 26.16399956]
2,0.8590055108070374,[11.65600014 33.87100029 10.16399956]
3,0.9796812534332275,[ 17.65600014  41.87100029 -13.83600044]
