,scores,centers
0,0.9987375140190125,[10.66799927 34.65600014 27.56999969]
1,0.9972826242446899,[-5.33200073 18.65600014 33.56999969]
