,scores,centers
0,0.9993053674697876,[15.31900024 26.89000034  2.66699982]
1,0.9823922514915466,[37.31900024 24.89000034 12.66699982]
