,scores,centers
0,0.9982364177703857,[ 50.53300095 -15.34500122  34.27600002]
1,0.9777953624725342,[ 48.53300095 -21.34500122  20.27600002]
