,scores,centers
0,0.9978801012039185,[29.72900009 24.98799992 38.95199966]
1,0.9963365793228149,[25.72900009 20.98799992 42.95199966]
