,scores,centers
0,0.9991446733474731,[22.26099968  4.88899994 -9.31800079]
1,0.9995903372764587,[34.26099968 56.88899994 24.68199921]
2,0.997528612613678,[28.26099968 28.88899994  6.68199921]
