,scores,centers
0,0.9996645450592041,[17.67399979 34.02799988 49.94499969]
1,0.9372706413269043,[25.67399979 40.02799988 69.94499969]
