,scores,centers
0,0.999255359172821,[-7.09700012 53.61999989 23.8210001 ]
1,0.9994065761566162,[ 4.90299988 29.61999989 25.8210001 ]
