,scores,centers
0,0.9979785084724426,[10.77200031  3.96800041 19.43200016]
1,0.9907925128936768,[ 8.77200031 23.96800041 27.43200016]
2,0.989674985408783,[22.77200031 13.96800041 33.43200016]
3,0.9629051089286804,[16.77200031 23.96800041 11.43200016]
