,scores,centers
0,0.9995540976524353,[55.76399994 17.62400055 14.147995  ]
1,0.9994495511054993,[ 57.76399994  47.62400055 -29.852005  ]
2,0.9980816841125488,[ 55.76399994  31.62400055 -13.852005  ]
