,scores,centers
0,0.9986705780029297,[49.72900009  0.9659996  35.89099979]
1,0.4289620518684387,[55.72900009  8.9659996  19.89099979]
2,0.7718738317489624,[61.72900009 10.9659996  37.89099979]
