,scores,centers
0,0.9988256096839905,[56.10900116 15.93500137 -3.42200089]
1,0.9989011287689209,[30.10900116  5.93500137 14.57799911]
