,scores,centers
0,0.9959633350372314,[ 58.51699829  33.64999962 -16.74499893]
1,0.5903266668319702,[48.51699829 37.64999962 -2.74499893]
2,0.618741512298584,[ 68.51699829  43.64999962 -10.74499893]
3,0.7263900637626648,[60.51699829 41.64999962 -4.74499893]
