,scores,centers
0,0.9985432624816895,[56.15100002 39.49800014  9.60400009]
1,0.9819064140319824,[34.15100002 31.49800014  9.60400009]
2,0.9766457676887512,[42.15100002 25.49800014  1.60400009]
3,0.9438307285308838,[44.15100002 17.49800014 17.60400009]
4,0.9317364692687988,[56.15100002 27.49800014 -4.39599991]
5,0.8784042000770569,[44.15100002 29.49800014 25.60400009]
6,0.7995853424072266,[24.15100002 29.49800014 19.60400009]
