,scores,centers
0,0.9989736080169678,[23.99300003 29.63599968 11.81999969]
1,0.9871654510498047,[41.99300003 33.63599968 17.81999969]
