,scores,centers
0,0.999235987663269,[37.18400002 68.34600067 81.73799896]
1,0.9961211085319519,[ 5.18400002 58.34600067 79.73799896]
