,scores,centers
0,0.9989792704582214,[32.40400028 52.74100018 42.90699959]
