,scores,centers
0,0.9994660019874573,[ 0.3789978   6.62400055 62.81299973]
1,0.9993746876716614,[ 6.3789978  10.62400055 32.81299973]
