,scores,centers
0,0.9992571473121643,[ 0.82899857 -4.62900162  7.89699936]
1,0.9986054301261902,[ 2.82899857 -8.62900162 11.89699936]
2,0.9572433829307556,[-11.17100143  17.37099838  -0.10300064]
3,0.824776828289032,[ -1.17100143 -18.62900162  -4.10300064]
4,0.4044216275215149,[-27.17100143  -6.62900162   1.89699936]
