,scores,centers
0,0.9995481371879578,[75.09199905 -0.97800064 26.85599995]
