,scores,centers
0,0.9977841973304749,[-17.02300262  20.65600014  42.04500008]
1,0.989966630935669,[ 0.97699738 34.65600014 48.04500008]
