,scores,centers
0,0.9994169473648071,[35.22599983 34.86400032 45.34300041]
1,0.9994016885757446,[23.22599983 10.86400032 59.34300041]
