,scores,centers
0,0.9987898468971252,[15.31200027  1.87400055 33.79599953]
1,0.998724639415741,[ 7.31200027 -6.12599945 -0.20400047]
2,0.9936397671699524,[-2.68799973 -8.12599945 21.79599953]
3,0.9840880632400513,[25.31200027 -8.12599945 15.79599953]
