,scores,centers
0,0.9982035160064697,[16.86899948  3.20999908  3.50399971]
1,0.9850243330001831,[12.86899948  1.20999908 19.50399971]
2,0.8756052255630493,[-3.13100052  7.20999908  5.50399971]
3,0.7156312465667725,[16.86899948  9.20999908 35.50399971]
