,scores,centers
0,0.9928650856018066,[16.84600067 93.57600021  7.7140007 ]
1,0.9646173715591431,[12.84600067 71.57600021 -4.2859993 ]
2,0.932659924030304,[ 24.84600067  97.57600021 -10.2859993 ]
3,0.8731358051300049,[18.84600067 53.57600021  5.7140007 ]
4,0.6010550260543823,[ 4.84600067 49.57600021  3.7140007 ]
