,scores,centers
0,0.9998481273651123,[ 2.46199799 66.73999977 67.26600075]
1,0.9362786412239075,[-11.53800201  66.73999977  43.26600075]
2,0.984150767326355,[ 4.46199799 80.73999977 63.26600075]
