,scores,centers
0,0.9990936517715454,[ 7.2670002  32.30000019 18.14900017]
1,0.991596519947052,[-0.7329998  20.30000019 20.14900017]
2,0.829836905002594,[ 9.2670002  36.30000019 -1.85099983]
3,0.46412062644958496,[13.2670002  18.30000019  6.14900017]
