,scores,centers
0,0.9977141618728638,[53.49900055  1.16699982 35.61999989]
1,0.9677292108535767,[43.49900055 -0.83300018 27.61999989]
2,0.7884525060653687,[39.49900055  5.16699982 15.61999989]
3,0.8501173853874207,[49.49900055 17.16699982 21.61999989]
4,0.6552188992500305,[55.49900055  7.16699982 17.61999989]
