,scores,centers
0,0.9990160465240479,[-4.76899719 11.63599968 31.96099854]
1,0.9978947043418884,[ 65.23100281  29.63599968 -10.03900146]
2,0.9639551043510437,[ 1.23100281 25.63599968 19.96099854]
3,0.9448649287223816,[ 7.32310028e+01  4.36359997e+01 -3.90014648e-02]
4,0.4709041714668274,[-10.76899719   1.63599968  17.96099854]
