,scores,centers
0,0.9991617202758789,[28.68999863 96.         53.98999977]
1,0.9912803769111633,[12.68999863 98.         67.98999977]
2,0.8221572637557983,[14.68999863 88.         41.98999977]
