,scores,centers
0,0.9941692352294922,[43.4829998  18.21899986 53.49699974]
1,0.9923526644706726,[49.4829998  22.21899986 43.49699974]
2,0.910957932472229,[37.4829998   8.21899986 57.49699974]
3,0.8918929100036621,[43.4829998   4.21899986 47.49699974]
4,0.6216768622398376,[35.4829998  22.21899986 31.49699974]
