,scores,centers
0,0.9985001087188721,[-16.46299744  19.70499992  42.51000023]
1,0.9885348677635193,[-0.46299744 37.70499992 46.51000023]
2,0.9959011673927307,[-14.46299744  25.70499992  52.51000023]
