,scores,centers
0,0.9985124468803406,[-4.23699951  4.53000069 15.59899902]
1,0.996231734752655,[ 5.76300049 -3.46999931  7.59899902]
2,0.9840059280395508,[-6.23699951 -7.46999931 31.59899902]
