,scores,centers
0,0.9997034668922424,[95.83000183 17.57999992 -1.41999817]
1,0.9983021020889282,[107.83000183  63.57999992  24.58000183]
