,scores,centers
0,0.9998044371604919,[ 2.74500275 66.74599838 67.70700073]
1,0.998044490814209,[22.74500275 54.74599838 53.70700073]
2,0.9836183190345764,[-11.25499725  64.74599838  39.70700073]
