,scores,centers
0,0.9980271458625793,[34.32499981 43.7130003  33.16699982]
1,0.9981516003608704,[36.32499981 41.7130003  45.16699982]
2,0.9458514451980591,[36.32499981 19.7130003  37.16699982]
