,scores,centers
0,0.99880051612854,[ 0.90999985 33.23499966 17.32999992]
1,0.9565528631210327,[-1.09000015 43.23499966 43.32999992]
2,0.8968735337257385,[14.90999985 35.23499966 23.32999992]
3,0.5663503408432007,[14.90999985 31.23499966 41.32999992]
