,scores,centers
0,0.9991951584815979,[ 4.3579998  12.96699905 45.7689991 ]
1,0.9991399049758911,[10.3579998  12.96699905 -2.2310009 ]
2,0.9980443716049194,[10.3579998  -5.03300095 23.7689991 ]
