,scores,centers
0,0.9982853531837463,[-17.22299957 -18.00600052  31.30800056]
1,0.9983906745910645,[  8.77700043 -10.00600052  27.30800056]
