,scores,centers
0,0.9986781477928162,[ 23.47299957  10.23500061 -10.85900116]
1,0.9978283047676086,[ 35.47299957 -13.76499939 -12.85900116]
2,0.9850910902023315,[11.47299957 -9.76499939 -0.85900116]
