,scores,centers
0,0.9991156458854675,[ 23.84899998 -32.58200073  13.94599915]
1,0.9970946311950684,[ 25.84899998 -18.58200073  37.94599915]
2,0.9898324012756348,[25.84899998 -2.58200073 27.94599915]
