,scores,centers
0,0.998963475227356,[21.23699999 37.57299995 29.96999931]
1,0.9991686344146729,[21.23699999 35.57299995 27.96999931]
2,0.4380602240562439,[13.23699999 25.57299995 37.96999931]
