,scores,centers
0,0.9992111921310425,[ 7.79499817 97.35400009 62.18400002]
1,0.999301552772522,[ 23.79499817 109.35400009  76.18400002]
2,0.9993095397949219,[-8.20500183 81.35400009 48.18400002]
