,scores,centers
0,0.9992812275886536,[92.20899963 19.40099907 50.76599979]
1,0.9994027614593506,[38.20899963 -6.59900093 48.76599979]
