,scores,centers
0,0.9922881126403809,[19.09600067 25.46100044 57.01000023]
1,0.975980281829834,[15.09600067 35.46100044 51.01000023]
2,0.9778173565864563,[-2.90399933 27.46100044 63.01000023]
3,0.6700876355171204,[-4.90399933 23.46100044 49.01000023]
