,scores,centers
0,0.9979058504104614,[16.04899979 16.27899933 20.71100044]
