,scores,centers
0,0.9985705614089966,[9.13599968 9.31900024 1.06800079]
1,0.9997051358222961,[-6.86400032 -6.68099976 -8.93199921]
2,0.9957952499389648,[ 25.13599968 -10.68099976   5.06800079]
