,scores,centers
0,0.9989042282104492,[-5.91899872  1.16500092 17.39500046]
1,0.9987699389457703,[  0.08100128 -12.83499908 -16.60499954]
2,0.9987329840660095,[ 4.08100128  7.16500092 -0.60499954]
3,0.9879713654518127,[  4.08100128  17.16500092 -26.60499954]
