,scores,centers
0,0.9991204142570496,[ 41.90600014  63.55699921 103.45200348]
1,0.9991833567619324,[ 31.90600014  49.55699921 123.45200348]
2,0.9197282791137695,[ 59.90600014  41.55699921 111.45200348]
