,scores,centers
0,0.9992509484291077,[18.29800034 -5.86399841 13.59600067]
1,0.9970922470092773,[ 12.29800034 -21.86399841  27.59600067]
2,0.9856154918670654,[ 6.29800034 12.13600159 11.59600067]
