,scores,centers
0,0.9996466636657715,[ 23.42900085 -11.625        8.10300064]
1,0.9921619296073914,[  5.42900085 -23.625       -1.89699936]
2,0.9514753222465515,[  9.42900085 -11.625       20.10300064]
3,0.8455392122268677,[ 21.42900085 -25.625       20.10300064]
