,scores,centers
0,0.9997194409370422,[ 8.66799927 21.70800018 57.81099987]
