,scores,centers
0,0.9963250756263733,[16.07999992 10.06500053 13.00499916]
1,0.9992703795433044,[12.07999992 38.06500053 19.00499916]
2,0.9994193315505981,[32.07999992 -3.93499947  3.00499916]
