,scores,centers
0,0.9889097809791565,[13.03800011  5.2859993   2.07099915]
1,0.8791971206665039,[29.03800011 13.2859993  -3.92900085]
