,scores,centers
0,0.9985912442207336,[ 8.91399956  4.1439991  26.56800079]
1,0.99930739402771,[12.91399956 20.1439991   4.56800079]
