,scores,centers
0,0.9761332273483276,[23.47700024 24.90199995 24.73200035]
1,0.44335097074508667,[15.47700024 12.90199995 32.73200035]
2,0.5845186114311218,[33.47700024 18.90199995 24.73200035]
