,scores,centers
0,0.9991959929466248,[24.80800056 30.39299965 49.04300022]
1,0.9996218681335449,[18.80800056 42.39299965 35.04300022]
