,scores,centers
0,0.9981791973114014,[29.20900011 13.99200058 25.3210001 ]
1,0.9971399307250977,[33.20900011 25.99200058 29.3210001 ]
2,0.9950522780418396,[19.20900011 25.99200058 37.3210001 ]
