,scores,centers
0,0.998982846736908,[-7.60800171 51.22999954 31.32699966]
