,scores,centers
0,0.9963440299034119,[22.49100018 21.68200016 13.65100002]
1,0.9915374517440796,[28.49100018 29.68200016 13.65100002]
2,0.8999698162078857,[32.49100018 15.68200016  3.65100002]
3,0.6287017464637756,[28.49100018  7.68200016 13.65100002]
