,scores,centers
0,0.9992652535438538,[19.68000031 94.22399902  5.93099976]
1,0.9905727505683899,[ 59.68000031 100.22399902  25.93099976]
2,0.9789546728134155,[ 17.68000031 116.22399902 -20.06900024]
3,0.9889188408851624,[27.68000031 74.22399902  1.93099976]
4,0.9780647158622742,[  7.68000031 104.22399902  27.93099976]
