,scores,centers
0,0.9995976090431213,[ 17.02799988 144.11299896  20.12799835]
1,0.9978673458099365,[ 15.02799988 130.11299896   4.12799835]
