,scores,centers
0,0.999011754989624,[70.97900009 45.61899948 19.19900131]
1,0.9966965913772583,[86.97900009 35.61899948 29.19900131]
