,scores,centers
0,0.9985328912734985,[13.19400024 56.4810009  53.77199936]
1,0.9965496063232422,[27.19400024 42.4810009  63.77199936]
2,0.9197976589202881,[ 3.19400024 60.4810009  47.77199936]
3,0.9482280015945435,[ 5.19400024 82.4810009  51.77199936]
