,scores,centers
0,0.9994471669197083,[17.71199989 90.33100128 78.70100021]
1,0.9926730990409851,[17.71199989 78.33100128 60.70100021]
2,0.9452285766601562,[ 15.71199989 104.33100128  58.70100021]
