,scores,centers
0,0.997810423374176,[ -2.12800026  17.24399948 106.71499634]
1,0.9977542757987976,[ 27.87199974  35.24399948 122.71499634]
2,0.9893594980239868,[ 25.87199974  15.24399948 112.71499634]
