,scores,centers
0,0.9992544054985046,[13.0909996  18.20700073  5.12800026]
1,0.9980078339576721,[11.0909996   6.20700073 27.12800026]
