,scores,centers
0,0.9992262125015259,[20.49100113  4.62599945 -9.51300049]
1,0.9994897842407227,[32.49100113 56.62599945 24.48699951]
2,0.9986262321472168,[26.49100113 28.62599945  8.48699951]
