,scores,centers
0,0.9978443384170532,[16.52099991 55.43199921 55.52799988]
1,0.9860842823982239,[34.52099991 67.43199921 49.52799988]
