,scores,centers
0,0.9981575608253479,[11.11100006 -2.02999878 17.01799965]
1,0.9983281493186951,[  5.11100006 -20.02999878   7.01799965]
