,scores,centers
0,0.9985218644142151,[ 2.72100067 14.81900024 54.38800049]
1,0.9983275532722473,[14.72100067  4.81900024 48.38800049]
2,0.9240414500236511,[26.72100067 18.81900024 52.38800049]
