,scores,centers
0,0.9994361996650696,[14.75       -2.15800095 12.88400078]
1,0.9784339070320129,[18.75        3.84199905 42.88400078]
2,0.9564775824546814,[ 8.75        5.84199905 34.88400078]
