,scores,centers
0,0.9982420206069946,[-7.32500076 50.06299973 14.31900024]
1,0.9930949211120605,[24.67499924 48.06299973  8.31900024]
