,scores,centers
0,0.999133288860321,[47.53899956 21.08699989 19.18200016]
1,0.9942177534103394,[37.53899956 -4.91300011 37.18200016]
