,scores,centers
0,0.9991862177848816,[ 40.73200035  45.19300079 122.6269989 ]
1,0.9984269142150879,[ 40.73200035  71.19300079 122.6269989 ]
2,0.9665178060531616,[ 32.73200035  31.19300079 116.6269989 ]
