,scores,centers
0,0.9986798167228699,[ 24.7869997  -10.08000183  57.97599983]
1,0.9975743889808655,[ 54.7869997  -28.08000183  49.97599983]
