,scores,centers
0,0.999350368976593,[ 15.99399948 -11.94200134  21.39099979]
1,0.9826227426528931,[-6.00051880e-03  1.00579987e+01  2.93909998e+01]
2,0.9929416179656982,[17.99399948  4.05799866 33.39099979]
3,0.9464021921157837,[27.99399948  2.05799866 21.39099979]
4,0.9685280919075012,[ 3.99399948  0.05799866 11.39099979]
