,scores,centers
0,0.9986422657966614,[51.3409996   0.14699936 23.93500137]
1,0.9994696974754333,[27.3409996  10.14699936 21.93500137]
2,0.9983875751495361,[79.3409996   4.14699936 33.93500137]
