,scores,centers
0,0.9987806677818298,[23.95899963 33.62800026 27.16699982]
1,0.998704195022583,[23.95899963 39.62800026 23.16699982]
