,scores,centers
0,0.9996633529663086,[40.88100004 -0.82799911 17.00199986]
1,0.9994358420372009,[34.88100004 -4.82799911 19.00199986]
2,0.967951238155365,[ 48.88100004 -10.82799911  35.00199986]
