,scores,centers
0,0.9993913173675537,[20.05900002 19.47400093 27.54100037]
1,0.9991933703422546,[-3.94099998  1.47400093  5.54100037]
