,scores,centers
0,0.9981856942176819,[2.63700104 7.58300018 4.19799995]
1,0.9978688955307007,[12.63700104 -8.41699982  4.19799995]
2,0.9801679849624634,[ 4.63700104  5.58300018 20.19799995]
3,0.9122876524925232,[-1.36299896 -6.41699982 22.19799995]
