,scores,centers
0,0.9982138872146606,[ 25.56400013  12.4109993  -12.65000153]
1,0.9969708919525146,[ 35.56400013 -13.5890007  -14.65000153]
2,0.9867534041404724,[ 21.56400013 -11.5890007  -10.65000153]
