,scores,centers
0,0.999358594417572,[ 3.90800095 11.79599762 68.90100002]
1,0.9993583559989929,[ 9.90800095 11.79599762 34.90100002]
