,scores,centers
0,0.9988613128662109,[45.32699966 21.96800041 38.13599968]
1,0.9703823328018188,[35.32699966 11.96800041 26.13599968]
2,0.9605778455734253,[25.32699966 37.96800041 48.13599968]
3,0.9024237394332886,[45.32699966 31.96800041 50.13599968]
4,0.6767877340316772,[37.32699966 43.96800041 28.13599968]
5,0.7455121874809265,[21.32699966 23.96800041 38.13599968]
