,scores,centers
0,0.9989842772483826,[ 5.68600082 -3.01399994 17.30000019]
1,0.8860048651695251,[27.68600082 -1.01399994 19.30000019]
