,scores,centers
0,0.9993603825569153,[ 26.25600052 -12.02099991  -5.02999878]
1,0.999376118183136,[42.25600052 -8.02099991 36.97000122]
2,0.9994107484817505,[42.25600052 -4.02099991 12.97000122]
