,scores,centers
0,0.9894634485244751,[-8.5529995  13.93700027 28.20600033]
1,0.9781695604324341,[-0.5529995  11.93700027 18.20600033]
2,0.892650306224823,[ 9.4470005   5.93700027 10.20600033]
3,0.9118300080299377,[11.4470005   1.93700027 28.20600033]
4,0.4112411141395569,[-0.5529995  -0.06299973 24.20600033]
