,scores,centers
0,0.988528311252594,[57.88800049 99.68199921 25.46000004]
1,0.985186755657196,[31.88800049 87.68199921 17.46000004]
2,0.9713810682296753,[ 49.88800049 113.68199921  21.46000004]
3,0.9515207409858704,[49.88800049 87.68199921 27.46000004]
4,0.5116927027702332,[45.88800049 85.68199921  9.46000004]
