,scores,centers
0,0.9991330504417419,[11.95000076  0.24900055 -7.98900032]
1,0.904364824295044,[19.95000076  2.24900055 12.01099968]
