,scores,centers
0,0.999342143535614,[13.2670002  75.52899933 16.27400017]
1,0.9964248538017273,[35.2670002  73.52899933  0.27400017]
2,0.9697736501693726,[-6.7329998  89.52899933 24.27400017]
3,0.7896925210952759,[27.2670002  59.52899933 12.27400017]
