,scores,centers
0,0.999243974685669,[ 11.73600006 -26.30199814  16.39799881]
1,0.9357316493988037,[ 23.73600006 -34.30199814  26.39799881]
2,0.9715913534164429,[ -0.26399994 -38.30199814   6.39799881]
3,0.5005804896354675,[ 13.73600006 -30.30199814  -3.60200119]
