,scores,centers
0,0.999116837978363,[30.43099976  2.59500122 51.02999973]
