,scores,centers
0,0.9994020462036133,[29.36499977  3.83399963 63.67699814]
