,scores,centers
0,0.9991662502288818,[-0.7840004  -0.70700073 42.64699936]
1,0.9871113896369934,[21.2159996  13.29299927 34.64699936]
2,0.9328750967979431,[25.2159996   5.29299927 42.64699936]
