,scores,centers
0,0.9986955523490906,[77.30699921 17.91799927 11.16699982]
1,0.9990631937980652,[53.30699921 23.91799927 11.16699982]
