,scores,centers
0,0.9916485548019409,[14.41899872 -2.90800095  2.33300018]
1,0.9792766571044922,[14.41899872  7.09199905 12.33300018]
2,0.9790564775466919,[18.41899872 19.09199905 12.33300018]
3,0.554846465587616,[24.41899872 -0.90800095 -1.66699982]
4,0.6995413899421692,[12.41899872 13.09199905 30.33300018]
5,0.5438201427459717,[30.41899872  3.09199905  4.33300018]
