,scores,centers
0,0.9992775321006775,[18.20000076 -2.3710022   2.85800171]
1,0.9992455244064331,[-9.79999924 47.6289978  46.85800171]
