,scores,centers
0,0.9993507266044617,[11.96700001 21.03499985 31.01300001]
1,0.9937792420387268,[37.96700001 23.03499985 37.01300001]
2,0.990739107131958,[21.96700001  7.03499985 45.01300001]
