,scores,centers
0,0.9984240531921387,[22.83100033 63.90100098 36.89700031]
1,0.9847132563591003,[18.83100033 75.90100098 22.89700031]
2,0.9796243906021118,[ 8.83100033 71.90100098 30.89700031]
