,scores,centers
0,0.9933059811592102,[43.35899925 18.17599964 53.59600067]
1,0.9921512603759766,[51.35899925 22.17599964 41.59600067]
2,0.9511279463768005,[37.35899925  8.17599964 57.59600067]
3,0.8987924456596375,[43.35899925  4.17599964 47.59600067]
4,0.7609320878982544,[35.35899925 22.17599964 31.59600067]
5,0.614691436290741,[55.35899925 12.17599964 47.59600067]
