,scores,centers
0,0.999136745929718,[-10.60400009 -11.72200012  54.64999962]
1,0.9996583461761475,[ 21.39599991 -33.72200012  54.64999962]
