,scores,centers
0,0.9984402060508728,[-4.33599854  4.64999962 13.26200104]
1,0.9066422581672668,[-10.33599854  -1.35000038  31.26200104]
2,0.9833637475967407,[ 3.66400146 -3.35000038 25.26200104]
