,scores,centers
0,0.9996607303619385,[21.32600021 28.06800079 32.80200005]
1,0.9995617270469666,[-2.67399979  4.06800079 32.80200005]
