,scores,centers
0,0.9993336796760559,[-9.27700043 16.89099979 28.45599985]
1,0.6054290533065796,[-1.27700043 26.89099979 44.45599985]
