,scores,centers
0,0.9986739158630371,[46.00599957 34.46500015  0.43000031]
1,0.9919751286506653,[56.00599957 42.46500015 14.43000031]
