,scores,centers
0,0.9987068176269531,[ 2.80899811 -2.81299973  8.91799927]
1,0.9919746518135071,[ -5.19100189   3.18700027 -15.08200073]
2,0.9546972513198853,[ 2.80899811 25.18700027  0.91799927]
3,0.9429178237915039,[-21.19100189   9.18700027   0.91799927]
