,scores,centers
0,0.9973767995834351,[24.6880002  23.9630003  45.91600037]
1,0.9305629134178162,[38.6880002  25.9630003  45.91600037]
2,0.9713563323020935,[20.6880002  21.9630003  27.91600037]
3,0.9259997606277466,[34.6880002  19.9630003  31.91600037]
4,0.711904764175415,[36.6880002  21.9630003  71.91600037]
