,scores,centers
0,0.9993519186973572,[14.28699875 52.22800064 78.4620018 ]
1,0.9957668781280518,[28.28699875 66.22800064 68.4620018 ]
2,0.9923630952835083,[20.28699875 76.22800064 42.4620018 ]
