,scores,centers
0,0.9990482926368713,[ 64.67100143 -25.15399933 -28.25      ]
1,0.9625749588012695,[ 50.67100143  -7.15399933 -32.25      ]
