,scores,centers
0,0.9996503591537476,[ 27.20800018 -23.76900101  44.66900063]
1,0.9789421558380127,[29.20800018 -5.76900101 50.66900063]
