,scores,centers
0,0.9994373917579651,[16.89300013 62.33000183 -2.62100029]
1,0.9854170680046082,[18.89300013 54.33000183 -6.62100029]
2,0.4761868119239807,[ 8.89300013 52.33000183  5.37899971]
