,scores,centers
0,0.999584972858429,[183.74699402 123.02400208  31.0529995 ]
