,scores,centers
0,0.9985435009002686,[53.48999977  0.93300056 35.671     ]
1,0.983940601348877,[47.48999977  2.93300056 31.671     ]
2,0.5978072285652161,[35.48999977  2.93300056 27.671     ]
