,scores,centers
0,0.9989759922027588,[14.1779995   3.23600006 18.20199966]
1,0.9911426305770874,[  2.1779995  -16.76399994  -5.79800034]
