,scores,centers
0,0.998607337474823,[53.5739994   1.875      35.37599993]
1,0.9772723913192749,[39.5739994   5.875      15.37599993]
2,0.9472248554229736,[47.5739994  17.875      21.37599993]
