,scores,centers
0,0.9992572665214539,[41.44599915 22.21500015  2.49600029]
1,0.9832778573036194,[35.44599915 10.21500015 14.49600029]
2,0.9176576733589172,[49.44599915 34.21500015 -5.50399971]
3,0.7380408644676208,[37.44599915 20.21500015 32.49600029]
4,0.46779540181159973,[41.44599915 14.21500015 32.49600029]
