,scores,centers
0,0.9976268410682678,[62.45899963 17.39699936 90.28700066]
1,0.998608410358429,[56.45899963 21.39699936 48.28700066]
