,scores,centers
0,0.9990119934082031,[12.06100082 38.06699944 16.46699905]
1,0.9958899617195129,[16.06100082 16.06699944 12.46699905]
2,0.9995182752609253,[32.06100082 -3.93300056  2.46699905]
