,scores,centers
0,0.9993870258331299,[18.45000076  7.60099983  8.10499954]
1,0.9955062866210938,[4.45000076 3.60099983 4.10499954]
