,scores,centers
0,0.9996815919876099,[19.38800049 -8.52500153  1.58099937]
1,0.9938808679580688,[17.38800049 -0.52500153 13.58099937]
2,0.9503061771392822,[  7.38800049  -2.52500153 -12.41900063]
