,scores,centers
0,0.9985435009002686,[ 9.6989994  19.72500038 39.69500017]
1,0.9896748661994934,[13.6989994  19.72500038 35.69500017]
2,0.8716993927955627,[ 9.6989994  11.72500038 33.69500017]
