,scores,centers
0,0.9982472658157349,[ 37.36100006 -36.56500244  -2.26699829]
1,0.9906725287437439,[ 33.36100006 -52.56500244   7.73300171]
2,0.9912502765655518,[ 31.36100006 -42.56500244  13.73300171]
3,0.8767077326774597,[ 23.36100006 -30.56500244  -4.26699829]
4,0.5633025169372559,[ 27.36100006 -56.56500244  -2.26699829]
