,scores,centers
0,0.99901282787323,[97.18599701 16.30700016 11.0909996 ]
1,0.9915916919708252,[87.18599701 16.30700016 25.0909996 ]
2,0.45889249444007874,[75.18599701  4.30700016  7.0909996 ]
