,scores,centers
0,0.999669075012207,[87.13000011 37.7489996  18.57699966]
1,0.9995965361595154,[51.13000011 89.7489996  26.57699966]
