,scores,centers
0,0.9984784722328186,[ 15.4980011  -15.47200012  29.60699987]
