,scores,centers
0,0.9997090697288513,[134.61299896 114.78099823  40.50199986]
1,0.9965959191322327,[132.61299896 124.78099823  12.50199986]
