,scores,centers
0,0.9996979236602783,[-64.5739975  -39.92099762  64.84000015]
