,scores,centers
0,0.9988749623298645,[28.29800034 26.3030014  -3.56299973]
1,0.9925413131713867,[20.29800034 12.3030014  14.43700027]
2,0.92257159948349,[10.29800034 24.3030014   8.43700027]
