,scores,centers
0,0.9994876384735107,[33.05999994 56.0320015  11.62199974]
1,0.9912821054458618,[39.05999994 60.0320015  31.62199974]
2,0.9602540135383606,[41.05999994 66.0320015   7.62199974]
3,0.5378000140190125,[29.05999994 40.0320015  33.62199974]
4,0.6927909255027771,[25.05999994 72.0320015  21.62199974]
