,scores,centers
0,0.9995354413986206,[48.3409996  83.73799896 55.0369997 ]
1,0.9990878105163574,[18.3409996  95.73799896 45.0369997 ]
