,scores,centers
0,0.9991022348403931,[13.10200024 18.20000076  5.26000023]
1,0.9981087446212769,[11.10200024  4.20000076 27.26000023]
