,scores,centers
0,0.99901282787323,[23.91300011 17.05999947 93.25      ]
