,scores,centers
0,0.9988986253738403,[25.93299866  9.97800064 74.68899918]
1,0.9989192485809326,[ 3.93299866 13.97800064 32.68899918]
2,0.9991876482963562,[31.93299866  5.97800064 42.68899918]
3,0.8523465394973755,[15.93299866  1.97800064 30.68899918]
