,scores,centers
0,0.9992901086807251,[-52.83000183  36.58599854 -23.44900131]
1,0.9993196725845337,[-16.83000183  -1.41400146 -13.44900131]
2,0.9982682466506958,[-32.83000183  24.58599854 -15.44900131]
