,scores,centers
0,0.9996052384376526,[ 4.9279995  23.01800013 -0.57299995]
