,scores,centers
0,0.9983943104743958,[31.25799942 22.62200022  9.54700089]
1,0.9955780506134033,[47.25799942 30.62200022 17.54700089]
2,0.659421980381012,[41.25799942 34.62200022  5.54700089]
