,scores,centers
0,0.9990888833999634,[36.69299984 75.63500023 62.08600044]
1,0.9983119964599609,[50.69299984 41.63500023 62.08600044]
