,scores,centers
0,0.999123752117157,[13.11800003 36.07999992 37.18799973]
