,scores,centers
0,0.9986989498138428,[ 6.44100189 -0.39099884  5.56200027]
1,0.9990456700325012,[  2.44100189  -2.39099884 -18.43799973]
