,scores,centers
0,0.9993532299995422,[18.94400024 74.54399872 56.24700022]
