,scores,centers
0,0.9989007711410522,[-4.38400269  4.39500046 15.08699989]
1,0.9986063838005066,[ 3.61599731 -5.60499954  7.08699989]
2,0.9817079305648804,[-16.38400269  -9.60499954  31.08699989]
3,0.6150020360946655,[-12.38400269   6.39500046  29.08699989]
4,0.573485791683197,[-20.38400269  -3.60499954   9.08699989]
