,scores,centers
0,0.9979442954063416,[39.60599995 30.45100021 35.08300018]
