,scores,centers
0,0.9997084736824036,[17.39400101  9.72800064 27.16200066]
1,0.9892626404762268,[ 1.39400101 23.72800064  3.16200066]
2,0.9858936071395874,[25.39400101  3.72800064 43.16200066]
