,scores,centers
0,0.9995834231376648,[ 6.63199997 38.05599976 24.69199991]
1,0.9995923638343811,[44.63199997 34.05599976 54.69199991]
2,0.9966932535171509,[32.63199997 24.05599976 36.69199991]
3,0.9965085387229919,[30.63199997 44.05599976 32.69199991]
