,scores,centers
0,0.9992708563804626,[76.38299942  8.22999954 24.36000061]
