,scores,centers
0,0.9977412223815918,[38.97099972 13.63500023 32.72999954]
1,0.9953104853630066,[20.97099972 19.63500023 30.72999954]
2,0.9901939034461975,[42.97099972 13.63500023 50.72999954]
3,0.860998809337616,[36.97099972 27.63500023 48.72999954]
