,scores,centers
0,0.9966365098953247,[15.64299965 24.48099995 18.33600044]
1,0.9894095659255981,[29.64299965 36.48099995  8.33600044]
2,0.8522081971168518,[11.64299965 36.48099995 28.33600044]
