,scores,centers
0,0.9983018636703491,[ 5.41399956 -4.18799973 19.23999977]
1,0.989827036857605,[ 5.41399956 -6.18799973  9.23999977]
2,0.5831893086433411,[1.41399956 7.81200027 1.23999977]
