,scores,centers
0,0.9992313385009766,[ -6.95600128  29.99499989 296.39401245]
1,0.9987993240356445,[ -8.95600128  19.99499989 320.39401245]
