,scores,centers
0,0.9980716109275818,[34.91899967 14.2249999  29.12699986]
1,0.988695502281189,[26.91899967 14.2249999  27.12699986]
2,0.5984209179878235,[32.91899967 26.2249999  15.12699986]
3,0.9420324563980103,[24.91899967 14.2249999  29.12699986]
4,0.5850372314453125,[18.91899967 24.2249999  11.12699986]
