,scores,centers
0,0.999636173248291,[ -7.26099968 -10.70299911  47.31500053]
1,0.9996753931045532,[ 20.73900032 -34.70299911  53.31500053]
