,scores,centers
0,0.9989927411079407,[29.46199989 76.29700089 44.55700016]
1,0.9986698627471924,[19.46199989 88.29700089 36.55700016]
