,scores,centers
0,0.9996247291564941,[63.07500076 33.98199987 86.39600372]
1,0.9779998660087585,[71.07500076 29.98199987 80.39600372]
2,0.8342971801757812,[57.07500076 11.98199987 88.39600372]
