,scores,centers
0,0.9990239143371582,[-1.6420002  19.31800079 10.46999931]
1,0.9991565942764282,[12.3579998  21.31800079 20.46999931]
2,0.9990418553352356,[ 6.3579998  11.31800079 -5.53000069]
