,scores,centers
0,0.9996212720870972,[  6.24300003 115.0490036   41.28100014]
