,scores,centers
0,0.9997512698173523,[ 16.35500002 -24.35699844  32.74600029]
1,0.9782193899154663,[ 42.35500002 -16.35699844   6.74600029]
2,0.9945488572120667,[ 22.35500002 -14.35699844  26.74600029]
3,0.9104728698730469,[ 30.35500002 -16.35699844   2.74600029]
