,scores,centers
0,0.9991152882575989,[41.56100082 37.89099979  4.32299995]
1,0.9994887113571167,[53.56100082 45.89099979 -1.67700005]
2,0.9969493746757507,[53.56100082 45.89099979 26.32299995]
3,0.9000074863433838,[33.56100082 51.89099979 18.32299995]
