,scores,centers
0,0.9983281493186951,[-10.47400093 -33.69999695  32.00399971]
1,0.9963460564613342,[  9.52599907 -13.69999695  42.00399971]
2,0.9947245717048645,[ 17.52599907 -41.69999695  40.00399971]
3,0.9934720993041992,[ -6.47400093 -35.69999695  48.00399971]
