,scores,centers
0,0.9996126294136047,[ 30.25499916  51.7840004  115.28500366]
1,0.9973233342170715,[  8.25499916  19.7840004  115.28500366]
