,scores,centers
0,0.9993532299995422,[ 6.51000023 16.12099981 38.81999969]
1,0.9909836053848267,[-11.48999977  28.12099981  42.81999969]
2,0.978871762752533,[ 4.51000023 22.12099981 22.81999969]
3,0.9696072936058044,[ 4.51000023 38.12099981 40.81999969]
