,scores,centers
0,0.9976773858070374,[ 84.52500153  86.00999832 -10.96300125]
1,0.9948615431785583,[ 82.52500153  70.00999832 -14.96300125]
2,0.9848340749740601,[ 92.52500153  90.00999832 -22.96300125]
3,0.5922250151634216,[ 62.52500153  94.00999832 -14.96300125]
