,scores,centers
0,0.99969482421875,[  2.43099976 -39.84300232  27.10400009]
1,0.9989836812019348,[30.43099976  2.15699768  3.10400009]
2,0.9981902241706848,[ 40.43099976 -29.84300232   3.10400009]
