,scores,centers
0,0.9995232820510864,[-15.7840004   75.08499908 -22.37799835]
1,0.9994452595710754,[-39.7840004   87.08499908   5.62200165]
