,scores,centers
0,0.999332845211029,[ 5.15800095 17.97599983 38.76599979]
1,0.9531320929527283,[ 5.15800095 37.97599983 38.76599979]
2,0.9525381326675415,[ 3.15800095 23.97599983 20.76599979]
