,scores,centers
0,0.9996156692504883,[84.01900101 27.34899902 16.58600044]
