,scores,centers
0,0.9993867874145508,[15.38800049 16.01599979 21.53199959]
1,0.9975698590278625,[-12.61199951  28.01599979  33.53199959]
