,scores,centers
0,0.9993509650230408,[ 14.53300095  48.88800049 -48.46800232]
1,0.9895558953285217,[ -3.46699905  42.88800049 -34.46800232]
2,0.9271407127380371,[ -5.46699905  40.88800049 -46.46800232]
