,scores,centers
0,0.9992063641548157,[47.77000046 -0.63400078 77.64199829]
1,0.9871377944946289,[49.77000046 13.36599922 83.64199829]
2,0.9497258067131042,[65.77000046  9.36599922 65.64199829]
3,0.6827619671821594,[59.77000046 -6.63400078 83.64199829]
