,scores,centers
0,0.9989027976989746,[18.2329998  20.76099968 35.65600014]
1,0.9985978007316589,[28.2329998  44.76099968 49.65600014]
