,scores,centers
0,0.9995334148406982,[-6.70400238 16.41699982 48.19499969]
1,0.9891327023506165,[-0.70400238 26.41699982 18.19499969]
2,0.9953386783599854,[-0.70400238  4.41699982 66.19499969]
