,scores,centers
0,0.9964087605476379,[65.82299995 26.09700012 44.37199974]
1,0.9955139756202698,[27.82299995 42.09700012 72.37199974]
2,0.9479374885559082,[61.82299995 42.09700012 48.37199974]
