,scores,centers
0,0.9996871948242188,[ -9.55799866 -27.15800095 -14.43299866]
1,0.9996942281723022,[44.44200134 64.84199905 43.56700134]
2,0.9982017278671265,[16.44200134 24.84199905 17.56700134]
