,scores,centers
0,0.9994426369667053,[44.48799992 -1.20299911  3.35699844]
1,0.999294638633728,[40.48799992 -1.20299911 -0.64300156]
