,scores,centers
0,0.9995031356811523,[21.28199959  5.34700012 26.00600052]
1,0.9991937279701233,[13.28199959 19.34700012 14.00600052]
2,0.989464282989502,[ 3.28199959  3.34700012 36.00600052]
3,0.9487147331237793,[ 7.28199959  5.34700012 -5.99399948]
4,0.8435197472572327,[ 7.28199959  3.34700012 -3.99399948]
