,scores,centers
0,0.9995379447937012,[36.94199991 30.90500021 57.54500008]
1,0.9977078437805176,[34.94199991 60.90500021 69.54500008]
2,0.9852036237716675,[22.94199991 76.90500021 63.54500008]
