,scores,centers
0,0.998946487903595,[13.48400021 44.31299973  0.65099907]
1,0.9760572910308838,[15.48400021 34.31299973 26.65099907]
2,0.9767309427261353,[19.48400021 26.31299973 22.65099907]
3,0.9323240518569946,[23.48400021 30.31299973  4.65099907]
