,scores,centers
0,0.9991994500160217,[103.48999786  10.82299805  34.1079998 ]
1,0.99720299243927,[101.48999786   0.82299805  56.1079998 ]
2,0.982344925403595,[97.48999786 14.82299805 36.1079998 ]
3,0.973340630531311,[121.48999786  -3.17700195  42.1079998 ]
