,scores,centers
0,0.9997087121009827,[ 9.93899918 13.08300018  9.06100082]
1,0.9998414516448975,[31.93899918 33.08300018 13.06100082]
2,0.999777615070343,[27.93899918 11.08300018 33.06100082]
