,scores,centers
0,0.9989853501319885,[  2.41199875 -29.05400085  47.46999931]
1,0.9981269240379333,[ 16.41199875 -35.05400085  45.46999931]
2,0.9795165061950684,[ 10.41199875 -15.05400085  53.46999931]
