,scores,centers
0,0.9985080361366272,[ 7.97400093  9.41799927 28.10300064]
1,0.9971463084220886,[-4.02599907 29.41799927 12.10300064]
2,0.9876201152801514,[ 5.97400093 19.41799927 38.10300064]
3,0.44889774918556213,[-8.02599907  5.41799927 32.10300064]
