,scores,centers
0,0.9993426203727722,[72.95800018 45.39999962 52.4640007 ]
1,0.9979065656661987,[92.95800018 29.39999962 42.4640007 ]
2,0.95485919713974,[82.95800018 41.39999962 36.4640007 ]
