,scores,centers
0,0.9985347986221313,[-25.43600082   8.38500023  65.19200134]
1,0.9912495613098145,[ 4.56399918 18.38500023 71.19200134]
2,0.8662464618682861,[-41.43600082  -9.61499977  79.19200134]
