,scores,centers
0,0.9983383417129517,[ 8.82800007 26.9659996   5.86000061]
1,0.9987049102783203,[28.82800007 14.9659996   9.86000061]
2,0.9814068078994751,[ 8.82800007 10.9659996  15.86000061]
