,scores,centers
0,0.9993913173675537,[-7.57900238 73.3029995  66.94000244]
1,0.9992590546607971,[-11.57900238  67.3029995   14.94000244]
