,scores,centers
0,0.999037504196167,[18.30999947 -0.49900055 17.05099869]
