,scores,centers
0,0.9995761513710022,[113.53600311  32.51500034  26.76300049]
1,0.9981714487075806,[101.53600311  22.51500034  26.76300049]
2,0.8803592920303345,[121.53600311  12.51500034  28.76300049]
3,0.8190461993217468,[129.53600311  22.51500034  34.76300049]
4,0.825506329536438,[97.53600311 32.51500034 36.76300049]
