,scores,centers
0,0.9980875849723816,[  4.60900116   7.31100082 -15.66199875]
1,0.9983898401260376,[  6.60900116  -4.68899918 -17.66199875]
2,0.9874950051307678,[  8.60900116 -10.68899918 -15.66199875]
3,0.7725750207901001,[ 26.60900116 -14.68899918   4.33800125]
4,0.5781206488609314,[-3.39099884  1.31100082  0.33800125]
5,0.7419077754020691,[16.60900116  1.31100082 -1.66199875]
