,scores,centers
0,0.9943975210189819,[-7.27000046 12.17900085 28.75699997]
1,0.991763710975647,[-3.27000046 12.17900085 18.75699997]
2,0.994436502456665,[8.72999954 6.17900085 8.75699997]
3,0.8717535138130188,[12.72999954  2.17900085 28.75699997]
4,0.4266837537288666,[ 4.72999954 12.17900085 36.75699997]
