,scores,centers
0,0.9987425208091736,[60.13600159  9.33699989 21.2140007 ]
1,0.8439990878105164,[74.13600159 15.33699989 15.2140007 ]
2,0.9805265069007874,[56.13600159  7.33699989 15.2140007 ]
3,0.627570390701294,[66.13600159 15.33699989 41.2140007 ]
4,0.7636350989341736,[76.13600159  7.33699989 39.2140007 ]
