,scores,centers
0,0.9952000379562378,[ 9.23200035  0.19499969 21.93700027]
1,0.9344768524169922,[29.23200035  6.19499969 17.93700027]
2,0.6930189728736877,[  1.23200035 -11.80500031  19.93700027]
3,0.5194618701934814,[23.23200035  8.19499969 25.93700027]
4,0.5951453447341919,[13.23200035 -3.80500031  1.93700027]
5,0.43917956948280334,[25.23200035 12.19499969  7.93700027]
