,scores,centers
0,0.9982178807258606,[ 4.09300041 30.14500046  0.05599976]
1,0.9980535507202148,[22.09300041 32.14500046 18.05599976]
