,scores,centers
0,0.9980953335762024,[ 45.39299965  16.05500031 -22.33599854]
1,0.9988057613372803,[41.39299965 38.05500031 61.66400146]
