,scores,centers
0,0.9990335702896118,[-14.46299744  29.8409996   -0.70700073]
1,0.9987769722938538,[-36.46299744  15.8409996   19.29299927]
2,0.9991016387939453,[-34.46299744  25.8409996  -14.70700073]
