,scores,centers
0,0.9998867511749268,[ 4.53300095 12.2670002  65.29100037]
1,0.9950270056724548,[-9.46699905 20.2670002  49.29100037]
2,0.9954029321670532,[-1.46699905 20.2670002  85.29100037]
3,0.9928030371665955,[22.53300095 20.2670002  63.29100037]
