,scores,centers
0,0.9969035983085632,[-9.31900024  0.11100006 -1.50600052]
1,0.9926702976226807,[-7.31900024 22.11100006  2.49399948]
2,0.9954268932342529,[  0.68099976 -25.88899994  -1.50600052]
