,scores,centers
0,0.9910083413124084,[28.44699955 10.1989994   7.16399956]
1,0.9883672595024109,[38.44699955  6.1989994  27.16399956]
2,0.9895064234733582,[36.44699955  2.1989994  -0.83600044]
3,0.4626142382621765,[20.44699955  0.1989994  13.16399956]
4,0.4959578812122345,[24.44699955  4.1989994  25.16399956]
