,scores,centers
0,0.9994032382965088,[ 7.92300034 28.72299957 -1.68799973]
1,0.9994639754295349,[23.92300034 -1.27700043 48.31200027]
2,0.9986461997032166,[23.92300034 12.72299957 24.31200027]
