,scores,centers
0,0.9990907907485962,[ 7.82699966 17.77700043 12.84399986]
1,0.993230938911438,[ 3.82699966 33.77700043  0.84399986]
2,0.6732400059700012,[29.82699966 15.77700043 20.84399986]
