,scores,centers
0,0.9985153079032898,[50.80999947 37.06799984 45.25499916]
1,0.9856201410293579,[44.80999947 51.06799984 51.25499916]
2,0.629315972328186,[50.80999947 19.06799984 37.25499916]
3,0.8546740412712097,[48.80999947 31.06799984 55.25499916]
4,0.9373540282249451,[40.80999947 33.06799984 51.25499916]
