,scores,centers
0,0.9981387853622437,[-1.22999954  4.47100067  7.84000015]
1,0.997380793094635,[-11.22999954   0.47100067  -2.15999985]
2,0.9860614538192749,[ 2.77000046 -1.52899933 27.84000015]
3,0.9854065179824829,[-17.22999954  14.47100067   7.84000015]
4,0.7304057478904724,[ -5.22999954 -11.52899933  -0.15999985]
