,scores,centers
0,0.999159574508667,[17.4980011  30.37299919 15.83500004]
1,0.9984800219535828,[13.4980011  12.37299919 33.83500004]
2,0.9777782559394836,[ 7.4980011  34.37299919 37.83500004]
3,0.7540819048881531,[21.4980011  -7.62700081 19.83500004]
