,scores,centers
0,0.999256432056427,[62.64800072 31.19999981  4.98900032]
1,0.9992063641548157,[50.64800072 11.19999981 -3.01099968]
