,scores,centers
0,0.9989796280860901,[13.37900162 37.89699984 43.29800034]
1,0.997960090637207,[21.37900162 43.89699984 15.29800034]
