,scores,centers
0,0.9990308284759521,[  3.5510006   -4.38999939 -20.01499939]
1,0.998923122882843,[  9.5510006   -0.38999939 -50.01499939]
