,scores,centers
0,0.9985892176628113,[30.72000027 17.1779995  71.45000076]
1,0.9979245662689209,[30.72000027 19.1779995  63.45000076]
2,0.6645402312278748,[34.72000027 17.1779995  93.45000076]
3,0.7023963928222656,[38.72000027 23.1779995  87.45000076]
4,0.763002336025238,[40.72000027 13.1779995  55.45000076]
5,0.7797423005104065,[30.72000027  7.1779995  81.45000076]
