,scores,centers
0,0.9995908141136169,[34.08400011 73.66899872 19.73400021]
1,0.9434982538223267,[40.08400011 61.66899872 39.73400021]
2,0.9777937531471252,[54.08400011 77.66899872 29.73400021]
3,0.7520421147346497,[30.08400011 63.66899872 41.73400021]
