,scores,centers
0,0.9995493292808533,[-47.56100464  -5.02099991  -6.90299988]
1,0.9984286427497864,[-33.56100464 -23.02099991 -12.90299988]
2,0.9602978825569153,[-21.56100464 -13.02099991  -4.90299988]
