,scores,centers
0,0.9994296431541443,[23.93700027 -6.55099869 10.01799965]
1,0.9843221306800842,[35.93700027 15.44900131 10.01799965]
