,scores,centers
0,0.998331606388092,[17.67700005 -4.72299957 40.61800003]
1,0.9948374629020691,[ 25.67700005 -12.72299957  40.61800003]
2,0.9796624779701233,[ 21.67700005 -20.72299957  42.61800003]
