,scores,centers
0,0.9980016350746155,[ -7.46500015 160.77200317  42.48099995]
1,0.9989529848098755,[  8.53499985 164.77200317  28.48099995]
