,scores,centers
0,0.998955249786377,[13.61499977 44.08100033  2.34300041]
1,0.9897846579551697,[15.61499977 38.08100033 28.34300041]
2,0.928432822227478,[17.61499977 22.08100033 20.34300041]
