,scores,centers
0,0.9964691400527954,[17.05599976 -5.87999916 30.59700012]
1,0.9758303761482239,[15.05599976  6.12000084 38.59700012]
2,0.9854399561882019,[25.05599976  8.12000084 34.59700012]
