,scores,centers
0,0.998964786529541,[21.16699982 36.35099983 36.1760006 ]
1,0.9970293045043945,[39.16699982 24.35099983 32.1760006 ]
