,scores,centers
0,0.9996041655540466,[-3.34600067 33.90500069 13.37199974]
1,0.9991340041160583,[-11.34600067  41.90500069 -10.62800026]
2,0.9992080330848694,[ 4.65399933 31.90500069 31.37199974]
