,scores,centers
0,0.9993188381195068,[ 32.78800011   2.4109993  -11.13800049]
1,0.9957159161567688,[12.78800011 -1.5890007   0.86199951]
