,scores,centers
0,0.9989023208618164,[45.70100021 22.94799995 48.87800026]
