,scores,centers
0,0.9993374943733215,[34.77600002 20.81099987 34.24499989]
