,scores,centers
0,0.9992917776107788,[-10.56299973   9.85100174  98.84199905]
1,0.999455988407135,[  9.43700027  -0.14899826 102.84199905]
