,scores,centers
0,0.999254047870636,[46.28000069 46.73700047 10.58399963]
1,0.9973795413970947,[66.28000069 34.73700047 12.58399963]
