,scores,centers
0,0.9979392886161804,[64.17200089 38.08600044 35.90899992]
1,0.9847485423088074,[78.17200089 54.08600044 31.90899992]
2,0.9769288897514343,[54.17200089 46.08600044 49.90899992]
