,scores,centers
0,0.9969297051429749,[24.95499992 17.83100033 20.95400047]
1,0.9959988594055176,[36.95499992 29.83100033 20.95400047]
2,0.9970195889472961,[48.95499992 31.83100033  0.95400047]
