,scores,centers
0,0.996591329574585,[ -9.55799866 -14.0039978    2.86299896]
1,0.9990856647491455,[-13.55799866 -14.0039978  -19.13700104]
2,0.9993457198143005,[-19.55799866   3.9960022   18.86299896]
3,0.9961140155792236,[-29.55799866  -8.0039978    2.86299896]
4,0.9937267303466797,[-19.55799866   5.9960022   -3.13700104]
