,scores,centers
0,0.9911403059959412,[21.84200001 35.6420002  77.80899811]
1,0.9476627111434937,[29.84200001 31.6420002  67.80899811]
2,0.4916588068008423,[25.84200001 23.6420002  79.80899811]
