,scores,centers
0,0.9995723366737366,[ 8.68600082  3.84500122 57.56699944]
1,0.999342143535614,[12.68600082  3.84500122 23.56699944]
