,scores,centers
0,0.9997057318687439,[37.76200008 31.23699999 -2.9980011 ]
