,scores,centers
0,0.999536395072937,[18.19300079 28.77999973 65.23899841]
1,0.982070803642273,[ 2.19300079 42.77999973 67.23899841]
