,scores,centers
0,0.9991556406021118,[  7.82500076 269.13499451  18.2670002 ]
1,0.8991722464561462,[  9.82500076 275.13499451  -1.7329998 ]
