,scores,centers
0,0.9988082647323608,[-5.24900055 35.48600006 41.47799969]
1,0.9985228180885315,[ 2.75099945 47.48600006 65.47799969]
2,0.9983426332473755,[-1.24900055 27.48600006 27.47799969]
