,scores,centers
0,0.9934166669845581,[12.75       21.06900024 39.83600044]
1,0.9821198582649231,[26.75       25.06900024 45.83600044]
2,0.9765714406967163,[28.75       23.06900024 35.83600044]
3,0.8139164447784424,[18.75       11.06900024 49.83600044]
4,0.46134689450263977,[32.75       11.06900024 43.83600044]
