,scores,centers
0,0.9984363913536072,[41.77099991 33.63100052 -5.72100067]
1,0.9952282905578613,[29.77099991 15.63100052 12.27899933]
