,scores,centers
0,0.9991447925567627,[ 25.16100025 127.98400116  28.72599983]
1,0.9972943663597107,[ 29.16100025 137.98400116  38.72599983]
2,0.8139063715934753,[ 27.16100025 111.98400116  14.72599983]
