,scores,centers
0,0.9984220266342163,[ 4.79500008 -5.56999969 28.84199905]
1,0.9994303584098816,[24.79500008 -7.56999969  6.84199905]
