,scores,centers
0,0.9979806542396545,[44.83199978 11.9829998   3.60700035]
1,0.979010820388794,[42.83199978 13.9829998  25.60700035]
2,0.980376124382019,[22.83199978 11.9829998  21.60700035]
