,scores,centers
0,0.9995855689048767,[15.59300041  7.37800026 11.1760006 ]
1,0.9957483410835266,[ 9.59300041 11.37800026 27.1760006 ]
