,scores,centers
0,0.998478353023529,[27.66499996 17.87300014 60.63999939]
1,0.9983243346214294,[17.66499996  5.87300014 70.63999939]
2,0.91254723072052,[ 3.66499996 21.87300014 64.63999939]
3,0.8300645351409912,[19.66499996 31.87300014 42.63999939]
4,0.9353498220443726,[13.66499996  7.87300014 44.63999939]
5,0.5143263936042786,[11.66499996 17.87300014 34.63999939]
