,scores,centers
0,0.9990819692611694,[11.23799896 22.69900131 15.25099945]
1,0.9988077878952026,[ 35.23799896 -15.30099869  61.25099945]
