,scores,centers
0,0.9953842759132385,[ 0.92900085 -0.10300064 11.12300014]
1,0.9466472864151001,[10.92900085  1.89699936 27.12300014]
2,0.9080870151519775,[10.92900085 21.89699936 17.12300014]
