,scores,centers
0,0.9986239671707153,[-3.97699738  4.7329998  15.72399902]
1,0.9910156726837158,[ 2.02300262 -5.2670002   3.72399902]
2,0.9802680015563965,[-5.97699738 -7.2670002  31.72399902]
