,scores,centers
0,0.9986520409584045,[21.34300041 -2.13700104  2.94799995]
1,0.9990799427032471,[ 11.34300041 -12.13700104  22.94799995]
