,scores,centers
0,0.9992969036102295,[55.16500092 29.72300005 48.28700066]
