,scores,centers
0,0.9986178874969482,[-4.4469986   3.8939991  14.84500122]
1,0.9987189769744873,[ 5.5530014  -6.1060009   6.84500122]
2,0.9701355695724487,[ -4.4469986  -10.1060009   24.84500122]
3,0.8963615894317627,[-16.4469986   -8.1060009   32.84500122]
4,0.5757042169570923,[-20.4469986   -4.1060009    8.84500122]
5,0.8091089129447937,[-12.4469986    3.8939991   28.84500122]
