,scores,centers
0,0.9989078044891357,[-4.25799942 11.68499947 31.69400024]
1,0.9574616551399231,[-4.25799942 31.68499947 15.69400024]
2,0.9222840666770935,[-0.25799942 -4.31500053 35.69400024]
3,0.5985498428344727,[-10.25799942   1.68499947  17.69400024]
4,0.458808571100235,[13.74200058 -4.31500053 33.69400024]
5,0.5089601278305054,[ 3.74200058  5.68499947 29.69400024]
6,0.47938743233680725,[-8.25799942 17.68499947 27.69400024]
