,scores,centers
0,0.9980858564376831,[  1.84899902 -16.28900146  35.36399984]
1,0.9989861845970154,[ 7.84899902 15.71099854 31.36399984]
2,0.984036386013031,[ 1.84899902 19.71099854 45.36399984]
3,0.7776698470115662,[-4.15100098  9.71099854 11.36399984]
