,scores,centers
0,0.9990826845169067,[ 1.75900269 38.04399872 47.26600075]
1,0.9995502829551697,[ 7.75900269 42.04399872 47.26600075]
2,0.9994146823883057,[-26.24099731  24.04399872   9.26600075]
