,scores,centers
0,0.9987637996673584,[ 9.89399719 22.11499977 23.61499977]
1,0.9925934672355652,[23.89399719 36.11499977 21.61499977]
2,0.9025876522064209,[27.89399719 32.11499977 21.61499977]
3,0.9964001178741455,[-12.10600281  20.11499977  23.61499977]
