,scores,centers
0,0.9993371367454529,[-11.21300125  16.73099995  29.90299988]
1,0.6749294996261597,[-3.21300125 12.73099995 41.90299988]
