,scores,centers
0,0.999620795249939,[ 8.77700043 25.14099979  1.51300049]
1,0.999197781085968,[10.77700043 43.14099979 -4.48699951]
2,0.9462151527404785,[ 0.77700043 13.14099979  9.51300049]
