,scores,centers
0,0.9992235898971558,[ -0.2859993    7.9090004  -29.28399658]
1,0.9988964796066284,[  1.7140007   -0.0909996  -65.28399658]
2,0.99880051612854,[  9.7140007    7.9090004  -41.28399658]
