,scores,centers
0,0.9996570348739624,[43.61000061 26.03499985 53.68499947]
1,0.9982755184173584,[41.61000061 44.03499985 71.68499947]
2,0.9922073483467102,[49.61000061 18.03499985 79.68499947]
3,0.8439717888832092,[39.61000061 28.03499985 85.68499947]
