,scores,centers
0,0.9987192153930664,[10.15200043 36.05400085 -6.30899811]
