,scores,centers
0,0.9993246793746948,[ 48.37700081  28.35499954 109.19900131]
1,0.9988417029380798,[86.37700081 24.35499954 91.19900131]
2,0.9948346614837646,[62.37700081 30.35499954 89.19900131]
