,scores,centers
0,0.9997314810752869,[51.17200089  9.39500046 21.55400085]
