,scores,centers
0,0.9995904564857483,[16.3409996  37.43899918 60.36299896]
1,0.9880833029747009,[-13.6590004   43.43899918  78.36299896]
2,0.9879042506217957,[-35.6590004   51.43899918  76.36299896]
