,scores,centers
0,0.9986770749092102,[20.62599945 13.22900009 25.46399975]
