,scores,centers
0,0.9994632601737976,[ 4.2159996   7.875      70.79500008]
