,scores,centers
0,0.9993547797203064,[ 25.1289978  -15.33599854  17.36499786]
1,0.9950307607650757,[-2.8710022  -5.33599854 25.36499786]
2,0.9940882921218872,[29.1289978  20.66400146 -2.63500214]
