,scores,centers
0,0.999148964881897,[18.21900177 19.39799881 70.72800064]
