,scores,centers
0,0.9996216297149658,[18.67599869 13.63400078  6.12899971]
1,0.9937158226966858,[4.67599869 3.63400078 4.12899971]
