,scores,centers
0,0.9992548823356628,[15.50699997 -5.67700195 38.4810009 ]
1,0.9983401298522949,[  3.50699997 -17.67700195  42.4810009 ]
2,0.9830379486083984,[ 1.50699997 -5.67700195 32.4810009 ]
3,0.8614383935928345,[ 9.50699997  2.32299805 50.4810009 ]
