,scores,centers
0,0.9994352459907532,[ 9.60499954  9.52999878 18.72200012]
1,0.9990322589874268,[  5.60499954   7.52999878 -17.27799988]
2,0.9654192328453064,[ 29.60499954   5.52999878 -29.27799988]
