,scores,centers
0,0.9986974596977234,[11.89999962 23.92399979 15.1609993 ]
