,scores,centers
0,0.9989534616470337,[-5.76799774  3.99200058 12.38700104]
1,0.9967420697212219,[ 6.23200226 -4.00799942  6.38700104]
2,0.9636839032173157,[ 4.23200226 -2.00799942 22.38700104]
3,0.9564396739006042,[-13.76799774   5.99200058  28.38700104]
4,0.7155077457427979,[-15.76799774  -8.00799942  32.38700104]
