,scores,centers
0,0.9991808533668518,[21.8239975  31.8029995  47.23500061]
1,0.9992080330848694,[23.8239975  29.8029995  47.23500061]
2,0.996910035610199,[-12.1760025   19.8029995   57.23500061]
