,scores,centers
0,0.9992491602897644,[14.65399933 56.75600052 13.25600052]
1,0.9992432594299316,[ 12.65399933 100.75600052  55.25600052]
