,scores,centers
0,0.9988380074501038,[13.18700027 -5.54499817 11.        ]
