,scores,centers
0,0.9749236702919006,[15.03100014  8.49300003 24.61700058]
1,0.9873000979423523,[15.03100014  0.49300003  4.61700058]
2,0.9292935132980347,[11.03100014 -9.50699997 20.61700058]
3,0.7298380732536316,[25.03100014 -7.50699997 18.61700058]
4,0.4024854898452759,[ 3.03100014 -1.50699997 22.61700058]
