,scores,centers
0,0.995850682258606,[53.56500053  0.71500015 35.72100019]
1,0.9718639850616455,[43.56500053  0.71500015 27.72100019]
2,0.672062873840332,[45.56500053 18.71500015 19.72100019]
3,0.5935324430465698,[37.56500053 10.71500015 33.72100019]
4,0.44273054599761963,[55.56500053  8.71500015 19.72100019]
