,scores,centers
0,0.998788058757782,[17.48200035 38.12199974 43.13299942]
1,0.9992144107818604,[ 17.48200035  48.12199974 -16.86700058]
