,scores,centers
0,0.9983958601951599,[ 8.70499992  9.11400032 36.73499966]
1,0.9915448427200317,[ 0.70499992 -8.88599968 42.73499966]
2,0.9884810447692871,[20.70499992  3.11400032 24.73499966]
3,0.951281726360321,[-7.29500008  1.11400032 26.73499966]
