,scores,centers
0,0.9990501999855042,[14.56400013 55.29999924 18.2670002 ]
1,0.9891352653503418,[28.56400013 45.29999924 14.2670002 ]
2,0.6720341444015503,[30.56400013 57.29999924 10.2670002 ]
