,scores,centers
0,0.9994472861289978,[39.39900017 43.65100098 32.18700027]
1,0.9977230429649353,[53.39900017  3.65100098 36.18700027]
