,scores,centers
0,0.9985656142234802,[-2.48699951 16.36199951 20.36600018]
1,0.9968324303627014,[13.51300049 16.36199951 10.36600018]
2,0.9855324625968933,[21.51300049  6.36199951 16.36600018]
