,scores,centers
0,0.9992817044258118,[-8.95800018 52.09399986  4.89999962]
1,0.9985047578811646,[-8.95800018 36.09399986 22.89999962]
2,0.9820574522018433,[-20.95800018  32.09399986   4.89999962]
