,scores,centers
0,0.9997935891151428,[-10.11899948  26.99100018  39.77400017]
1,0.9392462968826294,[-24.11899948  34.99100018  25.77400017]
2,0.9394906759262085,[-4.11899948 20.99100018 43.77400017]
