,scores,centers
0,0.9994091987609863,[ 7.45600128 27.14999962 12.71899986]
1,0.9984835982322693,[11.45600128 21.14999962 16.71899986]
