,scores,centers
0,0.9995050430297852,[ 7.74599838 23.58400011  5.65499973]
