,scores,centers
0,0.9869736433029175,[ 9.16600037  3.54700089 12.97299957]
1,0.9774864912033081,[19.16600037  3.54700089 14.97299957]
2,0.9815164804458618,[11.16600037  3.54700089 22.97299957]
