,scores,centers
0,0.9994378685951233,[48.33799934 46.65699959 10.93999863]
1,0.9972780346870422,[66.33799934 34.65699959 12.93999863]
