,scores,centers
0,0.9996121525764465,[-44.89900208  -8.68800354  -8.2519989 ]
1,0.999054491519928,[-14.89900208 -28.68800354 -22.2519989 ]
