,scores,centers
0,0.9993152618408203,[19.83200073 27.12900162 10.1760006 ]
1,0.9983721375465393,[-2.16799927 -8.87099838 40.1760006 ]
2,0.9977959394454956,[ 1.83200073 13.12900162 20.1760006 ]
