,scores,centers
0,0.9985307455062866,[36.40799999  5.79399872 10.12100029]
1,0.9990226030349731,[ 30.40799999 -14.20600128   0.12100029]
2,0.9976014494895935,[64.40799999  1.79399872 14.12100029]
