,scores,centers
0,0.9991282820701599,[-1.19799995 20.72700024 24.44699955]
1,0.9992877840995789,[-7.19799995 34.72700024 24.44699955]
2,0.9964398741722107,[ 0.80200005 30.72700024 34.44699955]
