,scores,centers
0,0.9977133274078369,[49.21100044 34.69700003 45.26099968]
1,0.9876421689987183,[45.21100044 46.69700003 53.26099968]
2,0.73583984375,[53.21100044 10.69700003 41.26099968]
3,0.6619835495948792,[47.21100044 30.69700003 55.26099968]
