,scores,centers
0,0.9972186088562012,[38.06299973 26.59000015 21.93999958]
1,0.9974127411842346,[42.06299973 18.59000015 41.93999958]
2,0.8756924271583557,[28.06299973 40.59000015 35.93999958]
3,0.5572031140327454,[46.06299973 40.59000015 23.93999958]
