,scores,centers
0,0.9995951056480408,[16.15600014 27.0170002  62.91899872]
1,0.9833933711051941,[12.15600014 37.0170002  82.91899872]
