,scores,centers
0,0.9992796778678894,[-11.12099838  16.71399975  30.07600021]
