,scores,centers
0,0.9993041753768921,[27.09600067 50.14699936 22.48399925]
1,0.9955637454986572,[41.09600067 62.14699936 -7.51600075]
