,scores,centers
0,0.9991349577903748,[33.81599998 25.43899918 32.00400019]
1,0.9984947443008423,[35.81599998 25.43899918 34.00400019]
2,0.9962395429611206,[31.81599998 17.43899918 50.00400019]
