,scores,centers
0,0.998826801776886,[10.375      24.15600014  7.36100006]
1,0.7374202609062195,[10.375      30.15600014 13.36100006]
