,scores,centers
0,0.9995774626731873,[12.07600021 24.59899998 44.12700081]
1,0.9983976483345032,[20.07600021 26.59899998 56.12700081]
