,scores,centers
0,0.9991523027420044,[ 0.09499931 17.87100029 27.95300007]
1,0.9975681900978088,[18.09499931 37.87100029 23.95300007]
2,0.9973358511924744,[16.09499931  5.87100029 23.95300007]
