,scores,centers
0,0.9987433552742004,[ 33.66499996  15.18600082 -19.75699997]
1,0.9969896078109741,[ 45.66499996  21.18600082 -23.75699997]
2,0.9560858011245728,[ 43.66499996  11.18600082 -11.75699997]
3,0.6242832541465759,[29.66499996 19.18600082  4.24300003]
