,scores,centers
0,0.9993221759796143,[-10.81000137  -1.1269989   21.77799988]
