,scores,centers
0,0.9989975094795227,[-8.31299973 27.10900021  3.4469986 ]
1,0.9925718903541565,[  7.68700027  47.10900021 -10.5530014 ]
2,0.9042864441871643,[ 9.68700027 21.10900021  9.4469986 ]
3,0.9404119253158569,[  1.68700027  31.10900021 -12.5530014 ]
