,scores,centers
0,0.9988252520561218,[ 37.49300003  73.37900162 -17.08499908]
1,0.9900256395339966,[ 57.49300003  67.37900162 -23.08499908]
2,0.5876723527908325,[ 61.49300003  63.37900162 -11.08499908]
