,scores,centers
0,0.9989908337593079,[-10.76499939 -33.10700226  25.23900032]
1,0.9987068176269531,[-22.76499939 -19.10700226   1.23900032]
2,0.9909535646438599,[-14.76499939 -49.10700226  19.23900032]
