,scores,centers
0,0.9998026490211487,[ 2.21299744 67.13299942 66.53000069]
1,0.9828206300735474,[-13.78700256  67.13299942  40.53000069]
2,0.9605531692504883,[20.21299744 77.13299942 46.53000069]
