,scores,centers
0,0.9988038539886475,[-4.31600189  4.3939991  13.13500023]
1,0.9987409710884094,[ 5.68399811 -5.6060009   7.13500023]
2,0.9663423299789429,[ 3.68399811 -1.6060009  23.13500023]
3,0.9783763885498047,[-16.31600189  -9.6060009   31.13500023]
4,0.9691985249519348,[-14.31600189   6.3939991   29.13500023]
