,scores,centers
0,0.9995176792144775,[-2.40800095  2.99900055  9.56700134]
1,0.9993104934692383,[13.59199905 -9.00099945 13.56700134]
