,scores,centers
0,0.9988998174667358,[28.56299973 26.67700005 -3.53199959]
1,0.9963322281837463,[20.56299973 12.67700005 18.46800041]
2,0.9731696844100952,[10.56299973 20.67700005  6.46800041]
