,scores,centers
0,0.998119056224823,[15.82999992 21.68599987  5.61100006]
1,0.9983127117156982,[ 9.82999992 25.68599987  5.61100006]
2,0.43860572576522827,[23.82999992 37.68599987 15.61100006]
