,scores,centers
0,0.9991657733917236,[-15.61100006  45.875       -1.26599884]
1,0.9991244673728943,[-23.61100006  25.875      -25.26599884]
2,0.9900051951408386,[-19.61100006  39.875       16.73400116]
