,scores,centers
0,0.9987998008728027,[27.42500019  8.53100014 31.95800018]
1,0.9970961809158325,[23.42500019 10.53100014  9.95800018]
2,0.784871518611908,[23.42500019 -9.46899986 13.95800018]
3,0.95968097448349,[27.42500019 12.53100014 59.95800018]
