,scores,centers
0,0.9973783493041992,[39.14099979 29.39900017 19.27199936]
1,0.987650990486145,[39.14099979 29.39900017  7.27199936]
2,0.5014685988426208,[27.14099979 39.39900017  5.27199936]
