,scores,centers
0,0.997831404209137,[43.25300026 37.75       24.77199936]
1,0.9987862706184387,[67.25300026 51.75       26.77199936]
2,0.998909592628479,[57.25300026 35.75       48.77199936]
