,scores,centers
0,0.9991545677185059,[ 16.56299973  41.02600002 -22.29600143]
1,0.9994158744812012,[ 16.56299973  43.02600002 -22.29600143]
