,scores,centers
0,0.9992338418960571,[ 1.49600029 17.75       45.85499954]
1,0.9641362428665161,[17.49600029  1.75       39.85499954]
