,scores,centers
0,0.9978274703025818,[79.2879982  63.66500092 95.5870018 ]
1,0.9914010167121887,[ 95.2879982   83.66500092 105.5870018 ]
2,0.9937894940376282,[107.2879982  103.66500092 117.5870018 ]
