,scores,centers
0,0.9996026158332825,[28.18199921 34.79199982 43.55299997]
