,scores,centers
0,0.9985067248344421,[15.55699921 77.25400162 25.95499992]
1,0.9974338412284851,[ 3.55699921 97.25400162 25.95499992]
2,0.9745547771453857,[13.55699921 89.25400162  3.95499992]
