,scores,centers
0,0.9990571141242981,[19.4640007  -7.58200073  8.98200035]
1,0.9833594560623169,[17.4640007  14.41799927 18.98200035]
