,scores,centers
0,0.9990052580833435,[13.13100052 36.9279995   5.34900093]
1,0.9867584109306335,[17.13100052  4.9279995  25.34900093]
2,0.9973639845848083,[19.13100052  8.9279995   7.34900093]
3,0.9595476388931274,[31.13100052 34.9279995   9.34900093]
