,scores,centers
0,0.9983317255973816,[-18.74700165 -79.90399933 -48.9280014 ]
1,0.6144601106643677,[-14.74700165 -55.90399933   7.0719986 ]
