,scores,centers
0,0.9994845390319824,[ 7.67399979 69.80799866 40.42000008]
1,0.9876468181610107,[ 3.67399979 45.80799866 24.42000008]
