,scores,centers
0,0.9992897510528564,[ 5.63700008 -3.68099976 13.3029995 ]
1,0.9993571639060974,[ 29.63700008 -23.68099976  29.3029995 ]
2,0.9957589507102966,[17.63700008 -9.68099976 17.3029995 ]
