,scores,centers
0,0.9966673254966736,[30.96700001 47.74799919 19.16900063]
1,0.99335116147995,[20.96700001 57.74799919 17.16900063]
2,0.8525406718254089,[16.96700001 41.74799919 23.16900063]
3,0.5178651213645935,[16.96700001 39.74799919  1.16900063]
4,0.962259829044342,[30.96700001 33.74799919 23.16900063]
