,scores,centers
0,0.9935986995697021,[47.55400085 80.27700043 21.17599869]
1,0.9959468245506287,[37.55400085 72.27700043  7.17599869]
2,0.9780358076095581,[43.55400085 50.27700043  9.17599869]
3,0.840858519077301,[63.55400085 76.27700043  7.17599869]
4,0.9689252376556396,[63.55400085 70.27700043 25.17599869]
5,0.8175362944602966,[35.55400085 56.27700043 25.17599869]
