,scores,centers
0,0.9991287589073181,[ 0.6590004  28.27900028 27.88000107]
1,0.9994305968284607,[40.6590004  34.27900028 19.88000107]
