,scores,centers
0,0.9991410970687866,[11.11899948 11.11000061 19.10499954]
1,0.9990668892860413,[ 3.11899948 17.11000061 55.10499954]
