,scores,centers
0,0.9983141422271729,[  2.18000031 -19.1230011  -12.51499939]
1,0.9960036873817444,[ 6.18000031 -7.1230011  -6.51499939]
2,0.981808602809906,[ -3.81999969 -13.1230011   11.48500061]
