,scores,centers
0,0.9994879961013794,[18.28299999 33.20899963  3.80200005]
