,scores,centers
0,0.9998142123222351,[-7.73799896 -0.39299965 17.95199966]
1,0.9978532195091248,[ 4.26200104 -6.39299965 -0.04800034]
2,0.9855474233627319,[14.26200104 17.60700035  9.95199966]
3,0.8312847018241882,[12.26200104 17.60700035 37.95199966]
