,scores,centers
0,0.9995651841163635,[35.29500008 73.10699844 27.35099983]
1,0.9988592863082886,[17.29500008 83.10699844 33.35099983]
2,0.9960929751396179,[15.29500008 57.10699844 47.35099983]
3,0.9378467798233032,[29.29500008 53.10699844 15.35099983]
4,0.9754670858383179,[45.29500008 65.10699844 53.35099983]
