,scores,centers
0,0.9996702671051025,[-8.2159996   7.65499878 49.14999962]
1,0.9995585083961487,[ 1.7840004   7.65499878 15.14999962]
2,0.9985248446464539,[ 1.7840004   7.65499878 29.14999962]
