,scores,centers
0,0.9987175464630127,[16.96900177 51.98200035 63.24399948]
