,scores,centers
0,0.9995827078819275,[22.94499969 75.20899963 10.95400047]
1,0.9996230602264404,[44.94499969 39.20899963  0.95400047]
