,scores,centers
0,0.9996336698532104,[29.50199986 14.15500069 -0.95199966]
1,0.9941362142562866,[19.50199986 20.15500069 -8.95199966]
2,0.98411625623703,[21.50199986 10.15500069 13.04800034]
