,scores,centers
0,0.9993663430213928,[10.1970005  14.20999908 -0.15699959]
1,0.9994239807128906,[ 4.1970005  10.20999908 51.84300041]
2,0.9984488487243652,[ 6.1970005  -5.79000092 23.84300041]
