,scores,centers
0,0.9992081522941589,[52.66399956 -0.78099823 -2.75600052]
