,scores,centers
0,0.9990646243095398,[30.47700119  2.625      51.02999973]
