,scores,centers
0,0.9993876218795776,[ 1.81999969  3.84999847 54.87699986]
1,0.9993378520011902,[11.81999969  9.84999847 34.87699986]
