,scores,centers
0,0.9993770718574524,[-1.4109993  29.67700005  9.35200119]
1,0.988241970539093,[-1.4109993  19.67700005 25.35200119]
2,0.9627045392990112,[14.5890007  21.67700005 31.35200119]
