,scores,centers
0,0.9993467926979065,[21.57799911  1.98800087  6.59899902]
1,0.9992479681968689,[ 7.57799911 19.98800087 12.59899902]
