,scores,centers
0,0.9988454580307007,[57.97000122 14.42399979 25.32000017]
1,0.996631920337677,[71.97000122 10.42399979 27.32000017]
2,0.5284386873245239,[59.97000122 -9.57600021 29.32000017]
