,scores,centers
0,0.9995805621147156,[25.02499962  4.03099823  3.63100052]
