,scores,centers
0,0.9977535605430603,[25.5909996  33.65800095 27.375     ]
1,0.9979863166809082,[23.5909996  37.65800095 23.375     ]
