,scores,centers
0,0.9994612336158752,[22.07600021 30.19299984 34.55699921]
1,0.998346209526062,[18.07600021 58.19299984  6.55699921]
