,scores,centers
0,0.9979720711708069,[-2.51799965 33.28499985 28.60900021]
1,0.9966212511062622,[-0.51799965 31.28499985 12.60900021]
2,0.8601919412612915,[ 1.48200035 39.28499985 12.60900021]
3,0.8414188027381897,[15.48200035 45.28499985 10.60900021]
4,0.6247446537017822,[17.48200035 33.28499985  4.60900021]
5,0.5373288989067078,[ 9.48200035 47.28499985 20.60900021]
