,scores,centers
0,0.9989264607429504,[-3.60499954 40.46399975 25.36499977]
