,scores,centers
0,0.9992944002151489,[70.20100021 42.38899994  4.82600021]
