,scores,centers
0,0.9978289008140564,[15.26000023 54.68199921 52.87899971]
1,0.9993984699249268,[33.26000023 40.68199921 70.87899971]
2,0.981727123260498,[13.26000023 68.68199921 46.87899971]
