,scores,centers
0,0.9983868598937988,[50.97100067 36.13599968 44.78300095]
1,0.9830873012542725,[42.97100067 50.13599968 50.78300095]
2,0.8364380598068237,[42.97100067 30.13599968 52.78300095]
