,scores,centers
0,0.992395281791687,[15.63500023 50.38400078 68.58599854]
1,0.9830543398857117,[ 7.63500023 52.38400078 68.58599854]
2,0.5998597741127014,[ 3.63500023 32.38400078 74.58599854]
3,0.46428295969963074,[ 9.63500023 42.38400078 60.58599854]
