,scores,centers
0,0.998613715171814,[23.27700043 -2.24699974 35.23099995]
1,0.9981387853622437,[ 7.27700043 -2.24699974 31.23099995]
2,0.9940588474273682,[23.27700043 -4.24699974 53.23099995]
