,scores,centers
0,0.9989328980445862,[47.09499931 32.81099987 -0.25699997]
1,0.9991924166679382,[17.09499931 22.81099987  9.74300003]
2,0.9923978447914124,[51.09499931 30.81099987 21.74300003]
