,scores,centers
0,0.9993908405303955,[30.46199989  1.64400101 50.92300034]
