,scores,centers
0,0.9981728792190552,[23.54999924 -3.56900024 11.2689991 ]
1,0.9980984330177307,[21.54999924 -5.56900024 -0.7310009 ]
