,scores,centers
0,0.9995697140693665,[47.42000008 66.35700035  9.38700104]
1,0.9995948672294617,[25.42000008 46.35700035  9.38700104]
