,scores,centers
0,0.9986686706542969,[ -7.66400146  20.67500019 -28.92300034]
1,0.981522798538208,[-31.66400146  26.67500019 -30.92300034]
2,0.9629119634628296,[-19.66400146  16.67500019 -28.92300034]
3,0.8793880939483643,[  0.33599854  28.67500019 -34.92300034]
4,0.5423195958137512,[ 10.33599854  42.67500019 -20.92300034]
5,0.4276496469974518,[12.33599854 36.67500019 -4.92300034]
