,scores,centers
0,0.9983547329902649,[56.1619997  39.50500011  9.77600098]
1,0.9671595692634583,[42.1619997  25.50500011  1.77600098]
2,0.9544980525970459,[34.1619997  31.50500011  7.77600098]
3,0.8092610239982605,[46.1619997  17.50500011 15.77600098]
4,0.9250696897506714,[22.1619997  31.50500011 19.77600098]
5,0.6032039523124695,[52.1619997  35.50500011 23.77600098]
