,scores,centers
0,0.9981210827827454,[ 65.71500015 136.55200195   9.4090004 ]
1,0.9709041714668274,[ 77.71500015 132.55200195   1.4090004 ]
