,scores,centers
0,0.999117910861969,[25.04800034 49.16699982 20.89999962]
1,0.9995915293693542,[45.04800034 39.16699982  0.89999962]
2,0.9996408224105835,[23.04800034 75.16699982 10.89999962]
