,scores,centers
0,0.9990957975387573,[ 7.22400093 30.18099976 18.13999939]
1,0.9894670844078064,[-0.77599907 20.18099976 20.13999939]
2,0.485154926776886,[25.22400093 46.18099976 18.13999939]
3,0.6930339932441711,[13.22400093 18.18099976  6.13999939]
4,0.5589773654937744,[ 9.22400093 36.18099976 -1.86000061]
