,scores,centers
0,0.998609185218811,[71.18099976 46.39699936 20.17399979]
1,0.9966160655021667,[105.18099976  54.39699936  30.17399979]
2,0.9977854490280151,[61.18099976 28.39699936  0.17399979]
