,scores,centers
0,0.9990703463554382,[ 23.76900005   7.08300018 -12.4640007 ]
1,0.9965920448303223,[ 37.76900005 -12.91699982 -10.4640007 ]
