,scores,centers
0,0.9971952438354492,[27.8829999   1.65399933 13.80500031]
1,0.9957916736602783,[11.8829999   1.65399933  7.80500031]
2,0.9630126953125,[19.8829999   9.65399933 13.80500031]
3,0.48904913663864136,[17.8829999  -0.34600067 27.80500031]
