,scores,centers
0,0.9992110729217529,[37.69400024 52.91300011 30.56299973]
1,0.9987033605575562,[37.69400024 58.91300011 -3.43700027]
