,scores,centers
0,0.9991957545280457,[22.59899902 11.25699997 22.39599991]
1,0.9604030847549438,[38.59899902 -2.74300003 30.39599991]
2,0.5651030540466309,[16.59899902 -4.74300003 36.39599991]
3,0.744533360004425,[ 2.59899902  1.25699997 30.39599991]
