,scores,centers
0,0.9996170997619629,[-33.51799774   1.24300003 -19.54499817]
1,0.9995661377906799,[-61.51799774  -2.75699997 -19.54499817]
