,scores,centers
0,0.9989333748817444,[ 8.83699989 17.82299805 26.11700058]
1,0.985338568687439,[-7.16300011 39.82299805  6.11700058]
2,0.9913817048072815,[20.83699989 -6.17700195 36.11700058]
3,0.995952844619751,[-1.16300011 35.82299805 40.11700058]
4,0.9080696105957031,[30.83699989 -2.17700195 18.11700058]
