,scores,centers
0,0.9986500144004822,[ 42.29599953 -12.93600082  43.08399963]
1,0.9976029992103577,[ 30.29599953 -10.93600082  63.08399963]
2,0.992074728012085,[48.29599953 -6.93600082 77.08399963]
3,0.7227170467376709,[ 22.29599953 -28.93600082  53.08399963]
