,scores,centers
0,0.9995005130767822,[28.7579999   1.21800041 18.93299866]
1,0.9961509704589844,[16.7579999  11.21800041 12.93299866]
