,scores,centers
0,0.9976978898048401,[83.29800034 28.22300005 85.61100006]
1,0.9787978529930115,[63.29800034 24.22300005 93.61100006]
2,0.9210376143455505,[93.29800034 14.22300005 71.61100006]
3,0.8460169434547424,[103.29800034  22.22300005  71.61100006]
4,0.40029799938201904,[103.29800034  20.22300005  83.61100006]
