,scores,centers
0,0.9988804459571838,[33.45699978 11.93700027 -5.23500061]
1,0.998885452747345,[19.45699978  3.93700027 12.76499939]
2,0.9924169778823853,[15.45699978  7.93700027 -3.23500061]
3,0.9833725094795227,[35.45699978  1.93700027  6.76499939]
