,scores,centers
0,0.9983752965927124,[ 8.00300026 -9.09900093 22.66199875]
1,0.9874227046966553,[ 8.00300026  2.90099907 34.66199875]
2,0.9856404066085815,[24.00300026 12.90099907 10.66199875]
3,0.9782809019088745,[ 2.00300026 10.90099907 16.66199875]
