,scores,centers
0,0.9995218515396118,[22.15999985  1.02400208 21.71199989]
