,scores,centers
0,0.9989830851554871,[50.56999969 22.44099998 24.73199987]
1,0.9939006567001343,[30.56999969  8.44099998 24.73199987]
