,scores,centers
0,0.9994267225265503,[-1.59899902 -1.88399887  0.99200058]
