,scores,centers
0,0.9983370304107666,[-14.35499954  18.91099977  42.75699997]
1,0.9898399114608765,[-2.35499954 36.91099977 46.75699997]
