,scores,centers
0,0.999049723148346,[ 4.04100037 31.83300018 68.50099945]
1,0.9978808760643005,[-15.95899963  31.83300018  78.50099945]
2,0.9503496289253235,[ 2.04100037 29.83300018 50.50099945]
