,scores,centers
0,0.9994352459907532,[46.40099907 46.58500004 10.86100006]
1,0.9960442781448364,[66.40099907 36.58500004  8.86100006]
