,scores,centers
0,0.9997430443763733,[29.37700081 -0.06700134 -8.10800171]
1,0.9997135996818542,[31.37700081 -0.06700134 -6.10800171]
