,scores,centers
0,0.9980553388595581,[-8.64999962  3.08699989  4.6989994 ]
1,0.9952163696289062,[ 7.35000038  5.08699989 22.6989994 ]
2,0.9897783398628235,[-8.64999962 -0.91300011 20.6989994 ]
3,0.9799854755401611,[ -2.64999962 -12.91300011  16.6989994 ]
