,scores,centers
0,0.9984031319618225,[-12.14599991   9.1780014   12.84500122]
1,0.9948675632476807,[-2.14599991 23.1780014   8.84500122]
2,0.900178074836731,[-34.14599991   5.1780014   -1.15499878]
3,0.9460873007774353,[-6.14599991 13.1780014  30.84500122]
