,scores,centers
0,0.9991412162780762,[16.42700005 -5.93600082 15.44099998]
1,0.9859076142311096,[ 6.42700005 14.06399918 13.44099998]
