,scores,centers
0,0.9984449744224548,[ 8.63100052 27.08199978 37.65600014]
1,0.977600634098053,[20.63100052 39.08199978 49.65600014]
2,0.738315761089325,[ 8.63100052 39.08199978 55.65600014]
