,scores,centers
0,0.9990843534469604,[11.20499992  1.33499908 16.83599997]
1,0.9977065324783325,[11.20499992 21.33499908 26.83599997]
2,0.9625178575515747,[23.20499992 -2.66500092 32.83599997]
