,scores,centers
0,0.999605119228363,[ 34.64500046  25.02200031 172.7769928 ]
1,0.9965157508850098,[ 20.64500046  29.02200031 190.7769928 ]
