,scores,centers
0,0.9838992357254028,[ 4.46999931 -6.31999969  6.0909996 ]
1,0.916114330291748,[0.46999931 9.68000031 6.0909996 ]
2,0.9518288969993591,[-11.53000069  -6.31999969  10.0909996 ]
3,0.8692440986633301,[10.46999931 -8.31999969 20.0909996 ]
4,0.8873506784439087,[ 0.46999931 -0.31999969 14.0909996 ]
