,scores,centers
0,0.9995318651199341,[ 10.00399971  11.02899933 -11.61700058]
1,0.961212694644928,[10.00399971  9.02899933 12.38299942]
