,scores,centers
0,0.9994519352912903,[17.38800049  6.66799927 -6.92300034]
1,0.9976043105125427,[  3.38800049  14.66799927 -18.92300034]
2,0.9397271871566772,[-0.61199951 10.66799927  9.07699966]
