,scores,centers
0,0.9992757439613342,[64.97200012 23.15999985 14.62899971]
