,scores,centers
0,0.9995563626289368,[  3.76599884 -11.89599991  51.04299927]
1,0.9885756373405457,[23.76599884 -3.89599991 63.04299927]
