,scores,centers
0,0.9986265897750854,[48.74300003 29.82900047 57.77199936]
1,0.9894428253173828,[36.74300003 13.82900047 73.77199936]
2,0.9973114728927612,[42.74300003 19.82900047 89.77199936]
3,0.5349525213241577,[44.74300003  5.82900047 79.77199936]
4,0.41166648268699646,[46.74300003 15.82900047 61.77199936]
