,scores,centers
0,0.9993707537651062,[-64.59400177  18.98799992  55.57799911]
1,0.9716445803642273,[-82.59400177  24.98799992  51.57799911]
2,0.4011523723602295,[-76.59400177  18.98799992  71.57799911]
