,scores,centers
0,0.9994058609008789,[47.5        36.37900019  1.98899841]
