,scores,centers
0,0.9995527863502502,[1.43099976 0.22100067 0.4280014 ]
1,0.9995821118354797,[-20.56900024 -19.77899933 -15.5719986 ]
2,0.9989583492279053,[ -8.56900024 -15.77899933   0.4280014 ]
