,scores,centers
0,0.9990382194519043,[ 5.26899719  7.34199905 29.63399887]
1,0.9962018132209778,[-12.73100281  -0.65800095  15.63399887]
2,0.9929592609405518,[-6.73100281  5.34199905 41.63399887]
