,scores,centers
0,0.9983307719230652,[25.14400101  7.25799942 14.72200012]
1,0.9989398121833801,[  9.14400101 -28.74200058   6.72200012]
