,scores,centers
0,0.9991971850395203,[ 5.14699936 17.88199997 39.16699982]
1,0.9859908223152161,[ 5.14699936 21.88199997 21.16699982]
2,0.9754413366317749,[ 5.14699936 37.88199997 39.16699982]
3,0.7718542814254761,[19.14699936 27.88199997 47.16699982]
4,0.5951383113861084,[ 9.14699936 37.88199997 25.16699982]
