,scores,centers
0,0.997453510761261,[ -2.28199768  23.51599979 -20.74700165]
1,0.9877787232398987,[-0.28199768 27.51599979 -2.74700165]
2,0.9702271223068237,[-8.28199768 15.51599979 -4.74700165]
3,0.8958744406700134,[ 15.71800232  25.51599979 -18.74700165]
4,0.6299551129341125,[-18.28199768  29.51599979  -6.74700165]
