,scores,centers
0,0.9992554783821106,[34.65699959 17.50500011  9.0719986 ]
1,0.991030216217041,[42.65699959  7.50500011 15.0719986 ]
2,0.8733059763908386,[36.65699959  9.50500011 -4.9280014 ]
3,0.8852341175079346,[28.65699959 15.50500011  3.0719986 ]
