,scores,centers
0,0.9989803433418274,[14.64299965 -5.56999969 53.52700043]
1,0.994860827922821,[ 10.64299965 -13.56999969  63.52700043]
