,scores,centers
0,0.9971951246261597,[ 8.93400002 27.87100029 51.20100021]
1,0.9988083839416504,[-5.06599998 17.87100029 55.20100021]
2,0.9966632723808289,[ 6.93400002  9.87100029 57.20100021]
