,scores,centers
0,0.9989987015724182,[38.22399998 63.66399956 77.15000153]
1,0.9979146122932434,[66.22399998 65.66399956 67.15000153]
2,0.9986932873725891,[32.22399998 99.66399956 87.15000153]
