,scores,centers
0,0.999618649482727,[55.29100037 52.2249999   1.68299866]
1,0.9992627501487732,[ 63.29100037  26.2249999  -10.31700134]
