,scores,centers
0,0.9987180233001709,[34.7510004  18.56799984 10.60700035]
1,0.9660821557044983,[26.7510004   2.56799984  2.60700035]
2,0.468328058719635,[42.7510004   6.56799984 16.60700035]
3,0.41888678073883057,[38.7510004  16.56799984 28.60700035]
