,scores,centers
0,0.9993959665298462,[ 40.69999981  45.19099998 124.59400177]
1,0.9988310933113098,[ 40.69999981  71.19099998 122.59400177]
2,0.9800481200218201,[ 32.69999981  37.19099998 114.59400177]
