,scores,centers
0,0.999122679233551,[82.92300034 36.72800064 16.9659996 ]
1,0.8920318484306335,[100.92300034  56.72800064  24.9659996 ]
2,0.7555579543113708,[84.92300034 46.72800064 38.9659996 ]
3,0.5900463461875916,[86.92300034 62.72800064 12.9659996 ]
4,0.7580953240394592,[88.92300034 40.72800064  4.9659996 ]
