,scores,centers
0,0.9989078044891357,[-9.3219986  17.62199974 28.07600021]
1,0.4665595293045044,[-1.3219986  23.62199974 46.07600021]
2,0.6576785445213318,[-1.3219986  13.62199974 42.07600021]
3,0.4334169030189514,[-3.3219986  33.62199974 40.07600021]
4,0.8985527157783508,[-7.3219986  23.62199974 28.07600021]
