,scores,centers
0,0.9973692893981934,[64.57699966 40.30400085 37.48699999]
1,0.8049592971801758,[78.57699966 40.30400085 27.48699999]
2,0.8318337202072144,[72.57699966 28.30400085 25.48699999]
3,0.7494216561317444,[64.57699966 26.30400085 21.48699999]
4,0.4626360237598419,[54.57699966 50.30400085 23.48699999]
