,scores,centers
0,0.9987749457359314,[51.98099899 12.57699966 54.60900116]
1,0.9988804459571838,[ 45.98099899 -17.42300034  52.60900116]
