,scores,centers
0,0.9997685551643372,[30.27600002 19.9460001  48.07099915]
1,0.9979133009910583,[26.27600002 37.9460001  48.07099915]
2,0.9794935584068298,[10.27600002 27.9460001  50.07099915]
