,scores,centers
0,0.9993767142295837,[46.3239994  36.17599964 13.57600021]
1,0.998938262462616,[30.3239994  28.17599964 -4.42399979]
2,0.9942491054534912,[34.3239994  32.17599964  7.57600021]
3,0.9409806132316589,[34.3239994  20.17599964  7.57600021]
