,scores,centers
0,0.9988792538642883,[ 7.59499931 18.02799988 16.88199997]
1,0.9993001222610474,[29.59499931 54.02799988 26.88199997]
