,scores,centers
0,0.9994572997093201,[16.37700081  9.70199966 10.06800079]
1,0.9991777539253235,[14.37700081 21.70199966 28.06800079]
