,scores,centers
0,0.9991176724433899,[ 5.5170002   1.23399925 14.5710001 ]
