,scores,centers
0,0.9991999268531799,[ 8.87899971 36.48799992 23.45999908]
1,0.9940100908279419,[24.87899971 14.48799992  9.45999908]
2,0.9937258362770081,[ 4.87899971 36.48799992 23.45999908]
3,0.5669116973876953,[34.87899971 30.48799992 29.45999908]
