,scores,centers
0,0.9998419284820557,[33.54800034 73.9640007  15.85599995]
1,0.9669612050056458,[39.54800034 61.9640007  39.85599995]
2,0.544578492641449,[29.54800034 65.9640007  41.85599995]
3,0.5371690392494202,[53.54800034 57.9640007  29.85599995]
