,scores,centers
0,0.9991870522499084,[ 10.35199738 -26.8429985  -46.16300201]
1,0.9994925260543823,[ 12.35199738 -22.8429985  -10.16300201]
2,0.9987975358963013,[-15.64800262   5.1570015    3.83699799]
