,scores,centers
0,0.9834083318710327,[59.72600174 86.42099762 88.5510025 ]
1,0.9737425446510315,[63.72600174 84.42099762 92.5510025 ]
2,0.664979875087738,[57.72600174 94.42099762 92.5510025 ]
