,scores,centers
0,0.9976612329483032,[-0.29800034 19.63100004 22.20300007]
1,0.7265188097953796,[ 7.70199966 33.63100004 18.20300007]
2,0.5068544745445251,[-0.29800034 15.63100004  0.20300007]
