,scores,centers
0,0.9988744854927063,[24.77799988 45.25200081 21.10000038]
1,0.9991441965103149,[16.77799988  5.25200081 21.10000038]
