,scores,centers
0,0.998819887638092,[16.07799911 77.63999939 25.91699982]
1,0.9940726161003113,[14.07799911 91.63999939  3.91699982]
2,0.9952583909034729,[ 4.07799911 95.63999939 25.91699982]
