,scores,centers
0,0.998292863368988,[11.44099998  0.5        15.55500031]
1,0.9886128902435303,[31.44099998 14.5        27.55500031]
2,0.9448645710945129,[ 5.44099998  6.5        15.55500031]
