,scores,centers
0,0.999026894569397,[12.63299942 48.08200073 24.8739996 ]
1,0.9950370192527771,[ 2.63299942 58.08200073 42.8739996 ]
2,0.9953476786613464,[28.63299942 42.08200073 40.8739996 ]
