,scores,centers
0,0.999123752117157,[-3.7159996   4.29599953 15.28800011]
1,0.99774569272995,[ 4.2840004  -5.70400047  7.28800011]
2,0.9856374859809875,[-7.7159996  -7.70400047 31.28800011]
3,0.40376389026641846,[-21.7159996   -9.70400047  15.28800011]
