,scores,centers
0,0.9993402361869812,[ 2.31500053 14.54299927 38.15200043]
1,0.9993847608566284,[14.31500053 -1.45700073 12.15200043]
