,scores,centers
0,0.9985887408256531,[ 8.78899956 38.54800034 36.33200073]
1,0.9843489527702332,[28.78899956 20.54800034 34.33200073]
2,0.9887070655822754,[38.78899956  0.54800034 42.33200073]
3,0.9582926034927368,[28.78899956  0.54800034 30.33200073]
