,scores,centers
0,0.999150276184082,[ 17.13800049 -17.21199799 -38.56800079]
1,0.9987194538116455,[  5.13800049 -43.21199799 -24.56800079]
