,scores,centers
0,0.9993007183074951,[ 7.95299911  7.15399933 19.73400021]
