,scores,centers
0,0.999854326248169,[ 2.73899841 66.78099823 67.57299995]
1,0.9981142282485962,[22.73899841 54.78099823 53.57299995]
2,0.994586706161499,[-11.26100159  64.78099823  39.57299995]
