,scores,centers
0,0.9993540644645691,[ 16.24300003 -11.73899841  21.37300014]
1,0.9826887845993042,[-1.75699997 12.26100159 29.37300014]
2,0.9917190074920654,[16.24300003  4.26100159 33.37300014]
3,0.9800695180892944,[ 4.24300003  0.26100159 11.37300014]
