,scores,centers
0,0.9992021918296814,[19.11700058 -5.48799896 17.03699875]
1,0.790204644203186,[ 7.11700058  4.51200104 27.03699875]
2,0.9614236950874329,[  9.11700058 -13.48799896  11.03699875]
