,scores,centers
0,0.9993083477020264,[41.48099995 30.92500019 33.13899994]
1,0.9859344363212585,[61.48099995 26.92500019 41.13899994]
