,scores,centers
0,0.9987295269966125,[22.61100006 21.74200058 10.84500122]
1,0.9984966516494751,[ 0.61100006 15.74200058 14.84500122]
2,0.6758116483688354,[ 8.61100006 -2.25799942  2.84500122]
