,scores,centers
0,0.9995446801185608,[36.72000122 18.00799942  0.21099854]
1,0.9989907145500183,[34.72000122 -3.99200058 36.21099854]
