,scores,centers
0,0.9997610449790955,[-5.58300018 26.5710001   5.42700005]
1,0.9970695972442627,[-1.58300018 26.5710001  25.42700005]
