,scores,centers
0,0.9988503456115723,[28.38599968 24.89900017 -3.53499985]
1,0.9948800802230835,[20.38599968 10.89900017 14.46500015]
2,0.5311666131019592,[10.38599968 22.89900017  8.46500015]
3,0.5836673378944397,[ 6.38599968 14.89900017  0.46500015]
