,scores,centers
0,0.9837142825126648,[19.48999977 14.37300014  2.3920002 ]
1,0.8649528622627258,[19.48999977 20.37300014 10.3920002 ]
