,scores,centers
0,0.998883068561554,[62.83300018 22.58600044 14.2329998 ]
