,scores,centers
0,0.9988834261894226,[12.13500023 40.71699905 18.23400116]
1,0.9991158843040466,[18.13500023 54.71699905 38.23400116]
2,0.9864697456359863,[-5.86499977 38.71699905 38.23400116]
3,0.9597298502922058,[ 2.13500023 56.71699905 20.23400116]
