,scores,centers
0,0.9992642998695374,[26.70299911  1.59600067  5.12999916]
1,0.9779157042503357,[ 4.70299911  7.59600067 21.12999916]
2,0.9671958088874817,[26.70299911 -0.40399933 25.12999916]
