,scores,centers
0,0.999405026435852,[117.34400177  33.3579998  -28.88800049]
1,0.9986600875854492,[117.34400177  33.3579998    9.11199951]
