,scores,centers
0,0.999250590801239,[20.61199999 -1.03100014 -4.35000038]
1,0.9405107498168945,[24.61199999 18.96899986 -0.35000038]
2,0.5367391109466553,[28.61199999 28.96899986 11.64999962]
3,0.4598362147808075,[34.61199999  8.96899986  3.64999962]
