,scores,centers
0,0.9985262155532837,[10.00899982 55.22699928 49.5739994 ]
1,0.991874635219574,[38.00899982 67.22699928 39.5739994 ]
