,scores,centers
0,0.9983866214752197,[87.39999962 25.84500122  5.5719986 ]
1,0.9992445707321167,[49.39999962 27.84500122 13.5719986 ]
