,scores,centers
0,0.9991177916526794,[-5.91699982  6.0189991   6.65999985]
1,0.9913467764854431,[ 2.08300018  2.0189991  20.65999985]
2,0.9668046236038208,[-7.91699982 -7.9810009   4.65999985]
