,scores,centers
0,0.9988337159156799,[-4.37000275  4.12100029 13.14400101]
1,0.9969615340232849,[ 3.62999725 -5.87899971  7.14400101]
2,0.9667734503746033,[-14.37000275   6.12100029  29.14400101]
3,0.9337642192840576,[ 3.62999725 -1.87899971 23.14400101]
4,0.41156265139579773,[-16.37000275  -7.87899971  31.14400101]
