,scores,centers
0,0.9982826709747314,[15.80200005 21.96000004  7.25900078]
1,0.8419880867004395,[ 17.80200005  15.96000004 -16.74099922]
