,scores,centers
0,0.9996817111968994,[44.23899984 14.95100021 58.81200027]
1,0.9970340728759766,[50.23899984 12.95100021 62.81200027]
2,0.9876121878623962,[22.23899984 -5.04899979 58.81200027]
