,scores,centers
0,0.9997807145118713,[-4.09799957  4.04899979 -3.38899994]
1,0.9997808337211609,[-4.09799957  6.04899979 -3.38899994]
2,0.42643067240715027,[ -6.09799957   4.04899979 -19.38899994]
