,scores,centers
0,0.9993802309036255,[ 67.31999969 -44.57800293 100.41200256]
1,0.9952606558799744,[ 55.31999969 -40.57800293  82.41200256]
2,0.6272755861282349,[ 67.31999969 -36.57800293  76.41200256]
