,scores,centers
0,0.999049723148346,[50.63999987 -0.69200134 21.97999954]
1,0.9982534050941467,[72.63999987  9.30799866 15.97999954]
2,0.9975161552429199,[24.63999987  9.30799866 15.97999954]
