,scores,centers
0,0.9985087513923645,[23.5539999  36.14599991 25.14000034]
1,0.9979978203773499,[23.5539999  32.14599991 25.14000034]
2,0.9985047578811646,[21.5539999  38.14599991 23.14000034]
