,scores,centers
0,0.9991998076438904,[  1.77799988 -19.10700226 -11.56000137]
1,0.9876064658164978,[ 27.77799988   8.89299774 -15.56000137]
2,0.9861964583396912,[ 21.77799988 -11.10700226  12.43999863]
