,scores,centers
0,0.9866501092910767,[-14.82699966  36.6970005   27.44199991]
1,0.9486433267593384,[-12.82699966  42.6970005   25.44199991]
2,0.7598938941955566,[-18.82699966  40.6970005   43.44199991]
3,0.7496658563613892,[-6.82699966 36.6970005  37.44199991]
