,scores,centers
0,0.9840270280838013,[14.10599899  7.02099991  5.29399967]
1,0.9804801940917969,[12.10599899  7.02099991  5.29399967]
2,0.6706774830818176,[16.10599899  3.02099991 13.29399967]
