,scores,centers
0,0.9980401396751404,[-4.6590004   4.26099968 13.27400017]
1,0.9919934272766113,[ 1.3409996  -5.73900032  5.27400017]
2,0.9611578583717346,[ 3.3409996  -1.73900032 25.27400017]
3,0.9138616323471069,[-4.6590004  -7.73900032 31.27400017]
4,0.9385157823562622,[-12.6590004    6.26099968  29.27400017]
