,scores,centers
0,0.9991814494132996,[ 57.56200027  91.29999924 100.5510025 ]
1,0.9987401366233826,[61.56200027 73.29999924 88.5510025 ]
2,0.9981616139411926,[ 63.56200027  93.29999924 118.5510025 ]
