,scores,centers
0,0.9995133876800537,[ 2.33600044  0.68500137 11.04500008]
1,0.9991418123245239,[ 18.33600044 -13.31499863  13.04500008]
