,scores,centers
0,0.9990789890289307,[33.25500011  9.22800064 47.64400005]
1,0.993089497089386,[21.25500011  9.22800064 49.64400005]
2,0.7889187932014465,[27.25500011 15.22800064 45.64400005]
3,0.6217657327651978,[19.25500011 -2.77199936 45.64400005]
4,0.5061936974525452,[13.25500011  3.22800064 35.64400005]
