,scores,centers
0,0.9957959651947021,[-0.56200027 -0.11299896 11.18400002]
1,0.974910318851471,[-2.56200027  9.88700104 19.18400002]
2,0.8846768736839294,[17.43799973 13.88700104 15.18400002]
3,0.8783591985702515,[11.43799973  3.88700104 27.18400002]
4,0.8907898664474487,[11.43799973 21.88700104 17.18400002]
5,0.6456692218780518,[ 5.43799973 17.88700104 27.18400002]
