,scores,centers
0,0.9996645450592041,[21.28100014 74.06999969 10.06499863]
1,0.9986274242401123,[51.28100014 64.06999969 16.06499863]
