,scores,centers
0,0.9989847540855408,[49.51100016 36.59500027 -6.70500183]
1,0.9989156723022461,[41.51100016 18.59500027 27.29499817]
