,scores,centers
0,0.9984739422798157,[-3.55200195  3.87000275  6.51799965]
1,0.997916042804718,[-13.55200195   1.87000275  -5.48200035]
