,scores,centers
0,0.9990598559379578,[87.72200012 29.04099989 60.40200043]
1,0.9954708814620972,[101.72200012  49.04099989  66.40200043]
2,0.9770653247833252,[113.72200012  33.04099989  54.40200043]
