,scores,centers
0,0.9988337159156799,[ 6.03300095 -1.65200043 15.87400055]
1,0.6119301319122314,[26.03300095  2.34799957 23.87400055]
