,scores,centers
0,0.9985671043395996,[-4.15699768  4.02400017 15.22100067]
1,0.9977229237556458,[ 3.84300232 -5.97599983  7.22100067]
2,0.9790094494819641,[-16.15699768  -9.97599983  31.22100067]
3,0.9012067317962646,[-4.15699768 -7.97599983 29.22100067]
4,0.9386052489280701,[-12.15699768   6.02400017  29.22100067]
