,scores,centers
0,0.9992191791534424,[37.75699997 32.34599972 10.6439991 ]
1,0.9991227984428406,[35.75699997 52.34599972 18.6439991 ]
2,0.9968762397766113,[ 9.75699997 48.34599972 22.6439991 ]
3,0.9866735935211182,[51.75699997 44.34599972 -7.3560009 ]
