,scores,centers
0,0.9990394711494446,[-11.70700073  29.63400078  65.02600098]
1,0.9992160797119141,[30.29299927 -0.36599922 55.02600098]
