,scores,centers
0,0.9989191293716431,[33.43799973 12.06700134 -5.1989994 ]
1,0.9989367127418518,[19.43799973  4.06700134 12.8010006 ]
2,0.9947224855422974,[17.43799973  6.06700134 -3.1989994 ]
