,scores,centers
0,0.9996465444564819,[52.01300049  9.29100037 21.38500214]
