,scores,centers
0,0.9988824725151062,[47.63299942 21.45600033 42.07499981]
