,scores,centers
0,0.9894872903823853,[50.52300072 22.09200001 41.71999931]
1,0.9906774759292603,[42.52300072 18.09200001 53.71999931]
2,0.9530750513076782,[44.52300072 10.09200001 59.71999931]
3,0.9349634647369385,[50.52300072  8.09200001 51.71999931]
4,0.5453264117240906,[32.52300072  8.09200001 39.71999931]
