,scores,centers
0,0.9994736313819885,[ 16.43700027 -11.23699951  21.36600018]
1,0.9954981803894043,[16.43700027  4.76300049 33.36600018]
2,0.9627981185913086,[28.43700027  2.76300049 23.36600018]
3,0.7342602014541626,[ 2.43700027 10.76300049 27.36600018]
4,0.7627429366111755,[6.43700027 8.76300049 9.36600018]
