,scores,centers
0,0.9995428323745728,[44.2750001  36.75600052 21.61999989]
1,0.999617338180542,[16.2750001  18.75600052 31.61999989]
2,0.9956226944923401,[42.2750001  26.75600052 39.61999989]
3,0.9870513677597046,[22.2750001  28.75600052 17.61999989]
