,scores,centers
0,0.9991366267204285,[ 23.33599997 -25.26200104  71.46900177]
1,0.9878683090209961,[35.33599997  2.73799896 75.46900177]
2,0.9677915573120117,[ 31.33599997 -19.26200104  83.46900177]
3,0.5288270711898804,[27.33599997  2.73799896 67.46900177]
4,0.47410547733306885,[17.33599997 -7.26200104 81.46900177]
