,scores,centers
0,0.9969883561134338,[ 0.59999847  1.65699768 -0.47699928]
1,0.988469660282135,[ -1.40000153 -12.34300232  33.52300072]
2,0.993428647518158,[ -7.40000153 -10.34300232  13.52300072]
