,scores,centers
0,0.9986205101013184,[-7.68199921 49.2329998  14.18500137]
1,0.9955580830574036,[14.31800079 39.2329998   2.18500137]
