,scores,centers
0,0.9988632202148438,[35.88800001 21.93799973 21.75      ]
1,0.9994588494300842,[39.88800001 41.93799973  3.75      ]
2,0.999327540397644,[51.88800001 11.93799973 31.75      ]
3,0.9807232022285461,[27.88800001 53.93799973 35.75      ]
