,scores,centers
0,0.9981793165206909,[14.65499878 14.0719986  19.20600128]
1,0.998650848865509,[ 0.65499878 16.0719986  15.20600128]
2,0.9705267548561096,[24.65499878  8.0719986   7.20600128]
