,scores,centers
0,0.9930691719055176,[27.96799994 17.15600014 13.9000001 ]
1,0.9876584410667419,[31.96799994 23.15600014 21.9000001 ]
2,0.5201844573020935,[23.96799994 21.15600014 21.9000001 ]
