,scores,centers
0,0.9974358677864075,[65.53499985 40.29700089 37.30299997]
1,0.97129887342453,[71.53499985 52.29700089 35.30299997]
2,0.9149553775787354,[69.53499985 38.29700089 41.30299997]
3,0.5829761624336243,[65.53499985 24.29700089 23.30299997]
4,0.8232271671295166,[69.53499985 34.29700089 37.30299997]
5,0.5883539915084839,[57.53499985 26.29700089 19.30299997]
6,0.47487789392471313,[79.53499985 38.29700089 27.30299997]
7,0.4901424050331116,[75.53499985 26.29700089 27.30299997]
