,scores,centers
0,0.99974125623703,[ 34.29599953  45.3409996  110.43699646]
1,0.9995313882827759,[ 36.29599953  45.3409996  106.43699646]
