,scores,centers
0,0.9996247291564941,[33.625      15.37599945 35.97599792]
1,0.9997171759605408,[-2.375       3.37599945 39.97599792]
