,scores,centers
0,0.9996155500411987,[25.10300064 29.88399982 52.84399986]
1,0.9960311055183411,[31.10300064 47.88399982 72.84399986]
2,0.9910452961921692,[21.10300064 57.88399982 30.84399986]
