,scores,centers
0,0.9988564252853394,[-2.63500214 18.77499962 52.05799866]
1,0.9930821657180786,[-12.63500214  16.77499962  74.05799866]
2,0.9948882460594177,[ 1.36499786 24.77499962 70.05799866]
