,scores,centers
0,0.9993614554405212,[-94.23699951 -13.34500122 -87.96499634]
1,0.9847304821014404,[-84.23699951  -7.34500122 -71.96499634]
