,scores,centers
0,0.9991539716720581,[51.35199928 21.7329998  40.57800007]
1,0.9724236726760864,[65.35199928 19.7329998  58.57800007]
