,scores,centers
0,0.9926326870918274,[37.25200081 72.0890007   7.20400047]
1,0.9913698434829712,[47.25200081 80.0890007  21.20400047]
2,0.9113038778305054,[65.25200081 68.0890007   7.20400047]
3,0.9649507403373718,[45.25200081 50.0890007   9.20400047]
4,0.9223443865776062,[35.25200081 58.0890007  27.20400047]
5,0.9623393416404724,[63.25200081 70.0890007  25.20400047]
