,scores,centers
0,0.9992604851722717,[35.67000008 21.31200027 56.83899975]
1,0.9928245544433594,[39.67000008 27.31200027 32.83899975]
2,0.9949257373809814,[27.67000008 39.31200027 28.83899975]
