,scores,centers
0,0.9973243474960327,[ 43.50399971  20.8039999  -22.82600021]
1,0.9937720894813538,[27.50399971 22.8039999  -2.82600021]
