,scores,centers
0,0.9985024929046631,[25.55200005  0.52499962 38.17000008]
1,0.9914531707763672,[19.55200005 66.52499962 38.17000008]
