,scores,centers
0,0.9991282820701599,[76.93499947 18.02600098 11.53899956]
1,0.9991359114646912,[50.93499947 26.02600098 11.53899956]
