,scores,centers
0,0.9993334412574768,[30.41800022 48.85199928 82.54299927]
1,0.9755592942237854,[32.41800022 32.85199928 86.54299927]
2,0.9628884196281433,[ 38.41800022  46.85199928 100.54299927]
3,0.714607834815979,[48.41800022 46.85199928 92.54299927]
4,0.514975905418396,[52.41800022 56.85199928 90.54299927]
