,scores,centers
0,0.9951276779174805,[-10.73600006 -21.58000183 -14.7120018 ]
1,0.9810359477996826,[  5.26399994 -23.58000183 -26.7120018 ]
