,scores,centers
0,0.9986621141433716,[28.73500013 13.18000031 43.94499969]
1,0.9895351529121399,[22.73500013 29.18000031 47.94499969]
2,0.9818805456161499,[16.73500013 29.18000031 37.94499969]
