,scores,centers
0,0.999365508556366,[ 35.63100052 -33.02099609   4.57099915]
1,0.9991649389266968,[33.63100052  0.97900391  0.57099915]
2,0.9995729327201843,[ -2.36899948 -33.02099609  24.57099915]
