,scores,centers
0,0.9994792342185974,[43.45499992  7.27700043  6.93799973]
1,0.9852479696273804,[23.45499992 19.27700043 16.93799973]
