,scores,centers
0,0.9982422590255737,[35.19799995 52.09200001 40.74800014]
1,0.9986546039581299,[21.19799995 40.09200001 42.74800014]
