,scores,centers
0,0.9997060894966125,[ 8.11899948 37.73900032  6.12200165]
1,0.9972476363182068,[28.11899948 33.73900032 10.12200165]
