,scores,centers
0,0.9992231130599976,[22.01799965  7.42399979 19.28699875]
