,scores,centers
0,0.9992883801460266,[ 46.31500053 -11.90599823 105.51000214]
1,0.9969589710235596,[ 20.31500053  10.09400177 111.51000214]
2,0.9961246848106384,[2.63150005e+01 9.40017700e-02 1.05510002e+02]
