,scores,centers
0,0.9994848966598511,[17.9640007  70.93300009 22.68400002]
1,0.9990441203117371,[35.9640007  20.93300009  6.68400002]
