,scores,centers
0,0.9980461597442627,[ 6.98800087 -0.28300095  4.70499992]
1,0.9985952973365784,[ 8.98800087  1.71699905 40.70499992]
2,0.42962542176246643,[ 0.98800087 13.71699905 54.70499992]
