,scores,centers
0,0.9988359808921814,[ 8.4829998   3.24699974 27.16300011]
1,0.9990932941436768,[20.4829998   3.24699974 -0.83699989]
2,0.9973813891410828,[16.4829998  -6.75300026 17.16300011]
