,scores,centers
0,0.9996148347854614,[14.80699921 79.13899994 25.06400013]
1,0.9818597435951233,[-5.19300079 65.13899994 13.06400013]
2,0.6921399831771851,[-3.19300079 77.13899994 13.06400013]
