,scores,centers
0,0.9991081357002258,[29.36499977  4.60700035 36.95100021]
1,0.9962454438209534,[33.36499977  2.60700035 40.95100021]
