,scores,centers
0,0.9988314509391785,[28.6789999  -1.74700165 11.02099991]
1,0.9942100048065186,[  2.6789999  -21.74700165  29.02099991]
2,0.9945577383041382,[ 8.6789999   4.25299835 -4.97900009]
