,scores,centers
0,0.9983067512512207,[72.26599979 55.19299984 51.06599998]
1,0.9985659718513489,[24.26599979 43.19299984 21.06599998]
2,0.9939903020858765,[24.26599979 89.19299984 33.06599998]
