,scores,centers
0,0.9988858103752136,[-31.85900116 -12.29699707  10.65000153]
1,0.9991821646690369,[-25.85900116 -56.29699707  44.65000153]
