,scores,centers
0,0.9992673993110657,[59.93599987 89.03499985 14.71299934]
1,0.9995680451393127,[23.93599987 55.03499985 14.71299934]
