,scores,centers
0,0.9963831901550293,[64.74000168 37.64900017 18.61499977]
1,0.9942899942398071,[102.74000168  27.64900017  18.61499977]
2,0.9951130747795105,[90.74000168 31.64900017  8.61499977]
3,0.9583966135978699,[84.74000168 35.64900017 28.61499977]
