,scores,centers
0,0.9980156421661377,[13.06900024 56.42300034 53.20499992]
1,0.9973337650299072,[29.06900024 44.42300034 63.20499992]
2,0.7475349307060242,[ 1.06900024 72.42300034 43.20499992]
3,0.7536323666572571,[ 5.06900024 82.42300034 51.20499992]
4,0.572120726108551,[15.06900024 76.42300034 53.20499992]
