,scores,centers
0,0.9996052384376526,[ 34.56499958  25.08400011 107.86000061]
1,0.9958202838897705,[ 20.56499958  29.08400011 127.86000061]
