,scores,centers
0,0.9982154369354248,[ -7.07699966   6.89299774 145.35299683]
1,0.9944538474082947,[ -9.07699966 -17.10700226 143.35299683]
2,0.9153879880905151,[-25.07699966  -3.10700226 153.35299683]
