,scores,centers
0,0.9987766146659851,[ 6.37000084 28.60299969 29.44199944]
1,0.9989860653877258,[ 2.37000084 26.60299969  1.44199944]
2,0.9977548718452454,[ 6.37000084 28.60299969 33.44199944]
3,0.9335330724716187,[ 0.37000084 44.60299969 21.44199944]
