,scores,centers
0,0.9996227025985718,[-2.10300064  3.53100014 41.76799774]
