,scores,centers
0,0.9992048144340515,[5.86000061 5.5359993  3.15599823]
1,0.9995027780532837,[33.86000061 21.5359993  -2.84400177]
