,scores,centers
0,0.9988154172897339,[13.89299965  2.28700256 21.39599991]
1,0.9368943572044373,[13.89299965  0.28700256 -4.60400009]
2,0.9717367887496948,[-0.10700035 -5.71299744  7.39599991]
3,0.9770647287368774,[27.89299965 -9.71299744  9.39599991]
