,scores,centers
0,0.9979181885719299,[12.1609993  -7.7140007  14.03000069]
1,0.9954509139060974,[22.1609993   2.2859993  22.03000069]
