,scores,centers
0,0.9987162351608276,[ 40.31799984 -15.84199905  44.28300095]
1,0.9964041709899902,[30.31799984 -9.84199905 60.28300095]
2,0.9774687886238098,[42.31799984  0.15800095 68.28300095]
3,0.9743915796279907,[ 44.31799984 -17.84199905  72.28300095]
4,0.46197691559791565,[ 24.31799984 -31.84199905  56.28300095]
