,scores,centers
0,0.9988910555839539,[20.81700134 11.2519989  21.39000034]
