,scores,centers
0,0.999087929725647,[50.30900002 22.86700058  5.56700134]
1,0.9792147874832153,[46.30900002 38.86700058 17.56700134]
2,0.9819697141647339,[28.30900002 12.86700058 23.56700134]
3,0.98552006483078,[40.30900002  8.86700058 21.56700134]
