,scores,centers
0,0.9934241771697998,[28.1079998  16.90799999 13.70900011]
1,0.9846128225326538,[32.1079998  24.90799999 23.70900011]
2,0.4827105700969696,[14.1079998  26.90799999 21.70900011]
