,scores,centers
0,0.9992094039916992,[58.43799973 33.69799995 13.3219986 ]
