,scores,centers
0,0.9988683462142944,[60.95399857 40.20600128 22.61199951]
1,0.9992905855178833,[56.95399857  6.20600128 12.61199951]
2,0.9846819639205933,[82.95399857 18.20600128 30.61199951]
