,scores,centers
0,0.9986026883125305,[77.67100143 61.73500061 93.01499939]
1,0.998928964138031,[67.67100143 77.73500061 85.01499939]
2,0.9965433478355408,[113.67100143  85.73500061  99.01499939]
