,scores,centers
0,0.9984169006347656,[35.86700058 36.4989996  82.00500107]
