,scores,centers
0,0.9983963370323181,[39.96800041 39.60200024 21.91400146]
1,0.9872009754180908,[39.96800041 45.60200024 -8.08599854]
