,scores,centers
0,0.9987465143203735,[ 33.47400093 -44.38600159 -10.57600021]
1,0.9991422891616821,[  7.47400093 -62.38600159 -10.57600021]
