,scores,centers
0,0.9996510744094849,[136.73500061  24.7510004   21.17200089]
1,0.9994658827781677,[110.73500061  48.7510004   -0.82799911]
