,scores,centers
0,0.9989282488822937,[10.02899933 33.64599991 18.29700089]
1,0.9909548163414001,[ 4.02899933 21.64599991 22.29700089]
2,0.533479630947113,[ 4.02899933 17.64599991  6.29700089]
