,scores,centers
0,0.998561680316925,[102.5870018  129.78199768  11.94799995]
1,0.9981164932250977,[ 72.5870018  163.78199768  17.94799995]
2,0.9615155458450317,[ 72.5870018  129.78199768  15.94799995]
