,scores,centers
0,0.9989114999771118,[ 0.1060009  18.07099915 26.05099964]
1,0.9974665641784668,[18.1060009  38.07099915 24.05099964]
