,scores,centers
0,0.9844396114349365,[17.01399994  2.70700073 16.31400013]
1,0.9855706691741943,[11.01399994  8.70700073 12.31400013]
2,0.8467158079147339,[17.01399994 -9.29299927 32.31400013]
3,0.43854865431785583,[ 11.01399994 -19.29299927  22.31400013]
