,scores,centers
0,0.9988956451416016,[ 6.46199989  8.51000023 27.96100044]
1,0.9960881471633911,[-3.53800011 28.51000023  9.96100044]
2,0.7995542287826538,[14.46199989 16.51000023 11.96100044]
3,0.9743841886520386,[ 6.46199989 20.51000023 35.96100044]
4,0.6504741311073303,[ 8.46199989 20.51000023 35.96100044]
