,scores,centers
0,0.9990136623382568,[28.2670002   1.59199905  4.15800095]
1,0.9920554757118225,[ 4.2670002  13.59199905 12.15800095]
2,0.9912093877792358,[28.2670002  -0.40800095 26.15800095]
