,scores,centers
0,0.997169554233551,[107.44200134  45.78499985  14.05299997]
1,0.9893487691879272,[117.44200134  45.78499985  32.05299997]
2,0.9650222063064575,[89.44200134 63.78499985 30.05299997]
