,scores,centers
0,0.9988369345664978,[ 4.17099953  0.77000046 12.01000023]
1,0.5691892504692078,[12.17099953 -3.22999954 28.01000023]
