,scores,centers
0,0.9988594055175781,[88.41399956 26.08499908  7.47200012]
1,0.9990553259849548,[48.41399956 26.08499908 15.47200012]
