,scores,centers
0,0.9994114637374878,[73.91900063 19.82099915 12.90399933]
1,0.9996950626373291,[49.91900063 27.82099915 12.90399933]
