,scores,centers
0,0.9993345141410828,[13.00599957 46.12599945 16.67000008]
1,0.9542160630226135,[35.00599957 42.12599945 10.67000008]
2,0.9275270104408264,[27.00599957 34.12599945 28.67000008]
3,0.8581739068031311,[17.00599957 26.12599945 14.67000008]
