,scores,centers
0,0.9972091317176819,[12.52400017 20.83399963 40.23699951]
1,0.9691303372383118,[26.52400017 24.83399963 46.23699951]
2,0.8134442567825317,[18.52400017 12.83399963 48.23699951]
3,0.7982616424560547,[32.52400017 14.83399963 42.23699951]
4,0.9357698559761047,[26.52400017 24.83399963 34.23699951]
