,scores,centers
0,0.9964094758033752,[17.85000038 60.87000084 39.5       ]
1,0.9458284378051758,[-6.14999962 58.87000084 29.5       ]
2,0.8721425533294678,[19.85000038 46.87000084 45.5       ]
3,0.9246664047241211,[ 9.85000038 38.87000084 37.5       ]
4,0.8425886034965515,[ 5.85000038 68.87000084 25.5       ]
