,scores,centers
0,0.9986421465873718,[19.12199974  3.9980011  11.9659996 ]
1,0.9987775683403015,[33.12199974 11.9980011  -6.0340004 ]
2,0.9915873408317566,[17.12199974  5.9980011  -4.0340004 ]
