,scores,centers
0,0.9979355335235596,[-2.5359993  24.57200003 14.98200035]
1,0.9782822728157043,[ 3.4640007  34.57200003  4.98200035]
2,0.9935415983200073,[13.4640007  22.57200003 -3.01799965]
