,scores,centers
0,0.999756395816803,[ 15.1609993   50.99200058 -36.08799744]
1,0.9774045944213867,[ 23.1609993   38.99200058 -44.08799744]
2,0.9146282076835632,[ 15.1609993   34.99200058 -30.08799744]
