,scores,centers
0,0.9687730669975281,[-25.56800079  -6.33399963  20.60099983]
1,0.8972392082214355,[-37.56800079  17.66600037 -15.39900017]
2,0.8648167848587036,[-47.56800079  15.66600037 -13.39900017]
3,0.9423702955245972,[-17.56800079 -18.33399963  16.60099983]
4,0.4624633491039276,[-35.56800079  19.66600037  10.60099983]
