,scores,centers
0,0.9971254467964172,[34.50699997 35.34799957 89.94900131]
1,0.9937627911567688,[54.50699997 27.34799957 75.94900131]
2,0.931587815284729,[42.50699997 21.34799957 67.94900131]
3,0.9335590600967407,[50.50699997 27.34799957 87.94900131]
4,0.631876528263092,[44.50699997 35.34799957 67.94900131]
5,0.4273499548435211,[46.50699997 47.34799957 85.94900131]
