,scores,centers
0,0.9993436932563782,[ 2.79399872  1.59600067 25.33499908]
1,0.9991793036460876,[34.79399872 -0.40399933 15.33499908]
