,scores,centers
0,0.9928296208381653,[35.72200012 17.20199966 -7.8939991 ]
1,0.9866889119148254,[25.72200012  3.20199966  6.1060009 ]
2,0.9556965231895447,[ 21.72200012  11.20199966 -11.8939991 ]
3,0.9037044644355774,[37.72200012  3.20199966 10.1060009 ]
4,0.7017143368721008,[39.72200012 13.20199966 10.1060009 ]
