,scores,centers
0,0.9992610812187195,[-17.72499847  26.85200024  -5.66199875]
