,scores,centers
0,0.998120129108429,[ -3.27300262 -15.15499878  78.37199974]
1,0.9988055229187012,[-13.27300262   6.84500122  88.37199974]
2,0.9990053772926331,[  4.72699738 -15.15499878  38.37199974]
3,0.9969918727874756,[-13.27300262  -1.15499878  50.37199974]
4,0.7545192837715149,[ -3.27300262 -13.15499878  22.37199974]
