,scores,centers
0,0.9989039897918701,[  2.95899963 -49.47100067  -5.72699738]
1,0.997426450252533,[ 28.95899963 -13.47100067  -3.72699738]
