,scores,centers
0,0.9750745296478271,[-14.01399994  19.96700001   4.77300262]
1,0.7762516736984253,[-20.01399994  11.96700001 -15.22699738]
2,0.8153277635574341,[ 5.98600006 11.96700001 -1.22699738]
3,0.43118804693222046,[ 9.98600006 23.96700001 -3.22699738]
