,scores,centers
0,0.9991926550865173,[25.7670002  29.75399971 28.06599998]
1,0.9935674071311951,[35.7670002  41.75399971 18.06599998]
2,0.9895233511924744,[15.7670002  19.75399971  4.06599998]
3,0.9510480165481567,[31.7670002  31.75399971 -1.93400002]
