,scores,centers
0,0.9991330504417419,[21.72299957 73.23699951  1.61599922]
