,scores,centers
0,0.9974857568740845,[28.08099985  4.32699966 26.06700039]
1,0.9960516095161438,[30.08099985  0.32699966 48.06700039]
2,0.9804713726043701,[ 8.08099985 -1.67300034 30.06700039]
3,0.9574425220489502,[20.08099985  6.32699966 46.06700039]
