,scores,centers
0,0.9979009628295898,[ 22.75600052  35.53899956 156.21299744]
1,0.9964269995689392,[ 26.75600052  49.53899956 132.21299744]
2,0.9979605674743652,[ 36.75600052  45.53899956 104.21299744]
