,scores,centers
0,0.9956318140029907,[-4.18700027 26.68200016 55.29500008]
1,0.9977656602859497,[11.81299973 12.68200016 53.29500008]
2,0.9402260780334473,[-10.18700027  10.68200016  49.29500008]
