,scores,centers
0,0.9988044500350952,[6.31700134 8.33100128 7.49200058]
1,0.9987572431564331,[34.31700134 -9.66899872 19.49200058]
2,0.9962412118911743,[34.31700134  8.33100128 35.49200058]
