,scores,centers
0,0.9991494417190552,[52.88500023  4.95400047  5.52600098]
1,0.9759624600410461,[28.88500023 10.95400047  5.52600098]
2,0.9822861552238464,[42.88500023 14.95400047 -2.47399902]
