,scores,centers
0,0.9994076490402222,[ 5.46699905 25.31099987 13.61199951]
1,0.9984557628631592,[11.46699905 21.31099987 17.61199951]
