,scores,centers
0,0.9994713664054871,[35.58699989 33.87899971  6.42300034]
1,0.9988874793052673,[57.58699989 17.87899971 10.42300034]
