,scores,centers
0,0.9994321465492249,[16.12599945 52.91899967 70.13299942]
1,0.9989908337593079,[26.12599945 32.91899967 68.13299942]
