,scores,centers
0,0.9996622800827026,[72.95599937 21.54500008 14.46500015]
1,0.9995781779289246,[50.95599937 27.54500008 12.46500015]
