,scores,centers
0,0.9989966750144958,[ 8.1420002  15.1989994  27.83199978]
1,0.9994193315505981,[ 0.1420002  55.1989994  19.83199978]
2,0.996723473072052,[10.1420002  41.1989994  43.83199978]
