,scores,centers
0,0.9993109703063965,[26.90299988 18.78299999 30.30599976]
1,0.9971447587013245,[44.90299988 26.78299999 24.30599976]
2,0.856440544128418,[12.90299988 36.78299999 14.30599976]
3,0.7875072956085205,[24.90299988 22.78299999 14.30599976]
4,0.4237253665924072,[28.90299988 36.78299999  6.30599976]
