,scores,centers
0,0.9987630844116211,[ 7.05900002 37.71000004  2.13400269]
1,0.9855534434318542,[ 5.05900002 49.71000004 -9.86599731]
2,0.4561956524848938,[ 9.05900002 23.71000004 -9.86599731]
