,scores,centers
0,0.9995057582855225,[ 7.33600044 -2.35400009  8.57099915]
1,0.9910845756530762,[ 1.33600044  5.64599991 22.57099915]
