,scores,centers
0,0.9985540509223938,[49.4659996   0.94000053 35.64799976]
1,0.9551759958267212,[43.4659996   0.94000053 29.64799976]
