,scores,centers
0,0.9975595474243164,[-18.63399887  15.38500023 180.30799866]
1,0.9195398688316345,[-18.63399887  23.38500023 182.30799866]
2,0.8167923092842102,[-16.63399887  23.38500023 202.30799866]
3,0.9413818120956421,[-10.63399887  15.38500023 196.30799866]
4,0.6321650743484497,[-26.63399887  23.38500023 194.30799866]
