,scores,centers
0,0.9988208413124084,[-13.07899857  53.03100014  49.53199959]
1,0.9989326596260071,[-1.07899857 49.03100014 43.53199959]
