,scores,centers
0,0.99905925989151,[-2.83699989 45.33399963 15.51300049]
1,0.9933854937553406,[33.16300011 35.33399963 19.51300049]
2,0.9864193797111511,[25.16300011 49.33399963 13.51300049]
3,0.9850836396217346,[ 9.16300011 31.33399963  9.51300049]
