,scores,centers
0,0.9987686276435852,[-2.98500061 20.1619997  52.26200104]
1,0.9975622892379761,[-12.98500061  16.1619997   78.26200104]
