,scores,centers
0,0.9983410835266113,[17.70000076 31.24800014 11.52000046]
1,0.99752277135849,[ 5.70000076 23.24800014 49.52000046]
2,0.9791955947875977,[17.70000076 33.24800014 39.52000046]
3,0.9859123826026917,[15.70000076 35.24800014 55.52000046]
4,0.9737523794174194,[ 9.70000076 15.24800014  1.52000046]
