,scores,centers
0,0.9989047050476074,[ 0.8239975  29.3409996  66.22699928]
1,0.9993863105773926,[14.8239975   5.3409996  56.22699928]
