,scores,centers
0,0.9991812109947205,[14.23099995 19.29299927  5.02899933]
1,0.9987698197364807,[24.23099995 33.29299927  7.02899933]
2,0.9980807304382324,[22.23099995 17.29299927 -8.97100067]
3,0.9180041551589966,[10.23099995 -2.70700073  1.02899933]
