,scores,centers
0,0.9990987777709961,[ -9.65200043 -20.30599976  34.76500034]
1,0.949749767780304,[ -1.65200043 -28.30599976  48.76500034]
2,0.9622943997383118,[ 12.34799957 -20.30599976  30.76500034]
3,0.9752122163772583,[  4.34799957 -32.30599976  28.76500034]
