,scores,centers
0,0.9987747073173523,[15.81599998 45.30900002  0.90800095]
1,0.9872122406959534,[15.81599998 35.30900002 26.90800095]
2,0.9537861347198486,[23.81599998 29.30900002  6.90800095]
3,0.7709335088729858,[17.81599998 25.30900002 22.90800095]
4,0.5526660084724426,[ 17.81599998  41.30900002 -13.09199905]
