,scores,centers
0,0.9996534585952759,[99.2009964  24.06399918 33.68299866]
