,scores,centers
0,0.9997482895851135,[35.00199986 42.30700016 56.47100067]
1,0.9952000379562378,[33.00199986 28.30700016 76.47100067]
2,0.9695102572441101,[37.00199986 30.30700016 38.47100067]
3,0.8984145522117615,[15.00199986 34.30700016 58.47100067]
4,0.7709583640098572,[23.00199986 20.30700016 48.47100067]
