,scores,centers
0,0.9991337656974792,[ 3.75399971 29.66399956 51.04500008]
1,0.9980015158653259,[13.75399971 13.66399956 49.04500008]
2,0.9812780022621155,[ 9.75399971 11.66399956 37.04500008]
