,scores,centers
0,0.9995864033699036,[26.45499992  5.11000061 59.48799896]
