,scores,centers
0,0.9996771812438965,[18.64599991  9.52199936  8.38999939]
1,0.9909571409225464,[4.64599991 3.52199936 4.38999939]
