,scores,centers
0,0.978484570980072,[35.20400047 20.64900017 25.45800018]
1,0.9448094367980957,[25.20400047 12.64900017 25.45800018]
2,0.8009422421455383,[39.20400047 14.64900017 19.45800018]
