,scores,centers
0,0.9994981288909912,[16.80200005 29.8210001  17.21199989]
1,0.9904242157936096,[24.80200005 35.8210001   5.21199989]
2,0.9702238440513611,[30.80200005 31.8210001  25.21199989]
