,scores,centers
0,0.9996453523635864,[ 7.23200035  2.4829998  13.375     ]
1,0.9956028461456299,[11.23200035 16.4829998  25.375     ]
