,scores,centers
0,0.9992977380752563,[-2.82900238  3.05999947 32.13599968]
1,0.9834201335906982,[ -0.82900238 -12.94000053  34.13599968]
2,0.9828023314476013,[ 1.17099762 13.05999947 18.13599968]
3,0.9459787011146545,[-2.82900238 -8.94000053 12.13599968]
4,0.9201764464378357,[11.17099762 -8.94000053 32.13599968]
