,scores,centers
0,0.9991320967674255,[12.7840004  19.64999962 21.32900047]
1,0.9726554751396179,[22.7840004   9.64999962 -2.67099953]
