,scores,centers
0,0.9985412359237671,[ 34.83300018 -34.59199524  85.24200058]
1,0.9969326257705688,[38.83300018 -8.59199524 75.24200058]
