,scores,centers
0,0.9987351298332214,[ 8.8409996   8.40600014 25.97599983]
1,0.9981368780136108,[-9.1590004  24.40600014 13.97599983]
2,0.9826363325119019,[-3.1590004   6.40600014 19.97599983]
3,0.9797956943511963,[ 4.8409996   0.40600014 13.97599983]
4,0.7496111989021301,[-1.1590004   8.40600014 43.97599983]
