,scores,centers
0,0.9992565512657166,[ 16.31699944  49.08499908 -48.05500031]
1,0.9746868014335632,[ -3.68300056  43.08499908 -36.05500031]
