,scores,centers
0,0.9983213543891907,[ 0.91300201  8.33000183 39.38700008]
1,0.9734246730804443,[12.91300201  0.33000183 59.38700008]
2,0.882953941822052,[16.91300201 20.33000183 25.38700008]
3,0.9592249393463135,[ -9.08699799 -13.66999817  35.38700008]
4,0.9360601902008057,[16.91300201  8.33000183 31.38700008]
