,scores,centers
0,0.998932421207428,[ 4.23600006  0.97999954 12.68400002]
1,0.8793914318084717,[12.23600006 -3.02000046 26.68400002]
