,scores,centers
0,0.9996364116668701,[85.2519989  33.21399975 29.34399986]
1,0.9984317421913147,[73.2519989  25.21399975 21.34399986]
