,scores,centers
0,0.999376118183136,[-4.36199951  4.44599915 13.31700134]
1,0.9975963234901428,[ 1.63800049 -5.55400085  7.31700134]
2,0.9709706902503967,[ 3.63800049 -1.55400085 23.31700134]
