,scores,centers
0,0.9863341450691223,[19.70400047 13.52400017 44.13599968]
1,0.9844375848770142,[21.70400047 -2.47599983 56.13599968]
2,0.9823984503746033,[ 3.70400047  1.52400017 40.13599968]
3,0.96580970287323,[11.70400047 -8.47599983 58.13599968]
