,scores,centers
0,0.9990531802177429,[ 5.92300034 -4.81900024 15.94099998]
1,0.9075235724449158,[-14.07699966   5.18099976  21.94099998]
2,0.44253647327423096,[25.92300034 -4.81900024 19.94099998]
