,scores,centers
0,0.9994590878486633,[17.17099953 58.35100174 24.37199974]
1,0.9992068409919739,[21.17099953 66.35100174 44.37199974]
