,scores,centers
0,0.9996440410614014,[ 66.96900177 112.61699677  35.31499958]
1,0.999007523059845,[ 74.96900177 142.61699677  25.31499958]
