,scores,centers
0,0.9992801547050476,[15.37299919 55.16399956 13.38399887]
1,0.999245285987854,[13.37299919 99.16399956 53.38399887]
