,scores,centers
0,0.9993426203727722,[-65.01799774  17.26800013  55.22000122]
1,0.9662065505981445,[-49.01799774  21.26800013  55.22000122]
2,0.9705842137336731,[-59.01799774  25.26800013  45.22000122]
3,0.867059588432312,[-83.01799774  25.26800013  49.22000122]
4,0.5771018862724304,[-67.01799774  27.26800013  71.22000122]
