,scores,centers
0,0.9994589686393738,[40.84299994 29.08500004 -9.44599915]
1,0.9992460012435913,[ 34.84299994  29.08500004 -41.44599915]
