,scores,centers
0,0.9994421601295471,[-19.37400055  47.57499981   2.45500183]
1,0.9967159032821655,[  2.62599945  63.57499981 -21.54499817]
