,scores,centers
0,0.9989742040634155,[-2.54100037 20.16499996 51.82400131]
1,0.9963739514350891,[-12.54100037  16.16499996  75.82400131]
2,0.9952750205993652,[ 3.45899963 24.16499996 69.82400131]
