,scores,centers
0,0.9993096590042114,[10.8920002  20.29100037  4.97999954]
1,0.9982845187187195,[10.8920002   6.29100037 26.97999954]
