,scores,centers
0,0.9991476535797119,[17.82799911 22.87199974  6.66800022]
1,0.9988669157028198,[5.82799911 2.87199974 8.66800022]
2,0.9978514909744263,[25.82799911 14.87199974 24.66800022]
3,0.9229267835617065,[-0.17200089 16.87199974 24.66800022]
