,scores,centers
0,0.997343122959137,[-14.5890007   11.91600037   8.13699913]
1,0.9933962821960449,[-20.5890007   -2.08399963  -5.86300087]
