,scores,centers
0,0.9996665716171265,[40.39999962 32.48999977 45.97400093]
1,0.9994533658027649,[22.39999962 10.48999977 75.97400093]
2,0.9990615248680115,[14.39999962 28.48999977 57.97400093]
