,scores,centers
0,0.9995067119598389,[ 6.94800186  7.74399948 10.96300125]
1,0.975793182849884,[-11.05199814  15.74399948  10.96300125]
2,0.4142032265663147,[ 20.94800186 -10.25600052  16.96300125]
