,scores,centers
0,0.998974084854126,[ 5.53099823 22.62899971 16.48699951]
