,scores,centers
0,0.999133288860321,[35.61600018 41.58399963 26.06900024]
1,0.9969336986541748,[45.61600018 23.58399963 14.06900024]
2,0.7919850945472717,[29.61600018 31.58399963 44.06900024]
3,0.8685367107391357,[21.61600018 29.58399963 32.06900024]
4,0.6872572302818298,[45.61600018 43.58399963  6.06900024]
