,scores,centers
0,0.9996639490127563,[22.59599972 31.24800014  5.66399956]
1,0.9892674088478088,[20.59599972 11.24800014 25.66399956]
