,scores,centers
0,0.9989534616470337,[ 14.01199913  49.32299995 -48.12999725]
1,0.9777788519859314,[ -7.98800087  41.32299995 -50.12999725]
