,scores,centers
0,0.9994221925735474,[ 89.55699921  40.98000002 -98.65899658]
