,scores,centers
0,0.9991718530654907,[32.89100075  9.09199905 59.08800125]
1,0.9993109703063965,[-1.10899925  3.09199905 11.08800125]
2,0.9768149256706238,[34.89100075 11.09199905 77.08800125]
