,scores,centers
0,0.9979327917098999,[10.85499954 28.05200005  5.87599945]
1,0.9989020824432373,[28.85499954 14.05200005  9.87599945]
2,0.9788010716438293,[24.85499954 28.05200005  7.87599945]
3,0.977146327495575,[24.85499954 20.05200005 23.87599945]
4,0.5506163239479065,[10.85499954  4.05200005  3.87599945]
