,scores,centers
0,0.9994208812713623,[48.22299957 46.77600002 10.90299988]
1,0.9976703524589539,[66.22299957 34.77600002 12.90299988]
2,0.6254438757896423,[76.22299957 50.77600002  2.90299988]
