,scores,centers
0,0.9994187355041504,[ 0.5039978  50.68700027  0.31700134]
1,0.9994269609451294,[-7.4960022  42.68700027 -7.68299866]
