,scores,centers
0,0.9989323019981384,[45.80599976 12.78100014  4.00500011]
1,0.9953551292419434,[51.80599976 24.78100014 26.00500011]
2,0.9842424392700195,[57.80599976 10.78100014 22.00500011]
3,0.9735304117202759,[25.80599976 10.78100014 22.00500011]
4,0.8790771961212158,[37.80599976 28.78100014 10.00500011]
