,scores,centers
0,0.9992160797119141,[-17.00899887  22.85599899 -22.57499695]
1,0.9714304804801941,[ -7.00899887   4.85599899 -10.57499695]
2,0.9152860641479492,[-35.00899887  10.85599899  -6.57499695]
