,scores,centers
0,0.9989030361175537,[12.72999954 18.4659996   3.75300026]
1,0.9982122182846069,[-5.27000046 32.4659996  13.75300026]
2,0.98203045129776,[-5.27000046 14.4659996   7.75300026]
