,scores,centers
0,0.9974284768104553,[27.49399996  9.28199959 83.84799957]
1,0.9964730143547058,[29.49399996  9.28199959 83.84799957]
2,0.40260952711105347,[27.49399996 11.28199959 99.84799957]
