,scores,centers
0,0.9993547797203064,[ 1.12199974 15.30200005 54.43400002]
1,0.9989271759986877,[13.12199974 27.30200005 60.43400002]
2,0.9359771609306335,[ 7.12199974 -6.69799995 48.43400002]
3,0.7486104369163513,[ 7.12199974 13.30200005 40.43400002]
