,scores,centers
0,0.9983943104743958,[  3.41699982 -13.88199997  -8.37900162]
1,0.9980862140655518,[ 21.41699982 -33.88199997   9.62099838]
