,scores,centers
0,0.9985108971595764,[ 6.26000023  7.28699875 27.92300034]
1,0.9975976347923279,[-3.73999977 29.28699875 11.92300034]
2,0.9866513013839722,[ 6.26000023 21.28699875 35.92300034]
3,0.8768267631530762,[10.26000023 31.28699875 23.92300034]
