,scores,centers
0,0.9918277263641357,[-13.36399841  -3.60599899  23.11800003]
1,0.942478597164154,[-17.36399841  -3.60599899   9.11800003]
2,0.8548122644424438,[-19.36399841 -19.60599899   5.11800003]
3,0.8021528124809265,[-25.36399841 -15.60599899  15.11800003]
4,0.729383647441864,[-29.36399841 -13.60599899  27.11800003]
