,scores,centers
0,0.9994489550590515,[ 12.97100067  41.48499966 -15.33200073]
1,0.9936147928237915,[ 4.97100067 29.48499966 -1.33200073]
2,0.8001245856285095,[ 2.97100067 45.48499966  6.66799927]
3,0.9708523750305176,[28.97100067 37.48499966 -7.33200073]
4,0.5990724563598633,[18.97100067 47.48499966 10.66799927]
