,scores,centers
0,0.9993797540664673,[-5.23699951 46.94300079  5.20499992]
1,0.9771464467048645,[ 8.76300049 56.94300079 13.20499992]
2,0.8880781531333923,[10.76300049 38.94300079 17.20499992]
3,0.886996865272522,[-1.23699951 36.94300079 -0.79500008]
