,scores,centers
0,0.8276954889297485,[12.18900013  3.29500008 32.75600052]
1,0.4061163663864136,[26.18900013  7.29500008 38.75600052]
