,scores,centers
0,0.999344527721405,[29.63700008 58.47200012 32.84600067]
