,scores,centers
0,0.998977541923523,[ 5.34399986  7.11400032 24.32200003]
1,0.9982925057411194,[21.34399986 15.11400032 12.32200003]
2,0.8494168519973755,[11.34399986 23.11400032 34.32200003]
