,scores,centers
0,0.9976596832275391,[ 7.17700005  1.85499954 27.89599991]
1,0.9861365556716919,[15.17700005 -8.14500046 19.89599991]
2,0.7794215083122253,[29.17700005  3.85499954  7.89599991]
3,0.8159925937652588,[19.17700005  1.85499954  7.89599991]
4,0.8192785382270813,[ 5.17700005 -0.14500046  9.89599991]
5,0.6666182279586792,[29.17700005 -6.14500046 11.89599991]
