,scores,centers
0,0.9989342093467712,[48.77300072 10.48600006 -7.58099937]
1,0.786444365978241,[54.77300072 14.48600006  6.41900063]
