,scores,centers
0,0.9994414448738098,[-2.86599922 26.99900007 45.34200001]
1,0.9989920258522034,[19.13400078 34.99900007 15.34200001]
2,0.9772176146507263,[ 3.13400078 14.99900007 27.34200001]
