,scores,centers
0,0.9989161491394043,[19.09799957 32.57700014 15.84799957]
1,0.995456337928772,[27.09799957 12.57700014  9.84799957]
2,0.9869630932807922,[-4.90200043 24.57700014 11.84799957]
3,0.9122732281684875,[37.09799957 28.57700014 29.84799957]
