,scores,centers
0,0.9953415393829346,[35.1989994  19.6869998  43.28199959]
1,0.9883483052253723,[53.1989994  35.6869998  47.28199959]
2,0.9945323467254639,[37.1989994  27.6869998  53.28199959]
3,0.9618833661079407,[53.1989994  19.6869998  35.28199959]
4,0.6149519681930542,[49.1989994  17.6869998  53.28199959]
