,scores,centers
0,0.9983031749725342,[55.71899986 37.45900011  9.8219986 ]
1,0.9916422367095947,[43.71899986 23.45900011  1.8219986 ]
2,0.9741299748420715,[33.71899986 31.45900011  7.8219986 ]
3,0.7289897203445435,[43.71899986 15.45900011 17.8219986 ]
4,0.8426676988601685,[21.71899986 31.45900011 19.8219986 ]
5,0.598547637462616,[45.71899986 27.45900011 25.8219986 ]
6,0.4415901005268097,[11.71899986 37.45900011 15.8219986 ]
