,scores,centers
0,0.9985358715057373,[48.79300022 15.97900009 79.15399933]
1,0.9889354109764099,[ 34.79300022   5.97900009 103.15399933]
2,0.9550415873527527,[ 18.79300022   3.97900009 103.15399933]
3,0.9029977321624756,[34.79300022 23.97900009 99.15399933]
4,0.9095494151115417,[28.79300022 19.97900009 89.15399933]
5,0.9719193577766418,[44.79300022 13.97900009 93.15399933]
