,scores,centers
0,0.9985650181770325,[56.19999981 39.68499994  9.65100098]
1,0.9886119961738586,[34.19999981 31.68499994  9.65100098]
2,0.9698598980903625,[42.19999981 25.68499994  1.65100098]
3,0.9460035562515259,[44.19999981 17.68499994 17.65100098]
4,0.6728161573410034,[54.19999981 35.68499994 23.65100098]
5,0.7520142197608948,[22.19999981 31.68499994 19.65100098]
