,scores,centers
0,0.998301088809967,[26.53999996  9.50399971 84.29199982]
1,0.8792734146118164,[32.53999996  5.50399971 98.29199982]
