,scores,centers
0,0.9986069798469543,[29.98200035 14.75799942 10.80699921]
1,0.998602569103241,[35.98200035 -7.24200058 26.80699921]
2,0.9882065653800964,[57.98200035  0.75799942 14.80699921]
3,0.985461950302124,[15.98200035  2.75799942 26.80699921]
