,scores,centers
0,0.9984240531921387,[38.58600044  5.83000183  9.9109993 ]
1,0.9991268515586853,[ 28.58600044 -14.16999817  -0.0890007 ]
2,0.9975312948226929,[66.58600044 11.83000183 25.9109993 ]
