,scores,centers
0,0.9993366599082947,[29.63000011 27.5170002  -8.30400085]
