,scores,centers
0,0.9995343685150146,[21.62400055 29.13600016 23.98099995]
