,scores,centers
0,0.9988082647323608,[11.30400085 13.07600021 13.39500046]
1,0.998214602470398,[31.30400085 29.07600021  7.39500046]
2,0.9959602952003479,[47.30400085 17.07600021 11.39500046]
3,0.9954248070716858,[29.30400085 -2.92399979 -0.60499954]
4,0.8768079280853271,[21.30400085 29.07600021 -8.60499954]
