,scores,centers
0,0.9997144341468811,[21.82499981 25.85200024 33.07000017]
1,0.9971051812171936,[37.82499981 29.85200024 25.07000017]
