,scores,centers
0,0.9977686405181885,[39.49100018 38.69400024 37.15399933]
1,0.9901796579360962,[35.49100018 40.69400024 51.15399933]
2,0.9130569696426392,[29.49100018 50.69400024 41.15399933]
3,0.7723668813705444,[53.49100018 34.69400024 49.15399933]
4,0.8466325402259827,[45.49100018 52.69400024 53.15399933]
