,scores,centers
0,0.9991247057914734,[12.15299988 37.92099953 18.32299995]
1,0.9963563680648804,[16.15299988  9.92099953 12.32299995]
2,0.9993529915809631,[30.15299988 -4.07900047  4.32299995]
