,scores,centers
0,0.999244213104248,[59.06700134 16.14299965 31.26799965]
1,0.9961414933204651,[81.06700134 26.14299965 41.26799965]
2,0.9440779089927673,[83.06700134  8.14299965 41.26799965]
3,0.5986149311065674,[73.06700134 16.14299965 51.26799965]
