,scores,centers
0,0.999241828918457,[20.67199993 95.06500244 50.22599983]
1,0.9985836744308472,[28.67199993 79.06500244 42.22599983]
