,scores,centers
0,0.9983069896697998,[16.41300011 -8.1760006  -0.18299866]
1,0.9899457097053528,[  2.41300011  -0.1760006  -12.18299866]
2,0.9870284795761108,[12.41300011 -2.1760006  25.81700134]
3,0.9818723797798157,[10.41300011  9.8239994   7.81700134]
