,scores,centers
0,0.997814416885376,[32.57699966 50.38699913 14.4289999 ]
1,0.8499804139137268,[46.57699966 46.38699913 16.4289999 ]
2,0.8502032160758972,[30.57699966 40.38699913 18.4289999 ]
3,0.8494533896446228,[26.57699966 56.38699913  4.4289999 ]
