,scores,centers
0,0.998730480670929,[-2.6760006  -3.59999847 11.8390007 ]
1,0.9989084005355835,[11.3239994  16.40000153 13.8390007 ]
