,scores,centers
0,0.9983263611793518,[ 22.27600002 -18.56600189   1.27000046]
1,0.995080828666687,[ 22.27600002 -26.56600189  21.27000046]
