,scores,centers
0,0.9969375133514404,[16.68200016 36.06900024 18.63599968]
1,0.9366903305053711,[ 8.68200016 42.06900024 10.63599968]
2,0.46747881174087524,[20.68200016 30.06900024 10.63599968]
