,scores,centers
0,0.9995930790901184,[21.99499893 75.02099991 10.99799919]
1,0.9997404217720032,[43.99499893 39.02099991  0.99799919]
