,scores,centers
0,0.9917923212051392,[18.71899986  7.73699951  9.29999924]
1,0.9959855675697327,[32.71899986 -6.26300049 19.29999924]
2,0.8901547193527222,[32.71899986  7.73699951 13.29999924]
3,0.9499691128730774,[14.71899986 -0.26300049 15.29999924]
4,0.5845682621002197,[10.71899986 -8.26300049  5.29999924]
5,0.48563912510871887,[22.71899986 -4.26300049  3.29999924]
