,scores,centers
0,0.9996247291564941,[10.71500015  4.14400101 23.86000061]
1,0.9993494153022766,[-1.28499985 26.14400101 13.86000061]
