,scores,centers
0,0.9996041655540466,[44.02299976 37.15500069 22.9659996 ]
1,0.9992610812187195,[12.02299976 21.15500069 30.9659996 ]
2,0.9905521869659424,[42.02299976 27.15500069 40.9659996 ]
3,0.9834885001182556,[32.02299976 51.15500069 34.9659996 ]
