,scores,centers
0,0.9993677735328674,[19.68300056 21.94299984 35.15400028]
1,0.9931180477142334,[15.68300056 25.94299984 23.15400028]
