,scores,centers
0,0.9976949095726013,[53.49300003  0.93600082 35.74100018]
1,0.9526810050010681,[43.49300003  0.93600082 27.74100018]
2,0.575150191783905,[55.49300003  6.93600082 17.74100018]
3,0.4175950586795807,[37.49300003 10.93600082 33.74100018]
