,scores,centers
0,0.9997512698173523,[19.01499939 55.91600037 41.50600052]
1,0.9990191459655762,[ 1.01499939 55.91600037 23.50600052]
