,scores,centers
0,0.9992259740829468,[37.73999977 32.42800045 10.52099991]
1,0.9971321821212769,[ 9.73999977 48.42800045 22.52099991]
