,scores,centers
0,0.9922125935554504,[17.17500019 35.99699974 18.6590004 ]
1,0.9899958372116089,[13.17500019 39.99699974  8.6590004 ]
2,0.9866144061088562,[31.17500019 33.99699974 24.6590004 ]
