,scores,centers
0,0.9990308284759521,[30.45499992  2.62800026 51.02400017]
