,scores,centers
0,0.9991658926010132,[16.64500046 14.18199921 39.18000031]
1,0.9988742470741272,[30.64500046  4.18199921 37.18000031]
2,0.9767804145812988,[ 40.64500046 -11.81800079  41.18000031]
