,scores,centers
0,0.9996298551559448,[10.17399979  9.8219986  25.69599915]
1,0.9987484216690063,[-25.82600021  13.8219986   31.69599915]
