,scores,centers
0,0.9980248212814331,[  1.03199768 -17.31299973  -1.26199913]
1,0.9941884279251099,[ 1.03199768 -1.31299973 16.73800087]
2,0.6982226967811584,[-16.96800232  -7.31299973   8.73800087]
3,0.7380728125572205,[  1.03199768 -25.31299973  10.73800087]
