,scores,centers
0,0.9931614398956299,[11.20500183 31.71000004  9.15399933]
1,0.9864763021469116,[31.20500183 15.71000004 17.15399933]
2,0.9520857930183411,[-0.79499817 29.71000004  9.15399933]
3,0.9716857671737671,[-12.79499817  43.71000004   5.15399933]
