,scores,centers
0,0.999494194984436,[13.62100029 17.07800007 36.82600021]
1,0.9893271923065186,[ 5.62100029  3.07800007 30.82600021]
