,scores,centers
0,0.9994602799415588,[32.60699987 29.73099995 23.15499878]
1,0.9991759657859802,[38.60699987 49.73099995 17.15499878]
2,0.9989845156669617,[22.60699987 19.73099995  9.15499878]
