,scores,centers
0,0.9983189702033997,[29.05299997 49.75       15.0340004 ]
1,0.9966469407081604,[17.05299997 59.75       19.0340004 ]
2,0.9911807179450989,[27.05299997 59.75       31.0340004 ]
3,0.8292569518089294,[31.05299997 71.75       13.0340004 ]
4,0.8243939876556396,[21.05299997 77.75       21.0340004 ]
5,0.4021487534046173,[43.05299997 61.75       17.0340004 ]
