,scores,centers
0,0.9991870522499084,[-16.53300095  67.38600159  40.00699997]
1,0.9961890578269958,[-14.53300095  53.38600159  26.00699997]
2,0.7710056900978088,[-14.53300095  53.38600159  62.00699997]
3,0.9285911321640015,[-10.53300095  47.38600159  40.00699997]
