,scores,centers
0,0.9994814991950989,[19.75099945 91.59500122 76.70999908]
1,0.981952965259552,[17.75099945 79.59500122 60.70999908]
2,0.9547467231750488,[ 5.75099945 71.59500122 66.70999908]
