,scores,centers
0,0.9965025186538696,[ 9.99200058 37.37700081 39.25      ]
1,0.6836382150650024,[19.99200058 31.37700081 23.25      ]
