,scores,centers
0,0.9993261098861694,[98.83899689 70.78100014 -5.33799744]
1,0.9985930323600769,[104.83899689  32.78100014  12.66200256]
