,scores,centers
0,0.9992876648902893,[ 7.45599937 -6.65499878 12.6590004 ]
1,0.9990953207015991,[35.45599937 17.34500122 20.6590004 ]
