,scores,centers
0,0.9987972974777222,[ 1.44599915 -4.96299744 15.16599989]
1,0.9729624390602112,[ 9.44599915 19.03700256 27.16599989]
