,scores,centers
0,0.9991623163223267,[28.68799973 96.00700378 53.99900055]
1,0.9908876419067383,[12.68799973 98.00700378 67.99900055]
2,0.8070249557495117,[14.68799973 88.00700378 41.99900055]
