,scores,centers
0,0.9982671737670898,[48.7140007  13.48400116 91.92399979]
1,0.9983094930648804,[  2.7140007  -14.51599884 101.92399979]
