,scores,centers
0,0.9986808896064758,[38.97599983 40.88800001 13.43999863]
1,0.9987926483154297,[ 4.97599983 26.88800001 33.43999863]
2,0.9976243376731873,[12.97599983 32.88800001  5.43999863]
