,scores,centers
0,0.9994699358940125,[ 14.93199921 131.3789978   -3.85499954]
1,0.9990108013153076,[ 30.93199921 123.3789978   12.14500046]
