,scores,centers
0,0.9977160692214966,[53.56299973  0.77400017 35.68499994]
1,0.9768050312995911,[43.56299973  0.77400017 27.68499994]
2,0.4219384789466858,[55.56299973  8.77400017 19.68499994]
3,0.6361539959907532,[35.56299973  2.77400017 27.68499994]
