,scores,centers
0,0.9997082352638245,[133.61399841 114.46499634  41.12899971]
1,0.9948446750640869,[139.61399841 130.46499634  17.12899971]
2,0.9922735095024109,[123.61399841 138.46499634  53.12899971]
