,scores,centers
0,0.9984725117683411,[-6.15000153  4.15999985 13.51399994]
1,0.9976523518562317,[ 1.84999847 -3.84000015  7.51399994]
2,0.9000648260116577,[-4.15000153 -7.84000015 27.51399994]
3,0.9461889863014221,[-12.15000153   6.15999985  29.51399994]
