,scores,centers
0,0.9987455606460571,[ 29.86599922  29.39699936 -12.39500046]
1,0.9985212683677673,[29.86599922 11.39699936 13.60499954]
2,0.9945005178451538,[39.86599922 11.39699936 -0.39500046]
