,scores,centers
0,0.9126895070075989,[-35.63800049   4.05599976  93.1210022 ]
1,0.9839437007904053,[-27.63800049  20.05599976 107.1210022 ]
2,0.93511563539505,[-35.63800049   6.05599976  95.1210022 ]
3,0.9013780355453491,[-27.63800049  18.05599976 107.1210022 ]
