,scores,centers
0,0.9982333183288574,[34.46800041  9.60499954 59.71500015]
1,0.9967756867408752,[36.46800041 21.60499954 65.71500015]
2,0.9922868013381958,[38.46800041 35.60499954 69.71500015]
