,scores,centers
0,0.999459445476532,[17.92000008 58.15200043 26.78899956]
1,0.9993070363998413,[19.92000008 66.15200043 46.78899956]
