,scores,centers
0,0.9989572763442993,[43.54100037 34.44799995  4.09700012]
1,0.8791160583496094,[ 33.54100037  28.44799995 -11.90299988]
2,0.7273744940757751,[37.54100037 10.44799995 -1.90299988]
