,scores,centers
0,0.9985650181770325,[ 8.81299973 99.89300156 17.60300064]
1,0.9990528225898743,[14.81299973 85.89300156 -2.39699936]
