,scores,centers
0,0.9992952346801758,[33.66600037 34.27099991  8.81699944]
1,0.9945480227470398,[ 9.66600037 48.27099991 22.81699944]
2,0.9872705936431885,[51.66600037 40.27099991 -5.18300056]
