,scores,centers
0,0.9998512268066406,[ 1.79299927 66.63700104 67.26499939]
1,0.9898139834403992,[ 5.79299927 82.63700104 63.26499939]
2,0.9897013902664185,[-12.20700073  64.63700104  41.26499939]
