,scores,centers
0,0.9991687536239624,[25.84500027  6.02000046 10.38299942]
