,scores,centers
0,0.9986771941184998,[34.65999985 14.11199951 82.29100037]
1,0.9977533221244812,[52.65999985 20.11199951 86.29100037]
