,scores,centers
0,0.9971094727516174,[53.5890007   0.79899979 35.77699995]
1,0.9793353080749512,[43.5890007   0.79899979 27.77699995]
2,0.6723617315292358,[35.5890007   2.79899979 27.77699995]
