,scores,centers
0,0.9988507032394409,[20.50600004 45.38100052 21.59000015]
1,0.9987659454345703,[20.50600004 47.38100052 21.59000015]
2,0.8342158794403076,[30.50600004 39.38100052 39.59000015]
