,scores,centers
0,0.9880551695823669,[56.84500122 87.82899857 74.47100067]
1,0.9319903254508972,[66.84500122 73.82899857 70.47100067]
2,0.7873285412788391,[56.84500122 79.82899857 84.47100067]
3,0.7945264577865601,[48.84500122 75.82899857 76.47100067]
4,0.6829275488853455,[66.84500122 85.82899857 64.47100067]
