,scores,centers
0,0.9982959628105164,[ 2.05200005 21.58499908 26.85099983]
1,0.9930254220962524,[18.05200005 -0.41500092  6.85099983]
2,0.6944883465766907,[ 0.05200005 11.58499908 38.85099983]
