,scores,centers
0,0.9973347187042236,[ 8.89199829  0.50699997 59.61199951]
1,0.6469666957855225,[-13.10800171  14.50699997  65.61199951]
2,0.41391268372535706,[-7.10800171 20.50699997 81.61199951]
