,scores,centers
0,0.9989759922027588,[-36.00700378 -18.22700119  -0.37599945]
1,0.9944632649421692,[-48.00700378  -4.22700119  17.62400055]
2,0.9966787099838257,[-34.00700378   1.77299881   5.62400055]
