,scores,centers
0,0.9995177984237671,[-10.04499817 -19.0530014  -47.13200378]
1,0.9980265498161316,[-12.04499817  10.9469986  -33.13200378]
2,0.9604516625404358,[-24.04499817  26.9469986  -39.13200378]
