,scores,centers
0,0.9990648627281189,[ 4.09700012  0.84799957 14.87899971]
1,0.9128027558326721,[24.09700012  2.84799957 24.87899971]
