,scores,centers
0,0.9989222288131714,[-2.97800064  2.20100021 15.19400024]
