,scores,centers
0,0.9991408586502075,[  9.43999863 -23.61299896  14.78800011]
1,0.9957919120788574,[31.43999863 10.38700104 18.78800011]
