,scores,centers
0,0.998653769493103,[10.00799942 32.65999985 20.65800095]
1,0.9907625317573547,[ 2.00799942 22.65999985 22.65800095]
2,0.4723196029663086,[10.00799942 16.65999985 18.65800095]
