,scores,centers
0,0.9945669174194336,[ 6.70299911 -7.63500023  4.13700008]
1,0.9710279107093811,[-11.29700089  -5.63500023   8.13700008]
2,0.8638586401939392,[ 0.70299911 10.36499977 10.13700008]
3,0.560683012008667,[ 0.70299911  0.36499977 14.13700008]
4,0.6795422434806824,[12.70299911 -7.63500023 20.13700008]
