,scores,centers
0,0.9996349811553955,[29.2329998  19.80299997 48.36000061]
1,0.9889716506004333,[23.2329998  35.80299997 50.36000061]
