,scores,centers
0,0.9990732669830322,[ 48.6439991  -44.86399841  14.97299957]
1,0.9990550875663757,[58.6439991  -0.86399841 38.97299957]
