,scores,centers
0,0.9988597631454468,[70.83599997 55.58199978 50.6420002 ]
1,0.9988725781440735,[24.83599997 43.58199978 22.6420002 ]
2,0.9977899789810181,[24.83599997 89.58199978 32.6420002 ]
