,scores,centers
0,0.9980841875076294,[49.73699951 32.65999985  5.21999931]
