,scores,centers
0,0.9972687363624573,[24.98600006 20.5539999  11.09299994]
1,0.88065105676651,[22.98600006 14.5539999  35.09299994]
2,0.727915346622467,[36.98600006 10.5539999  23.09299994]
