,scores,centers
0,0.9995343685150146,[  6.08200073  36.69799995 -14.85299683]
1,0.9993889331817627,[ 34.08200073  28.69799995 -42.85299683]
