,scores,centers
0,0.9963681697845459,[110.30899811  34.75600052  19.63399887]
1,0.9985135197639465,[116.30899811  10.75600052  21.63399887]
2,0.9944279193878174,[104.30899811  36.75600052  -0.36600113]
