,scores,centers
0,0.9992631077766418,[22.20199966 64.80599976 21.82900047]
1,0.9988762736320496,[54.20199966 46.80599976 35.82900047]
