,scores,centers
0,0.999553382396698,[37.02199984 30.80999994 57.70999908]
1,0.9979057312011719,[35.02199984 60.80999994 69.70999908]
2,0.9862332344055176,[23.02199984 76.80999994 63.70999908]
