,scores,centers
0,0.9995039701461792,[12.97299957 49.4380002  13.64500046]
1,0.9995115995407104,[ 0.97299957 25.4380002   3.64500046]
