,scores,centers
0,0.9941548705101013,[14.33400011 59.50999832 20.12699986]
1,0.9696365594863892,[28.33400011 63.50999832 14.12699986]
2,0.9832927584648132,[38.33400011 53.50999832 26.12699986]
3,0.6101145148277283,[14.33400011 55.50999832 10.12699986]
4,0.4435071647167206,[28.33400011 55.50999832 38.12699986]
