,scores,centers
0,0.9991804957389832,[54.11199951 24.88899994 38.12599993]
1,0.9624082446098328,[58.11199951  8.88899994 38.12599993]
2,0.9394205212593079,[58.11199951 38.88899994 24.12599993]
