,scores,centers
0,0.9986196756362915,[20.84700012 20.24300003 45.29400063]
1,0.9986304044723511,[28.84700012 24.24300003 41.29400063]
