,scores,centers
0,0.9991058707237244,[50.69199944 -1.63699913 20.87599945]
1,0.9872893691062927,[ 48.69199944 -13.63699913   8.87599945]
2,0.9806093573570251,[38.69199944  4.36300087 14.87599945]
3,0.6779974102973938,[54.69199944  4.36300087 -3.12400055]
