,scores,centers
0,0.9993919134140015,[-16.49300003 -30.07099915 -13.36000061]
1,0.9943882822990417,[-22.49300003 -42.07099915  -1.36000061]
