,scores,centers
0,0.9990156888961792,[-15.93299866  57.33499908  25.42399979]
1,0.9851109385490417,[ 2.06700134 51.33499908 13.42399979]
2,0.7183900475502014,[-19.93299866  57.33499908   3.42399979]
3,0.49878790974617004,[-5.93299866 45.33499908 -0.57600021]
