,scores,centers
0,0.9992063641548157,[ -6.85000038 -13.50899887  47.88800049]
1,0.9996758699417114,[ 21.14999962 -35.50899887  53.88800049]
