,scores,centers
0,0.9985404014587402,[57.1629982  51.34399986 22.96000004]
1,0.998120129108429,[ 57.1629982   43.34399986 120.96000004]
2,0.9822982549667358,[69.1629982  59.34399986 40.96000004]
3,0.9815508127212524,[ 51.1629982   41.34399986 100.96000004]
