,scores,centers
0,0.9993829727172852,[ 9.11100006 38.14300013 22.27299881]
1,0.9972468614578247,[31.11100006 20.14300013  2.27299881]
2,0.9794411659240723,[21.11100006 20.14300013 -7.72700119]
3,0.8953988552093506,[-2.88899994 26.14300013 10.27299881]
