,scores,centers
0,0.9992107152938843,[26.97900009  6.84300041  8.67099953]
1,0.9974253177642822,[24.97900009 10.84300041 -3.32900047]
