,scores,centers
0,0.9997040629386902,[ 94.75400162  29.83600044 100.99100113]
