,scores,centers
0,0.9992196559906006,[-13.80400085  23.82000017  80.99499893]
1,0.9593816995620728,[-19.80400085  45.82000017  88.99499893]
