,scores,centers
0,0.9987310767173767,[-3.95500183  2.33600044 15.11999893]
1,0.997031569480896,[ 4.04499817 -5.66399956  5.11999893]
2,0.9789759516716003,[-7.95500183 -7.66399956 33.11999893]
