,scores,centers
0,0.9994398951530457,[33.99800014 69.61599922 56.31900024]
