,scores,centers
0,0.9992333650588989,[133.6309967   32.75600004  26.8739996 ]
1,0.9956516623497009,[135.6309967   58.75600004  26.8739996 ]
