,scores,centers
0,0.9993264675140381,[-17.32600021  48.79100037  10.43199921]
1,0.972480297088623,[-7.32600021 34.79100037 34.43199921]
