,scores,centers
0,0.9980857372283936,[ 2.22999954  5.01200104 -9.82600021]
1,0.9986292123794556,[ -3.77000046 -26.98799896   2.17399979]
2,0.9563620090484619,[ -1.77000046 -24.98799896 -17.82600021]
