,scores,centers
0,0.9991256594657898,[28.71899986 95.91200256 51.90800095]
1,0.9922794103622437,[12.71899986 97.91200256 67.90800095]
2,0.9716459512710571,[ 8.71899986 97.91200256 53.90800095]
