,scores,centers
0,0.9994961023330688,[-0.62799835 14.62100029 24.55500031]
