,scores,centers
0,0.9988730549812317,[52.38899994  0.33399963 21.97599983]
1,0.9985896944999695,[80.38899994  6.33399963 33.97599983]
2,0.9986543655395508,[26.38899994  6.33399963 17.97599983]
