,scores,centers
0,0.9993754029273987,[ 33.8920002  120.65100098  27.18499994]
