,scores,centers
0,0.9994787573814392,[-31.7879982   -6.53300095  16.10400009]
1,0.9949584603309631,[-23.7879982   11.46699905  28.10400009]
2,0.9923911690711975,[-21.7879982   11.46699905  28.10400009]
