,scores,centers
0,0.999716579914093,[29.59200001 37.64900017 23.0340004 ]
