,scores,centers
0,0.9993665814399719,[17.22000122 15.84399986 21.71299934]
1,0.9924821257591248,[-2.77999878 25.84399986  7.71299934]
2,0.9981799125671387,[-12.77999878  27.84399986  33.71299934]
