,scores,centers
0,0.995311975479126,[33.65400028 18.24200058 23.39699936]
1,0.9926108717918396,[45.65400028 24.24200058 15.39699936]
2,0.9939250349998474,[57.65400028 16.24200058 17.39699936]
