,scores,centers
0,0.9998677968978882,[ 27.42099953 -11.82899857  16.32400131]
