,scores,centers
0,0.9990897178649902,[28.96500015  3.71899986 50.84899998]
