,scores,centers
0,0.9997785687446594,[ 17.41399956 106.13500214  57.51499939]
1,0.9788106679916382,[33.41399956 98.13500214 73.51499939]
2,0.9979155659675598,[ 17.41399956 116.13500214  67.51499939]
3,0.9957947731018066,[ 23.41399956 116.13500214  67.51499939]
