,scores,centers
0,0.9976104497909546,[19.89299965 23.40600014 23.18599987]
1,0.9890704154968262,[17.89299965 31.40600014 13.18599987]
2,0.8286582827568054,[17.89299965 27.40600014 31.18599987]
3,0.7954915761947632,[ 3.89299965 29.40600014 33.18599987]
