,scores,centers
0,0.9978475570678711,[36.14499998 25.36999989 34.28800011]
1,0.9967323541641235,[48.14499998 19.36999989 20.28800011]
2,0.9982415437698364,[20.14499998 15.36999989 26.28800011]
3,0.98028564453125,[44.14499998 45.36999989 18.28800011]
