,scores,centers
0,0.9997052550315857,[40.46899986 13.16600037 82.1570015 ]
1,0.9977076053619385,[34.46899986 13.16600037 86.1570015 ]
2,0.8170393705368042,[ 30.46899986   7.16600037 110.1570015 ]
