,scores,centers
0,0.9986716508865356,[-12.49200058  52.9109993   50.09600067]
1,0.9989290833473206,[ 1.50799942 48.9109993  44.09600067]
2,0.8684543371200562,[-20.49200058  40.9109993   48.09600067]
