,scores,centers
0,0.9987884163856506,[33.1989994  34.21500015 14.72700024]
1,0.9532211422920227,[47.1989994  28.21500015 28.72700024]
2,0.9952935576438904,[39.1989994  14.21500015 10.72700024]
3,0.5946096777915955,[13.1989994  42.21500015 12.72700024]
