,scores,centers
0,0.9993755221366882,[20.43599987 95.06800079 50.31200027]
1,0.9933168888092041,[28.43599987 99.06800079 68.31200027]
