,scores,centers
0,0.9998459815979004,[33.95999908 33.40600014 13.60700035]
1,0.9998007416725159,[11.95999908 13.40600014  7.60700035]
2,0.9997720122337341,[27.95999908 11.40600014 33.60700035]
