,scores,centers
0,0.9996131062507629,[ 6.67399979 -2.40999985 43.25299835]
1,0.999349057674408,[ 8.67399979 -4.40999985  7.25299835]
