,scores,centers
0,0.9996163845062256,[18.13000107 28.73999977 66.35800171]
1,0.9853644967079163,[12.13000107 36.73999977 82.35800171]
