,scores,centers
0,0.9992027878761292,[-15.18399811  10.1060009   16.59500122]
1,0.9986227750778198,[-11.18399811  -5.8939991    0.59500122]
2,0.9672334790229797,[10.81600189 -1.8939991   0.59500122]
