,scores,centers
0,0.9988388419151306,[-4.53700256  4.69099998 15.47399902]
1,0.9983782768249512,[ 3.46299744 -3.30900002  7.47399902]
2,0.9772154688835144,[ 3.46299744 -3.30900002 25.47399902]
