,scores,centers
0,0.9978559613227844,[53.78899956 26.7859993  15.92399979]
1,0.9992387294769287,[31.78899956 32.7859993  11.92399979]
2,0.9989998936653137,[65.78899956 32.7859993   1.92399979]
3,0.9993826150894165,[51.78899956  0.7859993   9.92399979]
