,scores,centers
0,0.9986282587051392,[-5.97800064 21.96700001 38.75      ]
1,0.9841704368591309,[20.02199936 15.96700001 18.75      ]
2,0.9883161187171936,[ 8.02199936 13.96700001 32.75      ]
