,scores,centers
0,0.9992621541023254,[-40.99199677  -6.18000031 -34.48799896]
1,0.9971702694892883,[-24.99199677  15.81999969   5.51200104]
