,scores,centers
0,0.9991231560707092,[-9.89699936 14.83600044 40.10200024]
1,0.997840166091919,[12.10300064  4.83600044 54.10200024]
