,scores,centers
0,0.9988710284233093,[19.31699991  1.54800034 11.27700043]
1,0.7937300801277161,[ 23.31699991 -12.45199966  25.27700043]
2,0.5736502408981323,[23.31699991 13.54800034 -4.72299957]
3,0.9050562381744385,[23.31699991  1.54800034 19.27700043]
