,scores,centers
0,0.9998266100883484,[-0.10300064  0.5170002  -2.1779995 ]
