,scores,centers
0,0.9993385672569275,[17.45400047  8.56299973 34.55599976]
