,scores,centers
0,0.9992152452468872,[-15.3370018    9.24200058  16.63100052]
1,0.9981213212013245,[-9.3370018  -8.75799942  0.63100052]
