,scores,centers
0,0.998836100101471,[82.29399872 28.44799995 85.4980011 ]
1,0.9634912610054016,[64.29399872 22.44799995 89.4980011 ]
2,0.9426082968711853,[86.29399872 24.44799995 71.4980011 ]
3,0.5697791576385498,[96.29399872 16.44799995 85.4980011 ]
