,scores,centers
0,0.9993563294410706,[  6.09899902 -15.01900101 -11.45199966]
1,0.9992483258247375,[-7.90100098 14.98099899 -5.45199966]
