,scores,centers
0,0.9993383288383484,[22.         15.71300125 83.7120018 ]
1,0.9987332224845886,[20.         21.71300125 59.7120018 ]
2,0.9933258295059204,[ 2.         15.71300125 63.7120018 ]
