,scores,centers
0,0.9987308382987976,[  5.59600067 -11.04700089 -62.03700256]
1,0.998938262462616,[ -8.40399933  12.95299911 -30.03700256]
2,0.998666524887085,[  5.59600067  12.95299911 -50.03700256]
