,scores,centers
0,0.9983616471290588,[-1.57299995 58.9129982  24.53899956]
1,0.8165847063064575,[12.42700005 60.9129982  36.53899956]
2,0.5853945016860962,[14.42700005 46.9129982  42.53899956]
