,scores,centers
0,0.9993686079978943,[18.79999924 -1.08800125  3.5340004 ]
1,0.9969797730445862,[16.79999924 -9.08800125 15.5340004 ]
2,0.882045567035675,[ 8.79999924 18.91199875 13.5340004 ]
3,0.6541633009910583,[ 18.79999924 -23.08800125  -4.4659996 ]
