,scores,centers
0,0.9991483688354492,[-0.40000153 51.00099945 44.77799988]
1,0.9750431180000305,[-26.40000153  53.00099945  34.77799988]
