,scores,centers
0,0.998404324054718,[19.78800011 42.60400009 22.13199997]
1,0.9694287776947021,[ 5.78800011 40.60400009 38.13199997]
2,0.9781973958015442,[11.78800011 30.60400009 44.13199997]
3,0.9520497918128967,[ 3.78800011 32.60400009 20.13199997]
