,scores,centers
0,0.9997280240058899,[23.07499981 32.10599995  6.50300026]
1,0.9927789568901062,[21.07499981 10.10599995 26.50300026]
