,scores,centers
0,0.9954881072044373,[-24.22100067  19.99499989  32.66499996]
1,0.9845231771469116,[-18.22100067  39.99499989  48.66499996]
2,0.9118150472640991,[-26.22100067  49.99499989  34.66499996]
