,scores,centers
0,0.9993190765380859,[26.796      19.0739994  30.72399998]
1,0.9984789490699768,[42.796      25.0739994  22.72399998]
2,0.9094915390014648,[12.796      33.0739994  12.72399998]
3,0.9116638898849487,[34.796      13.0739994  18.72399998]
4,0.6626299023628235,[32.796      33.0739994   6.72399998]
