,scores,centers
0,0.9983651041984558,[49.6590004   0.87400055 35.77799988]
1,0.9917643666267395,[47.6590004   0.87400055 33.77799988]
2,0.40075162053108215,[55.6590004   8.87400055 19.77799988]
