,scores,centers
0,0.9989399313926697,[ 6.21500015  1.17300034 15.62300014]
1,0.9502594470977783,[-5.78499985  3.17300034 27.62300014]
2,0.6469470858573914,[16.21500015  7.17300034 25.62300014]
