,scores,centers
0,0.9991828799247742,[28.41699982  3.31299973 48.9279995 ]
