,scores,centers
0,0.9992596507072449,[40.04800034 72.10900116 48.21099854]
