,scores,centers
0,0.9993630051612854,[14.97100067 -1.71299744 60.64500046]
