,scores,centers
0,0.9996418952941895,[ 34.52400017 -10.46299744  20.51399994]
1,0.9980558156967163,[22.52400017  1.53700256  8.51399994]
2,0.9917498230934143,[ 20.52400017  -6.46299744 -11.48600006]
