,scores,centers
0,0.9997060894966125,[-8.2539978   1.38399887 20.72500038]
1,0.9997103810310364,[21.7460022   1.38399887 16.72500038]
