,scores,centers
0,0.9995855689048767,[21.57700014 37.5010004  29.57899857]
1,0.9973119497299194,[11.57700014 37.5010004   7.57899857]
2,0.9992383718490601,[ 19.57700014  41.5010004  -14.42100143]
