,scores,centers
0,0.9994215965270996,[17.77400017 67.39900017 25.35400009]
1,0.9987047910690308,[31.77400017 33.39900017  5.35400009]
