,scores,centers
0,0.9904013276100159,[29.23499966 48.21600008  4.5909996 ]
1,0.9977498650550842,[47.23499966 28.21600008 10.5909996 ]
2,0.9552690386772156,[29.23499966 72.21600008  0.5909996 ]
3,0.9753164649009705,[13.23499966 62.21600008  0.5909996 ]
4,0.7914455533027649,[15.23499966 42.21600008 22.5909996 ]
