,scores,centers
0,0.9982165694236755,[ 7.57999992 20.61200047 -6.39899826]
1,0.9937232136726379,[ 25.57999992  22.61200047 -24.39899826]
2,0.9815089106559753,[ 25.57999992  34.61200047 -20.39899826]
