,scores,centers
0,0.999180257320404,[ 0.22999954  2.05199814 16.92200089]
1,0.9978366494178772,[-25.77000046   6.05199814  20.92200089]
2,0.9945129156112671,[-17.77000046 -19.94800186  28.92200089]
3,0.9948998093605042,[26.22999954  2.05199814 20.92200089]
4,0.9905081987380981,[-15.77000046 -15.94800186   4.92200089]
