,scores,centers
0,0.9870725870132446,[3.18600082 6.02400017 8.45499992]
1,0.933053195476532,[11.18600082 -5.97599983 18.45499992]
2,0.947288990020752,[11.18600082  2.02400017  6.45499992]
3,0.5094946026802063,[9.18600082 0.02400017 6.45499992]
4,0.6487746238708496,[17.18600082  2.02400017 -7.54500008]
5,0.44284752011299133,[11.18600082 12.02400017 -1.54500008]
