,scores,centers
0,0.9994514584541321,[ 5.5530014  32.1170001  13.76200104]
1,0.9970794916152954,[ 1.5530014  14.1170001  17.76200104]
