,scores,centers
0,0.9994799494743347,[-8.95500183 30.31500053 53.7329998 ]
1,0.9944868683815002,[-12.95500183  16.31500053  57.7329998 ]
