,scores,centers
0,0.9997139573097229,[27.54000092 -1.58100128 -8.08599854]
1,0.9997408986091614,[29.54000092  0.41899872 -8.08599854]
