,scores,centers
0,0.999622106552124,[5.92300034 9.11299896 2.16300011]
1,0.999681830406189,[19.92300034 31.11299896 22.16300011]
