,scores,centers
0,0.9995362758636475,[13.08399963 79.52799988 24.75400019]
1,0.6515324115753174,[-6.91600037 71.52799988 18.75400019]
