,scores,centers
0,0.9994833469390869,[17.88599968 59.06800079 24.77400017]
1,0.9992104768753052,[19.88599968 67.06800079 44.77400017]
2,0.9972454309463501,[17.88599968 59.06800079 32.77400017]
