,scores,centers
0,0.9973976612091064,[14.67499924 34.32399988 18.68899918]
1,0.9046014547348022,[ 2.67499924 24.32399988 22.68899918]
2,0.849051296710968,[10.67499924 16.32399988 18.68899918]
3,0.5855379104614258,[-3.32500076 30.32399988 16.68899918]
