,scores,centers
0,0.9996106028556824,[37.01200008 30.80900002 57.72800064]
1,0.9977548718452454,[35.01200008 60.80900002 69.72800064]
2,0.9911863207817078,[23.01200008 78.80900002 63.72800064]
