,scores,centers
0,0.9997033476829529,[37.82499981 25.50199986 17.875     ]
1,0.9755187034606934,[55.82499981 37.50199986  1.875     ]
