,scores,centers
0,0.9997170567512512,[ 2.40999985  0.6420002  26.08499908]
