,scores,centers
0,0.9993446469306946,[-5.97599792  5.25300026  8.71100044]
1,0.9954293966293335,[ 4.02400208  1.25300026 20.71100044]
