,scores,centers
0,0.9996792078018188,[ 8.80099869 39.63099957  6.26200104]
1,0.8205634951591492,[  4.80099869  45.63099957 -11.73799896]
