,scores,centers
0,0.998778760433197,[20.87899971 11.18199921 21.39999962]
