,scores,centers
0,0.998754620552063,[33.44400024 12.01300049 -4.86499977]
1,0.9988929629325867,[17.44400024  4.01300049 11.13500023]
2,0.9905470013618469,[15.44400024  6.01300049 -2.86499977]
3,0.9779644012451172,[35.44400024  2.01300049  7.13500023]
4,0.9627406001091003,[25.44400024 18.01300049  9.13500023]
