,scores,centers
0,0.9964113831520081,[  3.65500069  -8.65200043 -10.54899979]
1,0.9885342717170715,[ -8.34499931 -12.65200043 -10.54899979]
2,0.971149206161499,[ 15.65500069 -20.65200043  -8.54899979]
3,0.9365617036819458,[ 13.65500069  -6.65200043 -26.54899979]
4,0.6170629858970642,[  5.65500069 -12.65200043 -32.54899979]
5,0.5191869139671326,[ -4.34499931  -8.65200043 -28.54899979]
