,scores,centers
0,0.999277651309967,[52.48400021 12.34200001 32.36899996]
1,0.9823097586631775,[24.48400021 22.34200001 34.36899996]
