,scores,centers
0,0.9935663342475891,[49.85400009 21.94799995 39.66300011]
1,0.9893606901168823,[41.85400009 19.94799995 45.66300011]
2,0.9651305675506592,[29.85400009  7.94799995 35.66300011]
3,0.882828950881958,[43.85400009  7.94799995 57.66300011]
4,0.6772427558898926,[41.85400009  3.94799995 41.66300011]
