,scores,centers
0,0.9990047812461853,[24.62899971 24.29700089 27.06499958]
