,scores,centers
0,0.9990494847297668,[ 9.04400063 27.96100044  6.38199997]
1,0.9985816478729248,[69.04400063 89.96100044 16.38199997]
