,scores,centers
0,0.9992314577102661,[ 39.71100044   7.58000183 -11.74700165]
1,0.9847181439399719,[ 33.71100044 -24.41999817  -9.74700165]
