,scores,centers
0,0.9991631507873535,[ 3.81399918 20.62699986 49.875     ]
1,0.9976381063461304,[ 3.81399918 46.62699986 49.875     ]
2,0.9935211539268494,[17.81399918 38.62699986 59.875     ]
