,scores,centers
0,0.9989180564880371,[ 33.70299911 -10.07300186  20.40499878]
1,0.9990494847297668,[ 3.70299911 15.92699814 -9.59500122]
