,scores,centers
0,0.8847749829292297,[18.96299934 12.84599972 19.87800026]
1,0.9104412198066711,[10.96299934 26.84599972 19.87800026]
2,0.8583958148956299,[12.96299934 26.84599972 15.87800026]
3,0.9430519938468933,[12.96299934 10.84599972 17.87800026]
