,scores,centers
0,0.9992523789405823,[-17.65200043  19.24100018  -9.69499969]
1,0.9676864743232727,[-23.65200043   9.24100018  12.30500031]
2,0.9010157585144043,[-9.65200043 23.24100018 14.30500031]
3,0.8508470058441162,[-13.65200043   3.24100018  12.30500031]
