,scores,centers
0,0.999500036239624,[17.23500061 15.8920002  21.58500004]
1,0.9982055425643921,[-12.76499939  27.8920002   33.58500004]
