,scores,centers
0,0.9987651109695435,[29.52899933 -3.34600067  5.95999908]
