,scores,centers
0,0.9984540939331055,[-15.28700256  20.38500023  41.97100067]
1,0.9891237020492554,[ 0.71299744 34.38500023 47.97100067]
