,scores,centers
0,0.9984849095344543,[55.75699997 37.43400002  9.82999992]
1,0.9892544746398926,[43.75699997 23.43400002  1.82999992]
2,0.9790341258049011,[33.75699997 31.43400002  7.82999992]
3,0.8972105979919434,[21.75699997 31.43400002 19.82999992]
4,0.614299476146698,[43.75699997 15.43400002 17.82999992]
5,0.6307432055473328,[47.75699997 39.43400002 21.82999992]
