,scores,centers
0,0.9994227886199951,[-0.29700089 -8.4280014   8.56999969]
1,0.9986345171928406,[-2.29700089 -4.4280014  10.56999969]
2,0.5341669917106628,[ 5.70299911  9.5719986  28.56999969]
3,0.511826753616333,[ 3.70299911 21.5719986  24.56999969]
