,scores,centers
0,0.9990837574005127,[ 7.28100014 26.8409996  -8.13199997]
