,scores,centers
0,0.9992038607597351,[-23.26799774  75.36100006   8.6269989 ]
1,0.995914876461029,[-33.26799774  83.36100006  16.6269989 ]
2,0.5705877542495728,[-57.26799774  75.36100006  38.6269989 ]
