,scores,centers
0,0.9993470311164856,[22.32499981 11.64500046 33.3409996 ]
1,0.9884634613990784,[28.32499981 23.64500046 33.3409996 ]
2,0.7415217757225037,[22.32499981 23.64500046 45.3409996 ]
