,scores,centers
0,0.9998086094856262,[ 1.76499939 67.12599945 66.82500076]
1,0.9928162097930908,[-10.23500061  67.12599945  40.82500076]
2,0.9933838248252869,[21.76499939 81.12599945 46.82500076]
