,scores,centers
0,0.9997473359107971,[29.68200016 19.72200012 46.68700027]
1,0.9921323657035828,[23.68200016 33.72200012 50.68700027]
