,scores,centers
0,0.9962425231933594,[-3.51200104 45.24499989 57.49200058]
1,0.9972338080406189,[ 8.48799896 27.24499989 41.49200058]
2,0.9950810670852661,[18.48799896 35.24499989 45.49200058]
