,scores,centers
0,0.9982808828353882,[ 4.52700043 52.42300034 38.61000013]
1,0.9895674586296082,[ 8.52700043 48.42300034 20.61000013]
2,0.9917072653770447,[18.52700043 68.42300034 50.61000013]
