,scores,centers
0,0.9986922144889832,[18.70400047  5.7159996  33.7750001 ]
1,0.9874498844146729,[ 18.70400047 -14.2840004   45.7750001 ]
2,0.9805232882499695,[  6.70400047 -12.2840004   33.7750001 ]
3,0.8759599924087524,[30.70400047 -4.2840004  19.7750001 ]
