,scores,centers
0,0.9997312426567078,[68.65099907 38.80900002 88.52799988]
1,0.9987586736679077,[56.65099907 32.80900002 94.52799988]
