,scores,centers
0,0.9982749223709106,[3.65200043 0.98100281 5.4469986 ]
1,0.9927330017089844,[ 11.65200043 -13.01899719   9.4469986 ]
2,0.9114233255386353,[31.65200043 -3.01899719 13.4469986 ]
