,scores,centers
0,0.9988306164741516,[ 5.17700005 12.12100029 37.39000034]
1,0.8833484649658203,[15.17700005  6.12100029 57.39000034]
2,0.9306269288063049,[ 9.17700005 26.12100029 45.39000034]
3,0.8563793897628784,[-4.82299995 22.12100029 49.39000034]
4,0.9358901381492615,[ 1.17700005 18.12100029 33.39000034]
5,0.7808119654655457,[19.17700005 14.12100029 57.39000034]
6,0.4382311701774597,[-6.82299995 22.12100029 23.39000034]
