,scores,centers
0,0.9993799924850464,[25.56999969 37.41800022 14.71299934]
