,scores,centers
0,0.9988734126091003,[ 6.02199936 -3.12599945 16.27999973]
1,0.9581377506256104,[26.02199936 -3.12599945 20.27999973]
