,scores,centers
0,0.9810459613800049,[18.02299976 32.1789999  16.59300041]
1,0.9377821683883667,[28.02299976 18.1789999   4.59300041]
