,scores,centers
0,0.9998062252998352,[20.36800003 31.45200014 30.66799927]
