,scores,centers
0,0.9976044297218323,[ 9.89699936  4.29100037 26.73200035]
1,0.9869412779808044,[31.89699936  2.29100037  6.73200035]
