,scores,centers
0,0.9992606043815613,[ 8.06299973 61.95299911 49.53499985]
1,0.9326655864715576,[-7.93700027 61.95299911 43.53499985]
2,0.9967813491821289,[ 0.06299973 43.95299911 55.53499985]
