,scores,centers
0,0.9994811415672302,[ 3.84500122 20.01599884 16.6420002 ]
1,0.9991363883018494,[-0.15499878  2.01599884 38.6420002 ]
2,0.9835521578788757,[-2.15499878 -5.98400116 16.6420002 ]
