,scores,centers
0,0.9993941783905029,[26.17000008  3.52199936 51.03600025]
