,scores,centers
0,0.9960610270500183,[33.66699982 12.70599937 13.75      ]
1,0.9651628732681274,[27.66699982 16.70599937  9.75      ]
