,scores,centers
0,0.9981371164321899,[ 3.88500023 43.47300005 16.12599945]
1,0.9901329278945923,[-2.11499977 39.47300005 18.12599945]
2,0.8607929348945618,[ 7.88500023 29.47300005 20.12599945]
3,0.5303954482078552,[ 7.88500023 31.47300005 -1.87400055]
4,0.4153880178928375,[15.88500023 31.47300005 12.12599945]
