,scores,centers
0,0.9956547021865845,[-2.88500023 12.79399872 36.91100025]
1,0.9331759810447693,[15.11499977 20.79399872 26.91100025]
2,0.5768753886222839,[15.11499977  4.79399872 48.91100025]
3,0.518933117389679,[23.11499977  4.79399872 40.91100025]
4,0.633407711982727,[ 3.11499977  0.79399872 36.91100025]
