,scores,centers
0,0.9993013143539429,[ 17.91699982 -12.84999847  21.78000069]
1,0.997334361076355,[17.91699982 13.15000153 19.78000069]
