,scores,centers
0,0.9992664456367493,[-34.56999969 -28.13000107  42.32299995]
1,0.99310702085495,[-52.56999969 -22.13000107  44.32299995]
