,scores,centers
0,0.998610258102417,[16.32899857 15.2329998  14.71500015]
1,0.996629536151886,[50.32899857 15.2329998   2.71500015]
