,scores,centers
0,0.998542308807373,[ 43.64000034 -12.57600021  44.3010006 ]
1,0.9987450838088989,[29.64000034 -8.57600021 62.3010006 ]
2,0.9754055738449097,[47.64000034 -0.57600021 68.3010006 ]
