,scores,centers
0,0.9995218515396118,[35.29800034 73.10200119 27.36000013]
1,0.998840868473053,[17.29800034 83.10200119 33.36000013]
2,0.9965949654579163,[15.29800034 57.10200119 47.36000013]
3,0.9271224141120911,[29.29800034 53.10200119 15.36000013]
4,0.975196123123169,[45.29800034 65.10200119 53.36000013]
