,scores,centers
0,0.9993091821670532,[22.01900005 42.66499996 99.66400146]
