,scores,centers
0,0.9980072379112244,[13.08499908 56.62400055 53.73399925]
1,0.993000864982605,[27.08499908 42.62400055 63.73399925]
2,0.8905062675476074,[ 3.08499908 70.62400055 41.73399925]
3,0.7376219034194946,[ 5.08499908 82.62400055 51.73399925]
