,scores,centers
0,0.9996486902236938,[9.25799942 1.3390007  7.47800064]
1,0.9996936321258545,[11.25799942  1.3390007   7.47800064]
