,scores,centers
0,0.9995315074920654,[49.08200073 31.03999996 14.55699921]
1,0.9994416832923889,[69.08200073 57.03999996 42.55699921]
