,scores,centers
0,0.9980208873748779,[44.09300041 15.92000008  4.06200027]
1,0.9870556592941284,[52.09300041 23.92000008 26.06200027]
2,0.9852752685546875,[24.09300041 11.92000008 20.06200027]
3,0.7161548733711243,[36.09300041 29.92000008 12.06200027]
