,scores,centers
0,0.999535322189331,[29.49300003 42.80900002 39.22900009]
