,scores,centers
0,0.9995823502540588,[ -8.22299957  44.97900009 155.59700012]
1,0.9991716146469116,[  3.77700043  20.97900009 137.59700012]
2,0.45126017928123474,[ 11.77700043  10.97900009 153.59700012]
3,0.9399642944335938,[-22.22299957  38.97900009 153.59700012]
