,scores,centers
0,0.9990094900131226,[38.53800011 21.08300018 74.86500168]
1,0.9987735152244568,[20.53800011 55.08300018 60.86500168]
