,scores,centers
0,0.9993448853492737,[27.52300072 41.3039999  28.49900055]
