,scores,centers
0,0.9991076588630676,[-7.31999969 18.83899975 27.70800018]
1,0.9990639090538025,[-9.31999969 16.83899975 27.70800018]
2,0.6994044780731201,[-3.31999969 16.83899975 49.70800018]
