,scores,centers
0,0.9967010617256165,[46.95199966 63.84700012 17.58300018]
1,0.9829170107841492,[ 62.95199966  71.84700012 -16.41699982]
