,scores,centers
0,0.9993671774864197,[15.31900024 15.95199966 21.35900021]
1,0.9982518553733826,[-12.68099976  27.95199966  33.35900021]
