,scores,centers
0,0.9986574649810791,[21.40799999 28.67000008 29.9000001 ]
1,0.9933911561965942,[21.40799999 18.67000008 25.9000001 ]
2,0.9506714344024658,[27.40799999 30.67000008 21.9000001 ]
