,scores,centers
0,0.9964767098426819,[53.48900032  0.95199966 35.67700005]
1,0.977905809879303,[47.48900032  2.95199966 31.67700005]
2,0.5716436505317688,[39.48900032 10.95199966 33.67700005]
