,scores,centers
0,0.9993374943733215,[14.14500046 34.98799992 21.7840004 ]
1,0.9994590878486633,[-11.85499954  52.98799992  23.7840004 ]
