,scores,centers
0,0.9984669089317322,[ 20.9460001   34.14500046 155.81999969]
1,0.9966899156570435,[ 28.9460001   48.14500046 129.81999969]
2,0.9949512481689453,[ 36.9460001   44.14500046 105.81999969]
