,scores,centers
0,0.9985879063606262,[-3.59700012 15.10599899 -4.8390007 ]
1,0.998843789100647,[ 8.40299988 23.10599899 15.1609993 ]
2,0.9988206028938293,[ 8.40299988 23.10599899 17.1609993 ]
3,0.998001754283905,[ 10.40299988  27.10599899 -12.8390007 ]
