,scores,centers
0,0.999519944190979,[41.9989996  43.01199913 50.47900009]
1,0.9981391429901123,[25.9989996  65.01199913 42.47900009]
2,0.9955993890762329,[23.9989996  47.01199913 40.47900009]
