,scores,centers
0,0.996297299861908,[22.35200119 -7.33200073 43.8390007 ]
1,0.9954641461372375,[-1.64799881  8.66799927 17.8390007 ]
2,0.9904888868331909,[-5.64799881 16.66799927 39.8390007 ]
3,0.9890463948249817,[12.35200119 12.66799927 37.8390007 ]
