,scores,centers
0,0.9996579885482788,[26.65999985 10.9109993  35.06499863]
1,0.9981728792190552,[10.65999985 18.9109993  15.06499863]
2,0.9983477592468262,[32.65999985 10.9109993  15.06499863]
