,scores,centers
0,0.9990565180778503,[107.99299622  51.9640007   30.63100052]
