,scores,centers
0,0.9998693466186523,[ 4.41899872 66.95600128 67.60899925]
1,0.9822065830230713,[-11.58100128  64.95600128  39.60899925]
