,scores,centers
0,0.9981277585029602,[82.82899857  5.05599976 27.33600044]
1,0.9933841824531555,[80.82899857 -6.94400024 11.33600044]
