,scores,centers
0,0.9995781779289246,[ 0.68199921  3.50499725 54.91100025]
1,0.9994989633560181,[10.68199921 11.50499725 34.91100025]
