,scores,centers
0,0.9989270567893982,[20.50300026 87.13399887 34.74699974]
1,0.9989302754402161,[22.50300026 87.13399887 54.74699974]
