,scores,centers
0,0.9998507499694824,[119.54699707 104.90599823   7.40600014]
1,0.9997681975364685,[117.54699707  74.90599823  11.40600014]
2,0.9997902512550354,[103.54699707  90.90599823  29.40600014]
