,scores,centers
0,0.9990302324295044,[ 21.90699959   8.72299957 -10.93999863]
1,0.9970932006835938,[ 35.90699959 -13.27700043 -12.93999863]
2,0.9872103929519653,[11.90699959 -9.27700043 -0.93999863]
