,scores,centers
0,0.9996490478515625,[18.27000046 29.39499998 12.13399887]
1,0.9928370118141174,[28.27000046 41.39499998 10.13399887]
2,0.9899570345878601,[ 8.27000046 41.39499998  6.13399887]
