,scores,centers
0,0.998700737953186,[ -0.27099991   7.8789978  -28.9489975 ]
1,0.9990792274475098,[  1.72900009  -0.1210022  -64.9489975 ]
