,scores,centers
0,0.999367892742157,[ -3.33000183 115.38299942   0.83100128]
1,0.9992996454238892,[-29.33000183  75.38299942   2.83100128]
2,0.9983502626419067,[-39.33000183 107.38299942   0.83100128]
