,scores,centers
0,0.9891875386238098,[ 14.31800079 -18.25999832 -16.46099854]
1,0.876615583896637,[ -1.68199921 -22.25999832 -10.46099854]
2,0.5326636433601379,[ 16.31800079 -30.25999832 -18.46099854]
3,0.7356469035148621,[  6.31800079 -26.25999832 -22.46099854]
4,0.4439103305339813,[ -1.68199921 -38.25999832 -16.46099854]
