,scores,centers
0,0.9989752769470215,[22.73099995 96.93599701 51.12100029]
1,0.9984955787658691,[24.73099995 78.93599701 41.12100029]
2,0.9817147254943848,[ 8.73099995 88.93599701 59.12100029]
