,scores,centers
0,0.9989725351333618,[59.32899857 57.00300026 18.58300018]
1,0.9985508322715759,[73.32899857 45.00300026 36.58300018]
2,0.997943103313446,[65.32899857 31.00300026  6.58300018]
