,scores,centers
0,0.9985685348510742,[125.48799896 141.08899689  73.81800079]
1,0.9968388080596924,[ 95.48799896 153.08899689  55.81800079]
2,0.9974918365478516,[ 91.48799896 119.08899689  79.81800079]
