,scores,centers
0,0.9986255168914795,[54.92100143 -6.95800018 65.92399979]
1,0.9878126978874207,[ 66.92100143 -10.95800018  67.92399979]
2,0.9268186688423157,[48.92100143 -4.95800018 75.92399979]
3,0.6647291779518127,[64.92100143  3.04199982 89.92399979]
4,0.6351068019866943,[72.92100143  3.04199982 73.92399979]
5,0.7882948517799377,[46.92100143 -0.95800018 73.92399979]
