,scores,centers
0,0.9992971420288086,[ 48.67499924 161.9260025   30.79599953]
1,0.9991639852523804,[ 42.67499924 137.9260025   28.79599953]
2,0.9958662986755371,[ 54.67499924 133.9260025   10.79599953]
