,scores,centers
0,0.9994959831237793,[ 0.08799744 12.91699982 17.26900101]
1,0.999370276927948,[  0.08799744  28.91699982 -16.73099899]
