,scores,centers
0,0.9956258535385132,[59.2689991  17.25899982 13.8670001 ]
1,0.7403779625892639,[59.2689991   5.25899982 17.8670001 ]
2,0.7191631197929382,[63.2689991  27.25899982 19.8670001 ]
3,0.9035197496414185,[69.2689991   9.25899982 27.8670001 ]
4,0.769953191280365,[59.2689991  13.25899982 35.8670001 ]
5,0.46518754959106445,[53.2689991  21.25899982 23.8670001 ]
