,scores,centers
0,0.9989129304885864,[11.77400017 86.85800171 23.43500137]
1,0.9972436428070068,[  9.77400017 106.85800171  19.43500137]
