,scores,centers
0,0.999589741230011,[19.73400021 21.64900017 34.90699959]
