,scores,centers
0,0.9995197057723999,[ 31.80200005  -6.15499878 -34.16699982]
1,0.9991496801376343,[ 37.80200005  13.84500122 -22.16699982]
