,scores,centers
0,0.9988847374916077,[-2.60700226  5.12200165 48.84600067]
