,scores,centers
0,0.9986761212348938,[ 23.87400055  10.86599731 -16.59199905]
1,0.9974901676177979,[ 35.87400055 -13.13400269 -12.59199905]
2,0.9898797273635864,[11.87400055 -9.13400269 -0.59199905]
