,scores,centers
0,0.9993036985397339,[24.39799881 -0.64900208 33.38199997]
1,0.9949287176132202,[-3.60200119  5.35099792 19.38199997]
