,scores,centers
0,0.999171257019043,[ -7.20299911  45.84500027 157.47499847]
1,0.9989528656005859,[  4.79700089  21.84500027 135.47499847]
