,scores,centers
0,0.9984044432640076,[53.9460001  39.329       9.83800125]
1,0.9858391880989075,[33.9460001  31.329       7.83800125]
2,0.9817533493041992,[45.9460001  23.329       1.83800125]
3,0.7661435008049011,[43.9460001  17.329      17.83800125]
4,0.908237099647522,[21.9460001  29.329      19.83800125]
5,0.8686085343360901,[47.9460001  39.329      21.83800125]
