,scores,centers
0,0.9997143149375916,[13.7329998  -3.57799911 22.66699982]
