,scores,centers
0,0.998781144618988,[ 4.0189991   0.8579998  11.86199951]
1,0.6169755458831787,[26.0189991   2.8579998  23.86199951]
2,0.7693674564361572,[14.0189991  10.8579998  23.86199951]
