,scores,centers
0,0.9992223978042603,[-8.41400146 51.15500069 14.51399994]
1,0.9931446313858032,[23.58599854 47.15500069  8.51399994]
