,scores,centers
0,0.9994331002235413,[ 7.8029995  68.01399994 40.4630003 ]
1,0.9806588888168335,[-0.1970005  60.01399994 34.4630003 ]
