,scores,centers
0,0.9993870258331299,[68.43199921 94.59500122 28.06500006]
