,scores,centers
0,0.991952121257782,[27.04800034 24.05999994  8.47200012]
1,0.9731401205062866,[23.04800034 42.05999994 60.47200012]
2,0.8613582849502563,[23.04800034 52.05999994 54.47200012]
3,0.6041076183319092,[17.04800034 18.05999994  4.47200012]
