,scores,centers
0,0.9972706437110901,[16.57600021 36.01399994 18.59700012]
1,0.7332872152328491,[ 8.57600021 42.01399994 10.59700012]
