,scores,centers
0,0.9986217021942139,[15.41699982 30.06200027 13.3010006 ]
1,0.9654216766357422,[21.41699982 18.06200027 19.3010006 ]
2,0.40310800075531006,[13.41699982 36.06200027 33.3010006 ]
