,scores,centers
0,0.9957966804504395,[-0.54199982 -0.11499977 11.18900013]
1,0.9744147658348083,[-2.54199982  9.88500023 19.18900013]
2,0.9381141066551208,[ 3.45800018  1.88500023 17.18900013]
3,0.8930693864822388,[17.45800018 13.88500023 15.18900013]
4,0.8757643103599548,[11.45800018 21.88500023 17.18900013]
5,0.6489349603652954,[ 5.45800018 17.88500023 27.18900013]
