,scores,centers
0,0.9994516968727112,[71.21500015 16.25600052 14.59899902]
1,0.9769778251647949,[79.21500015 16.25600052 36.59899902]
