,scores,centers
0,0.9987778067588806,[15.77799988 45.50399971  1.02099991]
1,0.9924293160438538,[15.77799988 35.50399971 27.02099991]
2,0.7924865484237671,[11.77799988 33.50399971 11.02099991]
3,0.6391435861587524,[19.77799988 49.50399971 17.02099991]
