,scores,centers
0,0.9994275569915771,[26.93700027 40.67700005 32.62400055]
1,0.9996127486228943,[-9.06299973 42.67700005 24.62400055]
