,scores,centers
0,0.9997618794441223,[-2.38299942 47.23200035  7.95600128]
1,0.9996805191040039,[31.61700058 17.23200035  9.95600128]
2,0.9975117444992065,[13.61700058 31.23200035  7.95600128]
