,scores,centers
0,0.9995086193084717,[ 2.78499985 14.28099823 37.74099922]
1,0.999325156211853,[14.78499985  0.28099823 11.74099922]
