,scores,centers
0,0.9991772770881653,[-13.47600174   6.01799965 -44.39900208]
1,0.9937385320663452,[-15.47600174  34.01799965 -30.39900208]
