,scores,centers
0,0.9995081424713135,[ 8.35599899 25.24300003 52.61800003]
1,0.996917724609375,[-17.64400101  17.24300003  26.61800003]
2,0.9916391968727112,[-15.64400101  37.24300003  30.61800003]
3,0.949268639087677,[22.35599899 41.24300003 48.61800003]
