,scores,centers
0,0.999159574508667,[ -2.41799927 -30.04199982 -50.02600098]
1,0.9980148077011108,[ -4.41799927 -52.04199982 -16.02600098]
2,0.9875773191452026,[ 11.58200073 -52.04199982  -8.02600098]
