,scores,centers
0,0.9943732023239136,[33.51000023 14.28499985 11.72500038]
1,0.9497737884521484,[21.51000023 12.28499985  5.72500038]
2,0.6970896124839783,[27.51000023 30.28499985  9.72500038]
