,scores,centers
0,0.9995044469833374,[13.18400002 76.86999893 24.97000027]
1,0.978312611579895,[-4.81599998 64.86999893 12.97000027]
2,0.8079298734664917,[-6.81599998 76.86999893 12.97000027]
