,scores,centers
0,0.9988440275192261,[ -1.39399719 -17.25600052   7.37799835]
1,0.9978334307670593,[ 38.60600281 -31.25600052 -42.62200165]
