,scores,centers
0,0.9994961023330688,[16.54499817 39.5189991  62.38999939]
1,0.9875127673149109,[-11.45500183  43.5189991   54.38999939]
2,0.9922820925712585,[-35.45500183  51.5189991   76.38999939]
