,scores,centers
0,0.9993405938148499,[ 33.78800011  28.73699951 -13.70299911]
1,0.9991453886032104,[41.78800011 36.73699951 24.29700089]
