,scores,centers
0,0.9988780617713928,[16.81700134 14.3730011  18.8769989 ]
1,0.9957813024520874,[ 0.81700134 12.3730011  12.8769989 ]
