,scores,centers
0,0.9986629486083984,[19.48400021  3.6780014  12.27199936]
1,0.9986448884010315,[33.48400021 11.6780014  -5.72800064]
2,0.9920133948326111,[17.48400021  7.6780014  -3.72800064]
