,scores,centers
0,0.9988192915916443,[ 5.39100075 -3.31699944 17.11199951]
1,0.9616165161132812,[ 7.39100075 -3.31699944 21.11199951]
2,0.6818470358848572,[ 1.39100075 12.68300056 25.11199951]
3,0.47855517268180847,[27.39100075 -1.31699944 21.11199951]
4,0.5431563258171082,[-8.60899925  4.68300056 29.11199951]
