,scores,centers
0,0.9994051456451416,[20.5890007  23.24900055 27.86999893]
1,0.9772014617919922,[22.5890007  29.24900055  9.86999893]
2,0.9794294834136963,[ 6.5890007   1.24900055 19.86999893]
3,0.9723398089408875,[20.5890007  19.24900055 51.86999893]
4,0.8269156813621521,[20.5890007  -0.75099945  7.86999893]
