,scores,centers
0,0.9999266862869263,[ 7.95199966 -5.6269989  21.96199989]
