,scores,centers
0,0.9994210004806519,[33.69099998 46.15500069  9.52700043]
1,0.9383743405342102,[31.69099998 34.15500069 19.52700043]
