,scores,centers
0,0.8976312279701233,[ 35.06400013   4.35499954 -25.85400009]
1,0.8974432945251465,[ 33.06400013   2.35499954 -27.85400009]
2,0.7770394682884216,[ 31.06400013   4.35499954 -29.85400009]
3,0.8657271862030029,[ 31.06400013   2.35499954 -29.85400009]
4,0.7656392455101013,[ 31.06400013   2.35499954 -25.85400009]
