,scores,centers
0,0.9975212216377258,[ 4.7519989  -3.79700089  6.24200058]
1,0.9991382360458374,[-15.2480011    6.20299911 -25.75799942]
2,0.9891674518585205,[  6.7519989   10.20299911 -17.75799942]
3,0.9927724003791809,[ 2.7519989   0.20299911 10.24200058]
