,scores,centers
0,0.9975582361221313,[ 5.01499939 20.74500084 27.25399971]
1,0.9964056015014648,[ 5.01499939 12.74500084 -0.74600029]
2,0.9985659718513489,[  9.01499939 -13.25499916  23.25399971]
