,scores,centers
0,0.9995315074920654,[16.81000137 19.03900003 19.40600014]
1,0.9842513799667358,[28.81000137 33.03900003 23.40600014]
2,0.9840701818466187,[12.81000137 29.03900003 35.40600014]
