,scores,centers
0,0.9990049004554749,[-31.42300034  19.50699997  11.89500046]
1,0.9645873308181763,[-37.42300034  37.50699997   7.89500046]
2,0.9232825040817261,[-29.42300034  27.50699997  -0.10499954]
