,scores,centers
0,0.9994663596153259,[ 15.58200073 -11.78300095  21.41399956]
1,0.9849377274513245,[-0.41799927 10.21699905 29.41399956]
2,0.9937451481819153,[17.58200073  4.21699905 33.41399956]
3,0.9501262903213501,[27.58200073  4.21699905 21.41399956]
