,scores,centers
0,0.9987982511520386,[-4.01200104  4.2859993  14.97800064]
1,0.9962604641914368,[ 1.98799896 -5.7140007   6.97800064]
2,0.9666864275932312,[-6.01200104 -7.7140007  30.97800064]
3,0.8247642517089844,[-14.01200104   6.2859993   28.97800064]
4,0.504644513130188,[-22.01200104  -9.7140007   14.97800064]
