,scores,centers
0,0.9987624883651733,[-7.31600189 22.47900009 15.56700134]
1,0.9056167006492615,[ 10.68399811  10.47900009 -10.43299866]
