,scores,centers
0,0.9992654919624329,[-19.61800003  59.50600052  52.54800034]
1,0.9990754127502441,[ 0.38199997 43.50600052 46.54800034]
