,scores,centers
0,0.9995655417442322,[27.50200081 32.2519989  24.89299965]
1,0.9995654225349426,[ 5.50200081 -1.7480011  18.89299965]
