,scores,centers
0,0.9969602227210999,[26.47100019 14.65699959 25.21699905]
1,0.9958744645118713,[34.47100019 10.65699959 11.21699905]
2,0.8401569128036499,[24.47100019 18.65699959  1.21699905]
3,0.5566630959510803,[30.47100019 24.65699959  9.21699905]
