,scores,centers
0,0.99785977602005,[53.61100006 14.14099979 19.46500015]
1,0.9306502938270569,[41.61100006 20.14099979 17.46500015]
