,scores,centers
0,0.9992855191230774,[ 17.25500107 -11.41600037  21.30900002]
1,0.9957709908485413,[21.25500107  8.58399963 33.30900002]
2,0.5578373670578003,[7.25500107 8.58399963 7.30900002]
