,scores,centers
0,0.9987457990646362,[ 8.0039978  20.35900021 23.66499996]
1,0.9923896193504333,[-11.9960022   20.35900021  23.66499996]
2,0.9919185042381287,[22.0039978  36.35900021 21.66499996]
3,0.9099641442298889,[24.0039978  40.35900021  3.66499996]
4,0.8311856389045715,[-5.9960022  22.35900021 47.66499996]
