,scores,centers
0,0.997724711894989,[  3.22999954 -17.70299911  43.51399994]
1,0.9833146333694458,[15.22999954  0.29700089 29.51399994]
2,0.9869736433029175,[-0.77000046 -5.70299911 31.51399994]
3,0.9502721428871155,[11.22999954 -1.70299911 51.51399994]
4,0.5527867674827576,[13.22999954 14.29700089 49.51399994]
