,scores,centers
0,0.9979808926582336,[-47.7009964  -29.47599792   6.82500076]
1,0.9991483688354492,[-19.7009964  -45.47599792  -1.17499924]
2,0.9745458364486694,[-59.7009964  -33.47599792   4.82500076]
3,0.7772749662399292,[-61.7009964  -37.47599792  16.82500076]
