,scores,centers
0,0.998974084854126,[-14.4280014    4.71699905   5.08499908]
1,0.9926141500473022,[-6.4280014  -1.28300095 -6.91500092]
