,scores,centers
0,0.9992596507072449,[ 1.21299744  4.18199921 54.84700012]
1,0.9993307590484619,[11.21299744 10.18199921 32.84700012]
