,scores,centers
0,0.9958727955818176,[105.9469986   43.47000027  14.40700006]
1,0.9743952751159668,[109.9469986   57.47000027  28.40700006]
2,0.9779587984085083,[117.9469986   33.47000027  24.40700006]
