,scores,centers
0,0.9989432692527771,[ 25.3409996   14.35700226 -11.16199875]
1,0.9977843165397644,[ 37.3409996  -11.64299774 -15.16199875]
2,0.9852674007415771,[11.3409996  -9.64299774 -1.16199875]
