,scores,centers
0,0.9967317581176758,[ 17.47599983 -21.08000183  12.58699989]
1,0.9803630709648132,[ 1.47599983 12.91999817 14.58699989]
