,scores,centers
0,0.9979773163795471,[-8.125      33.75600004 -2.21699905]
1,0.9908916354179382,[-24.125       41.75600004  -4.21699905]
2,0.9839287996292114,[-22.125       21.75600004   3.78300095]
