,scores,centers
0,0.9982174038887024,[-43.93699646  46.26399994  37.5880003 ]
1,0.9598772525787354,[-31.93699646  36.26399994  27.5880003 ]
2,0.7052713632583618,[-15.93699646  30.26399994  37.5880003 ]
3,0.5753555297851562,[-27.93699646  58.26399994  37.5880003 ]
