,scores,centers
0,0.9995747208595276,[-20.36399841  67.5999999   59.625     ]
1,0.9996192455291748,[-10.36399841  43.5999999   33.625     ]
2,0.9995468258857727,[-34.36399841  33.5999999   61.625     ]
