,scores,centers
0,0.9995482563972473,[-18.40100098  -3.02999878  69.28700066]
1,0.8880376815795898,[-16.40100098 -17.02999878  81.28700066]
