,scores,centers
0,0.9988631010055542,[47.68500042 21.70699978 31.60299969]
1,0.9702243208885193,[25.68500042 19.70699978 39.60299969]
2,0.8219053149223328,[39.68500042  7.70699978 25.60299969]
3,0.7580517530441284,[39.68500042 41.70699978 29.60299969]
