,scores,centers
0,0.9952640533447266,[ 9.71999931 39.14599991 39.62800026]
1,0.9853379726409912,[-2.28000069 43.14599991 37.62800026]
2,0.9283491969108582,[15.71999931 25.14599991 35.62800026]
3,0.9296450018882751,[ 3.71999931 27.14599991 43.62800026]
4,0.9590387344360352,[21.71999931 35.14599991 33.62800026]
