,scores,centers
0,0.9996466636657715,[24.14099979 25.37699986 36.43700027]
