,scores,centers
0,0.9996507167816162,[36.90500069 37.18000031 30.31899977]
