,scores,centers
0,0.9997476935386658,[15.27799988 29.81099987 14.10000038]
1,0.9896038770675659,[21.27799988 17.81099987 18.10000038]
2,0.9821714162826538,[11.27799988 11.81099987 10.10000038]
3,0.9713106751441956,[23.27799988 17.81099987 20.10000038]
