,scores,centers
0,0.9996740818023682,[95.89899826 16.58800125 -1.68799973]
1,0.9992220401763916,[99.89899826 44.58800125 12.31200027]
