,scores,centers
0,0.9978035092353821,[16.66899967 36.04000092 19.05700016]
1,0.9926711320877075,[18.66899967 38.04000092 19.05700016]
2,0.8706276416778564,[20.66899967 30.04000092  9.05700016]
