,scores,centers
0,0.9987918734550476,[ 3.94599915 24.32999992 12.25699997]
1,0.9967420697212219,[ 5.94599915 22.32999992 32.25699997]
2,0.9974491000175476,[19.94599915 30.32999992 -5.74300003]
