,scores,centers
0,0.990361213684082,[34.63099957 33.9829998   2.37400055]
1,0.9786732792854309,[34.63099957 35.9829998  16.37400055]
2,0.978477954864502,[22.63099957 27.9829998   6.37400055]
3,0.4254733920097351,[26.63099957 13.9829998   6.37400055]
