,scores,centers
0,0.9986780285835266,[84.85099792  1.57699966  0.82699966]
1,0.9928529858589172,[86.85099792 -8.42300034 -5.17300034]
