,scores,centers
0,0.9996048808097839,[24.55000019 14.44400024 25.93000031]
