,scores,centers
0,0.9992596507072449,[29.69199991 74.65499878 41.46800041]
1,0.9991469383239746,[41.69199991 92.65499878 41.46800041]
