,scores,centers
0,0.9997746348381042,[ 40.49200058 -30.64099884   2.68300056]
1,0.9996035695075989,[52.49200058 -8.64099884 32.68300056]
2,0.9988206028938293,[44.49200058 -6.64099884  8.68300056]
3,0.5251955389976501,[ 30.49200058 -12.64099884 -11.31699944]
