,scores,centers
0,0.9989688396453857,[25.74499989 38.4630003  84.40999985]
1,0.9843752980232239,[13.74499989 48.4630003  88.40999985]
2,0.9746736884117126,[25.74499989 50.4630003  76.40999985]
