,scores,centers
0,0.99510657787323,[11.50399971  5.95100021 12.68700027]
1,0.9783262014389038,[-0.49600029  3.95100021 18.68700027]
