,scores,centers
0,0.9989327788352966,[24.00300026 -6.97299957 10.30999947]
1,0.9970640540122986,[36.00300026 13.02700043 12.30999947]
