,scores,centers
0,0.9995877146720886,[21.06099987 36.28000069 57.01399994]
