,scores,centers
0,0.9991130232810974,[22.15500069  1.94100189 19.89900017]
1,0.999090313911438,[10.15500069 -0.05899811  9.89900017]
2,0.9471194744110107,[36.15500069 -0.05899811 41.89900017]
