,scores,centers
0,0.999345600605011,[-13.46099854  23.66799927 348.31201172]
1,0.9991276860237122,[ 14.53900146  25.66799927 494.31201172]
2,0.9811248779296875,[  8.53900146  11.66799927 412.31201172]
3,0.9781897664070129,[  0.53900146  13.66799927 446.31201172]
4,0.7924642562866211,[  0.53900146  -8.33200073 422.31201172]
5,0.8440730571746826,[  2.53900146  17.66799927 370.31201172]
