,scores,centers
0,0.9995019435882568,[ -9.12099838 -12.16199875 -29.6230011 ]
1,0.9935469031333923,[  2.87900162 -42.16199875 -37.6230011 ]
