,scores,centers
0,0.9995461106300354,[ 5.2329998  -3.76000023  9.85200119]
