,scores,centers
0,0.9988981485366821,[19.54599953 23.76300001 19.70800018]
1,0.9970372915267944,[ 7.54599953 33.76300001 -4.29199982]
2,0.9490247368812561,[17.54599953 37.76300001  9.70800018]
