,scores,centers
0,0.9964786171913147,[15.61199951  4.26199913 30.09200001]
1,0.9589720368385315,[11.61199951 -7.73800087 34.09200001]
2,0.9932342171669006,[11.61199951  6.26199913 42.09200001]
3,0.6904113292694092,[ 9.61199951 16.26199913 24.09200001]
4,0.595088005065918,[ 1.61199951  0.26199913 38.09200001]
