,scores,centers
0,0.9992493987083435,[  0.43199921 -12.10300064  -5.14400101]
1,0.9993196725845337,[ -3.56800079  21.89699936 -13.14400101]
2,0.999332845211029,[  2.43199921   7.89699936 -11.14400101]
