,scores,centers
0,0.9996538162231445,[95.87200165 16.98200035 -2.81299973]
1,0.999100923538208,[99.87200165 44.98200035 11.18700027]
