,scores,centers
0,0.9992936849594116,[ 5.14400101 34.42000008 32.93899918]
1,0.9968155026435852,[ 9.14400101  8.42000008 38.93899918]
2,0.9231651425361633,[11.14400101 30.42000008 50.93899918]
