,scores,centers
0,0.9996888637542725,[-35.80599976 -21.07699585   2.4090004 ]
1,0.9995160102844238,[-47.80599976 -21.07699585   4.4090004 ]
2,0.9952109456062317,[-71.80599976 -37.07699585  -7.5909996 ]
