,scores,centers
0,0.9923632144927979,[ 1.38400078 25.28299999  0.05999947]
1,0.9784724712371826,[ 5.38400078 17.28299999  8.05999947]
2,0.7438620328903198,[-10.61599922  33.28299999  10.05999947]
3,0.5501173138618469,[11.38400078 27.28299999 22.05999947]
4,0.5535169243812561,[-6.61599922 23.28299999 12.05999947]
