,scores,centers
0,0.9990617632865906,[46.53899956  4.32699966 40.73900032]
1,0.9839487671852112,[40.53899956 -1.67300034 30.73900032]
