,scores,centers
0,0.9960700273513794,[24.52099991 23.84000015 15.20100021]
1,0.9903357028961182,[28.52099991 29.84000015 15.20100021]
2,0.6085483431816101,[32.52099991 15.84000015  3.20100021]
3,0.6274768114089966,[26.52099991  7.84000015 13.20100021]
