,scores,centers
0,0.9987885355949402,[12.13100052 29.4630003   1.50900078]
1,0.988434910774231,[16.13100052 47.4630003   3.50900078]
2,0.9456315636634827,[ 0.13100052 35.4630003  19.50900078]
3,0.9844883680343628,[ 0.13100052 19.4630003   3.50900078]
4,0.9775403141975403,[ 6.13100052 15.4630003  -2.49099922]
5,0.576176643371582,[ 0.13100052 45.4630003  -0.49099922]
