,scores,centers
0,0.9997469782829285,[ 58.60099983   2.17499924 103.88399887]
