,scores,centers
0,0.9991948008537292,[22.35900116  4.93700027 20.98500061]
1,0.9928104281425476,[10.35900116 -7.06299973 22.98500061]
