,scores,centers
0,0.9995593428611755,[ 16.7159996  -24.88299942  12.87100029]
1,0.874911367893219,[  4.7159996  -22.88299942  26.87100029]
2,0.9960538148880005,[ 12.7159996  -42.88299942   8.87100029]
