,scores,centers
0,0.9984613656997681,[16.29300022 22.25399971  7.22299957]
1,0.9984482526779175,[10.29300022 26.25399971  7.22299957]
2,0.7659002542495728,[14.29300022 38.25399971 21.22299957]
3,0.4013718068599701,[ 16.29300022  16.25399971 -12.77700043]
