,scores,centers
0,0.9994494318962097,[-0.18700027  6.82500076  6.0719986 ]
1,0.9945166707038879,[ 1.81299973 10.82500076 40.0719986 ]
