,scores,centers
0,0.997008740901947,[25.15400028  2.54999924 36.72999954]
1,0.9154254198074341,[19.15400028 12.54999924 48.72999954]
2,0.5107904076576233,[23.15400028 -5.45000076 28.72999954]
3,0.6631904244422913,[15.15400028 -7.45000076 42.72999954]
