,scores,centers
0,0.9992008805274963,[ 6.33800125 20.8739996  49.94199944]
1,0.9941686391830444,[22.33800125 30.8739996  45.94199944]
