,scores,centers
0,0.9993270635604858,[21.49399996 56.57799911  6.56599998]
1,0.9989873766899109,[ 59.49399996  82.57799911 -13.43400002]
2,0.9991517066955566,[57.49399996 36.57799911 12.56599998]
3,0.9993656277656555,[21.49399996 -3.42200089  6.56599998]
