,scores,centers
0,0.9978998899459839,[ 9.99600029 11.51300049 15.19900131]
1,0.9945579767227173,[11.99600029 13.51300049  9.19900131]
