,scores,centers
0,0.9995643496513367,[54.25099945 20.76300049 37.11800003]
1,0.9993438124656677,[56.25099945 16.76300049  1.11800003]
