,scores,centers
0,0.999329686164856,[34.06499958 13.94300079  7.60199928]
1,0.9990435242652893,[32.06499958 11.94300079  9.60199928]
