,scores,centers
0,0.9977250695228577,[78.18799973 25.64299965 42.73900032]
1,0.9834907650947571,[70.18799973 39.64299965 60.73900032]
2,0.8956974744796753,[82.18799973 31.64299965 28.73900032]
3,0.7868150472640991,[74.18799973 13.64299965 38.73900032]
