,scores,centers
0,0.9987190961837769,[14.77999973 20.12800026  5.97400093]
1,0.7855606079101562,[ 16.77999973  18.12800026 -16.02599907]
2,0.9650927186012268,[16.77999973 38.12800026 19.97400093]
3,0.6309971809387207,[26.77999973 32.12800026  5.97400093]
