,scores,centers
0,0.99921715259552,[13.2670002  51.10800171 48.72600174]
1,0.9994885921478271,[13.2670002  13.10800171  4.72600174]
