,scores,centers
0,0.9993258714675903,[ 36.12199974  35.47399998 158.93699646]
1,0.9991839528083801,[  4.12199974  29.47399998 148.93699646]
