,scores,centers
0,0.999022364616394,[85.9620018  67.05899811 22.23200035]
1,0.9842582941055298,[97.9620018  71.05899811  0.23200035]
2,0.9772688746452332,[71.9620018  75.05899811  6.23200035]
3,0.9684664011001587,[59.9620018  57.05899811 -1.76799965]
