,scores,centers
0,0.9991394281387329,[47.56400013 10.54399872 -2.14099884]
1,0.9879103899002075,[21.56400013 34.54399872 -6.14099884]
