,scores,centers
0,0.9956780076026917,[ 1.68600082  6.15999985 29.30000019]
1,0.9926081895828247,[ 1.68600082 -1.84000015 15.30000019]
