,scores,centers
0,0.9989163875579834,[21.42999983 32.04599953 19.01399994]
