,scores,centers
0,0.9990407824516296,[56.74799919 33.78100014 59.50500107]
1,0.9991477727890015,[44.74799919 41.78100014 55.50500107]
2,0.8106663227081299,[40.74799919 51.78100014 71.50500107]
