,scores,centers
0,0.9993201494216919,[25.55400085 35.86800003 14.79400063]
