,scores,centers
0,0.998383641242981,[14.69400024 -6.0510025  33.30799961]
1,0.997218132019043,[ 4.69400024 13.9489975  21.30799961]
2,0.9826437830924988,[  0.69400024 -16.0510025   27.30799961]
