,scores,centers
0,0.9843048453330994,[19.7670002  15.56200027 22.50199986]
1,0.9621651768684387,[ 3.7670002  21.56200027 20.50199986]
2,0.9756062626838684,[17.7670002  17.56200027 38.50199986]
3,0.6953774690628052,[ 9.7670002  29.56200027 32.50199986]
