,scores,centers
0,0.9991952776908875,[22.90600014  4.81600189 18.69099998]
