,scores,centers
0,0.9984752535820007,[ 26.36999989 -18.52999878  70.93199921]
1,0.9835929870605469,[ 18.36999989 -12.52999878  82.93199921]
2,0.9830490350723267,[ 8.36999989 -6.52999878 74.93199921]
3,0.8405898213386536,[12.36999989  1.47000122 76.93199921]
4,0.9015672206878662,[32.36999989  7.47000122 76.93199921]
