,scores,centers
0,0.9988911747932434,[32.09000015 18.49900055 10.77299881]
1,0.8678228259086609,[32.09000015  2.49900055  8.77299881]
2,0.6768308281898499,[40.09000015  6.49900055 16.77299881]
3,0.9131283760070801,[22.09000015  8.49900055  2.77299881]
