,scores,centers
0,0.996950089931488,[10.52499962 44.29700089 20.93900013]
1,0.9739944338798523,[-3.47500038 60.29700089 38.93900013]
2,0.9786060452461243,[ 4.52499962 28.29700089 38.93900013]
