,scores,centers
0,0.9977265000343323,[14.46500015 27.3210001   4.26499939]
1,0.9841076135635376,[20.46500015 33.3210001  -9.73500061]
2,0.9764763712882996,[ 14.46500015  13.3210001  -11.73500061]
3,0.9417957663536072,[12.46500015 39.3210001   4.26499939]
