,scores,centers
0,0.9991253018379211,[-15.77199936  35.93299961  67.58500004]
1,0.9983664155006409,[ 6.22800064 47.93299961 57.58500004]
