,scores,centers
0,0.9992638230323792,[-0.39699936  4.59000015  6.07699966]
1,0.9992907047271729,[-0.39699936  4.59000015  4.07699966]
