,scores,centers
0,0.9984524250030518,[27.64699936 18.05900002 60.76799965]
1,0.9978347420692444,[17.64699936  6.05900002 70.76799965]
2,0.9231455326080322,[ 3.64699936 24.05900002 62.76799965]
3,0.9624450206756592,[13.64699936  8.05900002 44.76799965]
4,0.6883060336112976,[19.64699936 34.05900002 42.76799965]
5,0.7788131237030029,[11.64699936 18.05900002 34.76799965]
6,0.7365386486053467,[ 3.64699936 32.05900002 54.76799965]
