,scores,centers
0,0.9993818998336792,[17.22100067  3.87700081 15.40100098]
1,0.9731889963150024,[ 7.22100067 13.87700081 33.40100098]
