,scores,centers
0,0.9982838034629822,[ 12.625      -45.79199982 -11.61100006]
1,0.9977349042892456,[ 32.625      -53.79199982 -11.61100006]
