,scores,centers
0,0.9958926439285278,[ 9.34000015 13.31400013 33.25899982]
1,0.991473913192749,[ 3.34000015 15.31400013 21.25899982]
2,0.9603214859962463,[11.34000015  5.31400013 21.25899982]
3,0.8912415504455566,[ 7.34000015 19.31400013 13.25899982]
4,0.44261834025382996,[23.34000015  7.31400013 23.25899982]
5,0.5448646545410156,[23.34000015  5.31400013 35.25899982]
