,scores,centers
0,0.996442973613739,[13.10200119 55.86000061 53.50900078]
1,0.9973219037055969,[29.10200119 43.86000061 63.50900078]
2,0.8136942982673645,[ 5.10200119 51.86000061 41.50900078]
3,0.5191747546195984,[-2.89799881 67.86000061 57.50900078]
