,scores,centers
0,0.9991149306297302,[58.92700005  8.31200027 25.59399986]
1,0.9968975782394409,[30.92700005 -3.68799973 35.59399986]
