,scores,centers
0,0.9991870522499084,[-11.72999954   9.67900085   6.45600128]
1,0.8789930939674377,[-3.72999954 13.67900085 26.45600128]
2,0.9513972997665405,[-21.72999954  -2.32099915   0.45600128]
3,0.7489650249481201,[ 6.27000046  9.67900085 14.45600128]
4,0.5117089748382568,[ 0.27000046 -0.32099915 18.45600128]
