,scores,centers
0,0.9985945820808411,[ 45.13599968  25.7539978  -23.36700058]
1,0.9980411529541016,[51.13599968 47.7539978  -1.36700058]
2,0.9991329312324524,[51.13599968 37.7539978  26.63299942]
3,0.9985007047653198,[43.13599968 -6.2460022  -1.36700058]
4,0.9985910058021545,[59.13599968 -0.2460022  22.63299942]
