,scores,centers
0,0.9907236695289612,[25.55099869 19.60700035 19.44000006]
1,0.9783332347869873,[ 3.55099869 19.60700035 21.44000006]
2,0.9438547492027283,[17.55099869 23.60700035 37.44000006]
3,0.631901204586029,[ 9.55099869 29.60700035 33.44000006]
