,scores,centers
0,0.9836226105690002,[ 1.4109993  -6.82299995 21.83500004]
1,0.9901981353759766,[19.4109993  -8.82299995 19.83500004]
2,0.4992741644382477,[ 19.4109993  -10.82299995  13.83500004]
