,scores,centers
0,0.9989401698112488,[-4.52799988  4.21800041 13.45899963]
1,0.9983305335044861,[ 3.47200012 -3.78199959  7.45899963]
2,0.9844644665718079,[ 3.47200012 -3.78199959 25.45899963]
3,0.7334044575691223,[-12.52799988   6.21800041  29.45899963]
