,scores,centers
0,0.998477041721344,[-5.27700043 67.70800018  9.54599762]
1,0.9957044720649719,[ 0.72299957 49.70800018 -8.45400238]
2,0.9896301627159119,[18.72299957 57.70800018 -6.45400238]
