,scores,centers
0,0.9992806315422058,[32.02400017 16.24100018 23.67300034]
1,0.9876206517219543,[48.02400017 22.24100018 33.67300034]
2,0.9783895015716553,[52.02400017  8.24100018 17.67300034]
