,scores,centers
0,0.9988824725151062,[ 9.79999924 32.8920002  20.54399872]
1,0.9918171763420105,[ 1.79999924 22.8920002  24.54399872]
2,0.44497498869895935,[-4.20000076 28.8920002  10.54399872]
