,scores,centers
0,0.9990079998970032,[14.75799942 33.50699997 14.47999954]
1,0.9936657547950745,[24.75799942 35.50699997 -5.52000046]
2,0.9920680522918701,[-1.24200058 31.50699997 32.47999954]
3,0.9374552369117737,[-1.24200058 17.50699997 10.47999954]
4,0.8271124958992004,[-1.24200058 43.50699997 16.47999954]
