,scores,centers
0,0.9985665678977966,[19.29100037 18.20899963  9.30000019]
1,0.998725950717926,[19.29100037 16.20899963  9.30000019]
2,0.5795060992240906,[ 9.29100037 20.20899963  3.30000019]
