,scores,centers
0,0.9966021776199341,[11.80799866  7.20499992 37.36899948]
1,0.9984248876571655,[29.80799866  9.20499992 15.36899948]
2,0.9993288516998291,[23.80799866 19.20499992 61.36899948]
