,scores,centers
0,0.9972200393676758,[81.28099823 93.4280014  60.25799942]
1,0.7443193197250366,[85.28099823 81.4280014  58.25799942]
