,scores,centers
0,0.9989842772483826,[ 0.85599899  2.29399872 15.90800095]
1,0.9954299926757812,[26.85599899  4.29399872 37.90800095]
2,0.9975780844688416,[ 6.85599899  8.29399872 39.90800095]
3,0.9985430240631104,[14.85599899 26.29399872 23.90800095]
