,scores,centers
0,0.999241828918457,[-33.53800201 -29.02299881  39.21199989]
1,0.9938958287239075,[-61.53800201 -19.02299881  33.21199989]
2,0.9967638254165649,[-43.53800201 -11.02299881  19.21199989]
3,0.9920378923416138,[-35.53800201  -7.02299881  39.21199989]
