,scores,centers
0,0.998077392578125,[87.63999939 25.82999992  7.68999863]
1,0.9984777569770813,[57.63999939 27.82999992 31.68999863]
