,scores,centers
0,0.9984404444694519,[92.52499962 61.8730011  27.06499958]
1,0.996612012386322,[42.52499962 73.8730011  35.06499958]
