,scores,centers
0,0.9983684420585632,[41.421      11.25899887 62.13499832]
1,0.9981886744499207,[27.421       7.25899887 74.13499832]
2,0.9948994517326355,[ 29.421      -18.74100113  74.13499832]
3,0.9699031710624695,[25.421       1.25899887 54.13499832]
