,scores,centers
0,0.9992903470993042,[20.62199974 95.0759964  49.98600006]
1,0.9980617165565491,[26.62199974 79.0759964  39.98600006]
