,scores,centers
0,0.9987475872039795,[ 37.63199997  73.10300064 -18.35300064]
1,0.9202486872673035,[ 53.63199997  61.10300064 -22.35300064]
2,0.9710447788238525,[ 59.63199997  73.10300064 -14.35300064]
