,scores,centers
0,0.9994294047355652,[46.45199966 46.61900043 10.97200012]
1,0.9960241317749023,[66.45199966 36.61900043  8.97200012]
