,scores,centers
0,0.9989118576049805,[ 4.31200027  0.6989994  12.2489996 ]
1,0.5114561319351196,[12.31200027 -3.3010006  28.2489996 ]
2,0.5952872633934021,[14.31200027 10.6989994  24.2489996 ]
