,scores,centers
0,0.9988906979560852,[10.64400101 17.50099993  8.56900024]
1,0.998782217502594,[10.64400101 17.50099993 10.56900024]
2,0.9294419884681702,[14.64400101 25.50099993 20.56900024]
3,0.4069124758243561,[ 4.64400101 29.50099993 -7.43099976]
