,scores,centers
0,0.999148964881897,[-7.44100189 19.0539999  28.28900003]
1,0.9992048144340515,[-9.44100189 17.0539999  28.28900003]
2,0.8606725931167603,[-3.44100189 19.0539999  50.28900003]
3,0.6433458924293518,[-1.44100189 27.0539999  44.28900003]
