,scores,centers
0,0.9981278777122498,[2.48699951 8.73399925 5.45499992]
