,scores,centers
0,0.9995999932289124,[ 23.13299942   7.00099945 -15.66400146]
1,0.9973315000534058,[-8.86700058 19.00099945 -9.66400146]
2,0.9938686490058899,[ -8.86700058 -16.99900055 -33.66400146]
