,scores,centers
0,0.9990332126617432,[ 32.85899925 -22.9679985   16.93299866]
