,scores,centers
0,0.9969822764396667,[72.65999985 34.01300049 20.76900005]
1,0.995711088180542,[56.65999985 42.01300049 18.76900005]
