,scores,centers
0,0.9981006979942322,[ 8.51799965 58.43599987 85.18500137]
1,0.9911780953407288,[ 2.51799965 88.43599987 89.18500137]
2,0.9906630516052246,[ 4.51799965 42.43599987 89.18500137]
