,scores,centers
0,0.9997425675392151,[18.83899975 31.78299999 17.69200134]
1,0.9657562375068665,[26.83899975 31.78299999  5.69200134]
2,0.8238374590873718,[14.83899975  9.78299999 13.69200134]
3,0.9777106642723083,[32.83899975 31.78299999 25.69200134]
4,0.8900598883628845,[12.83899975 21.78299999  5.69200134]
