,scores,centers
0,0.9989514350891113,[34.72700024 71.37699986  4.44100189]
1,0.9985896944999695,[16.72700024 33.37699986 20.44100189]
