,scores,centers
0,0.9994747042655945,[-2.91400146  3.36400032 55.02799988]
1,0.9984355568885803,[15.08599854 13.36400032 55.02799988]
2,0.9538216590881348,[-14.91400146  -0.63599968  41.02799988]
3,0.8485444784164429,[-12.91400146  17.36400032  41.02799988]
4,0.9584890604019165,[13.08599854 -4.63599968 49.02799988]
