,scores,centers
0,0.999471127986908,[ 0.42599869 -8.48799896  9.29299927]
1,0.9984647035598755,[-7.57400131  1.51200104 13.29299927]
2,0.9110645055770874,[ 6.42599869 21.51200104 25.29299927]
3,0.6460293531417847,[ 6.42599869 15.51200104 13.29299927]
