,scores,centers
0,0.9986364245414734,[20.1269989  18.58499908 61.60400009]
1,0.9989205598831177,[18.1269989  18.58499908 61.60400009]
2,0.9972319006919861,[48.1269989  46.58499908 41.60400009]
