,scores,centers
0,0.9989585876464844,[20.1760006  52.56200027 47.30599976]
