,scores,centers
0,0.9997637867927551,[18.14599991 36.51199913 24.49800014]
1,0.999546229839325,[18.14599991 38.51199913 20.49800014]
