,scores,centers
0,0.999338686466217,[ 9.47100067 23.54199982 17.77400208]
1,0.9992269277572632,[ 9.47100067  9.54199982 39.77400208]
2,0.9989583492279053,[ 9.47100067 41.54199982 -4.22599792]
