,scores,centers
0,0.9985550045967102,[ 14.77799988  44.33600044 -11.33399963]
1,0.9904381632804871,[10.77799988 50.33600044  6.66600037]
2,0.6278806328773499,[ 6.77799988 34.33600044  0.66600037]
