,scores,centers
0,0.9993322491645813,[35.49699974 -5.09500122  9.24399948]
1,0.9987391829490662,[ 7.49699974 48.90499878 15.24399948]
2,0.9975247979164124,[23.49699974 22.90499878  7.24399948]
