,scores,centers
0,0.9939318895339966,[ 77.1570015  -31.16799927 102.56299973]
1,0.9826105237007141,[ 71.1570015  -29.16799927 132.56299973]
2,0.9864830374717712,[ 83.1570015  -25.16799927  76.56299973]
