,scores,centers
0,0.9998348951339722,[32.33400011 96.86000061 10.58800125]
1,0.9994556307792664,[28.33400011 96.86000061 10.58800125]
2,0.9978183507919312,[ 38.33400011 114.86000061   4.58800125]
3,0.9893546104431152,[ 24.33400011 110.86000061   8.58800125]
4,0.967191755771637,[ 20.33400011 120.86000061  16.58800125]
