,scores,centers
0,0.9994832277297974,[15.06999969 79.11000061 25.80000019]
1,0.9906362891197205,[ 5.06999969 69.11000061 33.80000019]
2,0.9611036777496338,[-6.93000031 65.11000061 13.80000019]
3,0.8580574989318848,[-6.93000031 79.11000061 17.80000019]
