,scores,centers
0,0.9997206330299377,[16.22000122 -3.38999939 28.26199913]
1,0.9996473789215088,[28.22000122 42.61000061  2.26199913]
2,0.9809049367904663,[-1.77999878 10.61000061 38.26199913]
3,0.9839556813240051,[ 8.22000122 38.61000061 10.26199913]
