,scores,centers
0,0.9989763498306274,[60.38100052 64.02899933 37.76900005]
1,0.9504110217094421,[68.38100052 62.02899933 51.76900005]
2,0.9834325909614563,[78.38100052 56.02899933 45.76900005]
