,scores,centers
0,0.9991293549537659,[30.39900017  2.56900024 51.01900005]
