,scores,centers
0,0.9991889595985413,[24.0739994  38.60700035 84.49100113]
1,0.9835190176963806,[14.0739994  50.60700035 88.49100113]
2,0.9205905795097351,[34.0739994  50.60700035 68.49100113]
3,0.46007972955703735,[20.0739994  42.60700035 66.49100113]
