,scores,centers
0,0.9942072629928589,[-19.93799973  36.89799976  45.13500023]
1,0.8247541785240173,[-27.93799973  26.89799976  47.13500023]
2,0.846202552318573,[-7.93799973 38.89799976 31.13500023]
3,0.8685934543609619,[-15.93799973  28.89799976  33.13500023]
4,0.4126737713813782,[ 2.06200027 32.89799976 33.13500023]
