,scores,centers
0,0.9908207058906555,[20.00699997 35.85900021 19.29599953]
1,0.9725861549377441,[18.00699997 37.85900021 19.29599953]
2,0.9843345284461975,[ 4.00699997 19.85900021 33.29599953]
3,0.8326711654663086,[34.00699997 41.85900021 17.29599953]
