,scores,centers
0,0.9993656277656555,[13.68599987 72.07400131 60.74799919]
1,0.9978682994842529,[23.68599987 56.07400131 68.74799919]
2,0.8287973999977112,[27.68599987 74.07400131 40.74799919]
3,0.8808679580688477,[13.68599987 74.07400131 82.74799919]
4,0.702765703201294,[15.68599987 84.07400131 68.74799919]
