,scores,centers
0,0.9995890259742737,[53.58099937 24.2859993  38.75600052]
1,0.9992226362228394,[51.58099937 20.2859993   2.75600052]
