,scores,centers
0,0.9988049268722534,[ 8.71899986 34.375      23.63800049]
1,0.9910592436790466,[26.71899986 12.375       9.63800049]
2,0.8648627996444702,[-1.28100014 24.375      11.63800049]
3,0.8763253092765808,[34.71899986 30.375      29.63800049]
