,scores,centers
0,0.9992770552635193,[ 23.69200039 -28.27700043  54.5189991 ]
