,scores,centers
0,0.9973219037055969,[ 62.80699921 -30.19499969 100.22499847]
1,0.9985008239746094,[ 46.80699921 -14.19499969  86.22499847]
