,scores,centers
0,0.998424768447876,[43.93599987 16.41100025 37.80500031]
1,0.996440589427948,[37.93599987 26.41100025 21.80500031]
2,0.9618464112281799,[49.93599987 28.41100025 39.80500031]
3,0.8979106545448303,[27.93599987 40.41100025 35.80500031]
4,0.4734620749950409,[51.93599987 32.41100025 27.80500031]
