,scores,centers
0,0.9995729327201843,[16.16899967 17.78499985  6.40999985]
1,0.9994105100631714,[16.16899967 15.78499985  4.40999985]
