,scores,centers
0,0.9994088411331177,[48.17499924 46.62300014 10.81800079]
1,0.9979405999183655,[66.17499924 34.62300014 12.81800079]
2,0.549191951751709,[76.17499924 50.62300014  2.81800079]
