,scores,centers
0,0.9963576197624207,[-9.1590004  39.32800007 16.63899994]
1,0.9875345230102539,[10.8409996  33.32800007 10.63899994]
2,0.9940986633300781,[32.8409996  21.32800007 -9.36100006]
