,scores,centers
0,0.9993675351142883,[-10.81500244  -6.69300079   7.75499725]
1,0.9991610050201416,[27.18499756 11.30699921 27.75499725]
2,0.998755931854248,[5.18499756 1.30699921 7.75499725]
