,scores,centers
0,0.9993554949760437,[25.94700003  7.42000008 15.56399918]
1,0.9877579212188721,[31.94700003 -0.57999992 27.56399918]
2,0.9875983595848083,[13.94700003 -8.57999992 33.56399918]
3,0.9900268316268921,[39.94700003 -4.57999992  9.56399918]
