,scores,centers
0,0.9990503191947937,[15.30200005  9.48600006 79.77700043]
1,0.9986579418182373,[23.30200005 -8.51399994 53.77700043]
2,0.9954710006713867,[37.30200005  7.48600006 47.77700043]
