,scores,centers
0,0.9994263648986816,[-9.4090004  16.83699989 28.94299984]
1,0.66322261095047,[-7.4090004  14.83699989 38.94299984]
2,0.7663483619689941,[-5.4090004  18.83699989 36.94299984]
