,scores,centers
0,0.9989140033721924,[ 11.59600067   1.06700134 -10.13199997]
1,0.5607371926307678,[21.59600067  3.06700134 11.86800003]
