,scores,centers
0,0.9927627444267273,[25.44200039 13.99399948 18.07099915]
1,0.9953756332397461,[51.44200039  9.99399948 16.07099915]
2,0.8906905055046082,[35.44200039  1.99399948  6.07099915]
3,0.5607929825782776,[37.44200039 31.99399948  8.07099915]
