,scores,centers
0,0.9981368780136108,[41.10299969 11.33799934 35.47299957]
1,0.9991711378097534,[27.10299969 23.33799934 35.47299957]
2,0.9983530044555664,[55.10299969 49.33799934 29.47299957]
