,scores,centers
0,0.8782083988189697,[2.67099953 4.16900063 0.15600014]
1,0.42251718044281006,[16.67099953  0.16900063 -1.84399986]
2,0.4105983376502991,[12.67099953  2.16900063  0.15600014]
3,0.5249274969100952,[-9.32900047 -3.83099937 -1.84399986]
