,scores,centers
0,0.998913049697876,[7.71300125 2.92300034 8.73500061]
1,0.9994489550590515,[ 31.71300125 -13.07699966  18.73500061]
2,0.9952871799468994,[33.71300125  6.92300034 34.73500061]
