,scores,centers
0,0.9985817670822144,[29.85700035 11.17000008 43.75099945]
1,0.9895232319831848,[21.85700035 27.17000008 49.75099945]
2,0.964361310005188,[17.85700035 33.17000008 37.75099945]
