,scores,centers
0,0.9994500279426575,[21.03200006 11.50300026 33.44900036]
1,0.9879010915756226,[29.03200006 23.50300026 31.44900036]
2,0.9612167477607727,[37.03200006 21.50300026 43.44900036]
3,0.6959927082061768,[17.03200006 15.50300026 43.44900036]
