,scores,centers
0,0.9995751976966858,[14.78499985 28.97900009 13.73799896]
1,0.9952467083930969,[30.78499985 16.97900009  1.73799896]
2,0.9796943068504333,[36.78499985 42.97900009  5.73799896]
