,scores,centers
0,0.996334433555603,[  9.02199936   4.38700104 -23.54399872]
1,0.9939669370651245,[  1.02199936 -17.61299896 -11.54399872]
2,0.9628142714500427,[-10.97800064  -5.61299896 -37.54399872]
3,0.9671823978424072,[ -6.97800064  12.38700104 -25.54399872]
