,scores,centers
0,0.9993264675140381,[ 17.94599915 -11.41400146 -18.98200226]
1,0.7964679002761841,[ -4.05400085 -17.41400146 -12.98200226]
2,0.9020178318023682,[ 13.94599915 -19.41400146 -14.98200226]
