,scores,centers
0,0.999646782875061,[ 1.09000015 37.11599922 32.56200027]
1,0.9940301179885864,[  7.09000015  13.11599922 -11.43799973]
