,scores,centers
0,0.9990562796592712,[  1.79000092 -17.10400009 -13.17900085]
1,0.9822574257850647,[ 27.79000092   8.89599991 -15.17900085]
2,0.9894278645515442,[21.79000092  0.89599991 16.82099915]
