,scores,centers
0,0.9994814991950989,[13.04500008 -8.15200043 21.18700027]
