,scores,centers
0,0.9993292093276978,[-29.32899857  31.09300041  24.22299957]
1,0.9986923336982727,[-23.32899857  25.09300041   8.22299957]
