,scores,centers
0,0.9985042810440063,[ 6.95100021 42.56399918  9.97800064]
1,0.998281717300415,[16.95100021 60.56399918 23.97800064]
2,0.9829477667808533,[20.95100021 58.56399918  1.97800064]
3,0.7309456467628479,[14.95100021 42.56399918 23.97800064]
