,scores,centers
0,0.9993473887443542,[27.4119997  14.91199875 50.04599953]
1,0.9965097308158875,[37.4119997  18.91199875 34.04599953]
2,0.9982319474220276,[53.4119997   4.91199875 44.04599953]
3,0.9533469080924988,[29.4119997  12.91199875 72.04599953]
