,scores,centers
0,0.9989978671073914,[63.18999863 22.6989994  14.30200005]
