,scores,centers
0,0.9997429251670837,[-1.93500137 -0.77999878  4.61500168]
