,scores,centers
0,0.9985544085502625,[ 9.86800003 32.17500019 20.65999985]
1,0.9971796274185181,[ 1.86800003 22.17500019 24.65999985]
2,0.8069697022438049,[ 9.86800003 16.17500019 18.65999985]
3,0.6528618931770325,[-4.13199997 28.17500019  8.65999985]
