,scores,centers
0,0.9996259212493896,[17.9289999  32.83500004 41.14299965]
1,0.9759983420372009,[ 7.9289999  44.83500004 49.14299965]
