,scores,centers
0,0.9995525479316711,[41.02499962 40.6779995  52.70199966]
1,0.9944838881492615,[43.02499962 60.6779995  36.70199966]
2,0.9980481863021851,[25.02499962 48.6779995  40.70199966]
