,scores,centers
0,0.9984866380691528,[25.20100021 14.61499977  6.88299942]
1,0.9972829818725586,[21.20100021  0.61499977 12.88299942]
