,scores,centers
0,0.9983510971069336,[27.5340004   6.38000107 12.79399967]
1,0.7866318821907043,[ 9.5340004  20.38000107 18.79399967]
