,scores,centers
0,0.9989981055259705,[ -3.81999969 -46.92099762  60.01100159]
1,0.8873898386955261,[ 14.18000031 -56.92099762  62.01100159]
2,0.8729368448257446,[  0.18000031 -26.92099762  46.01100159]
3,0.6894314289093018,[  8.18000031 -42.92099762  44.01100159]
4,0.4042741656303406,[ 22.18000031 -50.92099762  54.01100159]
5,0.663123607635498,[ -5.81999969 -52.92099762  56.01100159]
