,scores,centers
0,0.9992044568061829,[ 37.37599945 -32.90599823   3.65699959]
1,0.9997097849845886,[ -0.62400055 -32.90599823  27.65699959]
2,0.9988920092582703,[35.37599945  1.09400177  1.65699959]
