,scores,centers
0,0.9992321729660034,[-7.30699921 21.43200016 16.98399925]
1,0.996123731136322,[-31.30699921  25.43200016  12.98399925]
2,0.8528191447257996,[-19.30699921  23.43200016   2.98399925]
