,scores,centers
0,0.9988487958908081,[ 51.03100014 -17.66199875  35.50300026]
1,0.960379421710968,[ 51.03100014 -23.66199875  17.50300026]
