,scores,centers
0,0.9993539452552795,[ 52.87900162  51.99399948 145.57499695]
