,scores,centers
0,0.9989460110664368,[62.52300072 75.57699966 42.51099968]
1,0.9994760155677795,[42.52300072 85.57699966 46.51099968]
