,scores,centers
0,0.937330961227417,[84.56900024 68.6230011  52.7120018 ]
1,0.9686012864112854,[98.56900024 78.6230011  64.7120018 ]
2,0.5357171297073364,[86.56900024 60.6230011  66.7120018 ]
3,0.806432843208313,[86.56900024 86.6230011  52.7120018 ]
