,scores,centers
0,0.9998119473457336,[18.01900005 27.14000034 31.50399971]
1,0.6512138247489929,[28.01900005 37.14000034 23.50399971]
