,scores,centers
0,0.9985610842704773,[ 2.41899872 13.92100143 65.27600098]
1,0.998343825340271,[ 10.41899872 -20.07899857  83.27600098]
