,scores,centers
0,0.9993870258331299,[31.23399925 25.33600044 34.11000061]
