,scores,centers
0,0.9975817203521729,[-1.71500015 40.21399975 35.16399956]
1,0.9903229475021362,[12.28499985 28.21399975 37.16399956]
