,scores,centers
0,0.9987026453018188,[79.0890007  42.03800011 50.89699936]
1,0.9907241463661194,[87.0890007  54.03800011 56.89699936]
2,0.9221326112747192,[101.0890007   36.03800011  62.89699936]
3,0.8816381692886353,[93.0890007  40.03800011 68.89699936]
