,scores,centers
0,0.9971557855606079,[12.63599968 10.64500046 -5.8390007 ]
1,0.9973143935203552,[12.63599968  8.64500046 -5.8390007 ]
