,scores,centers
0,0.9991099238395691,[ 1.81999969 15.17000008 16.62699986]
1,0.9991787075996399,[ 1.81999969 15.17000008 18.62699986]
2,0.9727266430854797,[ 3.81999969 21.17000008 32.62699986]
