,scores,centers
0,0.9986968636512756,[12.90099907 15.67099953 -5.17499924]
1,0.9980960488319397,[ 6.90099907 27.67099953 16.82500076]
2,0.9869338274002075,[22.90099907 19.67099953 28.82500076]
3,0.8200497031211853,[ 6.90099907  5.67099953 22.82500076]
