,scores,centers
0,0.99625563621521,[47.56699944 77.23799896 20.296     ]
1,0.9971108436584473,[49.56699944 81.23799896 10.296     ]
2,0.979050874710083,[59.56699944 77.23799896 30.296     ]
3,0.9316666126251221,[47.56699944 75.23799896 36.296     ]
4,0.434753954410553,[51.56699944 87.23799896 28.296     ]
