,scores,centers
0,0.998868465423584,[ 8.95899963 49.27499962  6.91800022]
1,0.9988000392913818,[-9.04100037 51.27499962 36.91800022]
