,scores,centers
0,0.9989359974861145,[51.79299927 14.6629982  60.50699997]
1,0.9989857077598572,[ 45.79299927 -17.3370018   50.50699997]
2,0.5008063912391663,[27.79299927 24.6629982  72.50699997]
