,scores,centers
0,0.9998468160629272,[42.41300011 13.89900208 42.1590004 ]
1,0.9998528957366943,[ 20.41300011  75.89900208 108.1590004 ]
