,scores,centers
0,0.9929854273796082,[11.31399918 10.34900093  3.8239994 ]
1,0.9592536687850952,[19.31399918 -5.65099907  9.8239994 ]
2,0.9228092432022095,[25.31399918 -1.65099907 15.8239994 ]
