,scores,centers
0,0.9854738712310791,[ -6.625       26.375      -17.83799744]
1,0.9925761222839355,[ 9.375      18.375       2.16200256]
2,0.9232816100120544,[ 3.375      36.375      10.16200256]
3,0.8996069431304932,[ 5.375      36.375       2.16200256]
4,0.6783584356307983,[  1.375       28.375      -15.83799744]
