,scores,centers
0,0.9989895224571228,[12.15499878 37.7670002  21.33300018]
1,0.9970834851264954,[16.15499878 13.7670002  13.33300018]
2,0.9994699358940125,[32.15499878 -4.2329998   3.33300018]
