,scores,centers
0,0.9992734789848328,[-8.80199814 16.21099997 27.28100014]
1,0.8867831826210022,[-2.80199814 24.21099997 45.28100014]
2,0.5904796719551086,[-14.80199814  12.21099997   7.28100014]
