,scores,centers
0,0.9990876913070679,[  1.80500031 -19.48300171 -13.10100174]
1,0.997815728187561,[15.80500031 -7.48300171  4.89899826]
2,0.8611789345741272,[11.80500031 20.51699829  0.89899826]
