,scores,centers
0,0.995337724685669,[28.03299999 17.12699986 13.91899967]
1,0.9854816198348999,[32.03299999 23.12699986 21.91899967]
2,0.529644787311554,[14.03299999 27.12699986 21.91899967]
