,scores,centers
0,0.9995644688606262,[24.5         1.06200027 46.69200039]
1,0.9982131719589233,[ 4.5        -0.93799973 36.69200039]
2,0.9929946064949036,[12.5        -4.93799973 68.69200039]
3,0.9600874781608582,[ 2.5        -0.93799973 60.69200039]
