,scores,centers
0,0.9982883334159851,[137.41799927 120.39399719   0.36599731]
1,0.9915429353713989,[153.41799927 132.39399719 -33.63400269]
2,0.9938777089118958,[149.41799927 136.39399719 -11.63400269]
3,0.5845375061035156,[145.41799927 150.39399719 -63.63400269]
