,scores,centers
0,0.9952200055122375,[16.3730011  27.58199978  5.23500061]
1,0.9877239465713501,[ 14.3730011   11.58199978 -12.76499939]
2,0.9705407619476318,[24.3730011  41.58199978  9.23500061]
3,0.7928491234779358,[ 8.3730011  41.58199978  1.23500061]
4,0.4877650737762451,[18.3730011  33.58199978 21.23500061]
