,scores,centers
0,0.9995669722557068,[13.80500031 68.95899963 13.61999893]
1,0.9974822402000427,[ 7.80500031 34.95899963 29.61999893]
2,0.9969785213470459,[33.80500031 48.95899963 15.61999893]
