,scores,centers
0,0.9991962313652039,[-3.92300034 -8.85900116 22.45000076]
1,0.9995113611221313,[ 6.07699966  1.14099884 -5.54999924]
