,scores,centers
0,0.9993615746498108,[17.05799866 17.00199986 23.26099968]
1,0.9884477257728577,[29.05799866 33.00199986 25.26099968]
2,0.9886088371276855,[ 9.05799866 25.00199986  7.26099968]
