,scores,centers
0,0.9992328882217407,[23.14999962 17.12899971 14.06900024]
