,scores,centers
0,0.9986403584480286,[-4.30999756  4.36599922 13.25699997]
1,0.9979856014251709,[ 3.69000244 -5.63400078  7.25699997]
2,0.9769813418388367,[-16.30999756  -9.63400078  31.25699997]
3,0.8537829518318176,[-12.30999756   6.36599922  29.25699997]
