,scores,centers
0,0.9989352822303772,[34.68000031 30.23400021 43.97299957]
1,0.9976305961608887,[44.68000031 48.23400021 49.97299957]
2,0.9802762269973755,[24.68000031 56.23400021 57.97299957]
3,0.9610176682472229,[48.68000031 24.23400021 51.97299957]
4,0.5849601626396179,[44.68000031 44.23400021 29.97299957]
