,scores,centers
0,0.9985150694847107,[ 36.93700027 -24.90100098 -19.07300186]
1,0.9975172281265259,[ 10.93700027 -16.90100098 -33.07300186]
2,0.964227557182312,[ 34.93700027 -14.90100098 -35.07300186]
3,0.9093793630599976,[ 32.93700027 -36.90100098 -25.07300186]
4,0.9437071084976196,[ 20.93700027 -14.90100098 -11.07300186]
