,scores,centers
0,0.9994345307350159,[17.80000019 59.39099884 24.28499985]
1,0.9991356730461121,[17.80000019 67.39099884 44.28499985]
