,scores,centers
0,0.9997088313102722,[12.94000244 25.78899956 -1.8010025 ]
