,scores,centers
0,0.9996265172958374,[18.15100098  9.83200073  7.8730011 ]
1,0.9947611689567566,[4.15100098 3.83200073 5.8730011 ]
