,scores,centers
0,0.9990910291671753,[28.7159996   1.43400002 51.1239996 ]
