,scores,centers
0,0.9994611144065857,[18.09200001  5.23999977 -5.93700027]
1,0.9895074963569641,[28.09200001 13.23999977  4.06299973]
2,0.9655099511146545,[12.09200001 21.23999977 12.06299973]
