,scores,centers
0,0.9995554089546204,[16.72700119 40.79999924 32.67499924]
1,0.9976970553398132,[26.72700119 44.79999924 -1.32500076]
