,scores,centers
0,0.9993669390678406,[-1.84600067  5.2310009  49.5529995 ]
1,0.9955312609672546,[14.15399933 -2.7689991  57.5529995 ]
2,0.9858112335205078,[18.15399933  7.2310009  47.5529995 ]
