,scores,centers
0,0.9984214305877686,[16.17399979 35.36800003 55.79899979]
1,0.9955827593803406,[ 6.17399979 43.36800003 55.79899979]
2,0.9783209562301636,[22.17399979 27.36800003 39.79899979]
3,0.452668696641922,[ 8.17399979 71.36800003 29.79899979]
