,scores,centers
0,0.9983566403388977,[-4.29100037  4.27099991 14.94599915]
1,0.9979427456855774,[ 5.70899963 -5.72900009  6.94599915]
2,0.957933247089386,[ 3.70899963 -1.72900009 22.94599915]
3,0.8682894110679626,[-12.29100037   6.27099991  28.94599915]
4,0.9408708810806274,[-16.29100037  -9.72900009  30.94599915]
5,0.5199119448661804,[-20.29100037  -3.72900009   8.94599915]
