,scores,centers
0,0.9991974234580994,[79.21900177  8.47500038 19.73799896]
1,0.9990529417991638,[93.21900177  8.47500038 45.73799896]
2,0.998977541923523,[65.21900177 14.47500038 -2.26200104]
