,scores,centers
0,0.9991670846939087,[75.22200012 40.11100006 24.18400002]
1,0.9978933930397034,[57.22200012 34.11100006 20.18400002]
