,scores,centers
0,0.9992465972900391,[43.4989996  79.16199875  9.04599953]
1,0.9990215301513672,[69.4989996  95.16199875 37.04599953]
