,scores,centers
0,0.9984643459320068,[15.56399918  4.18000031 30.9810009 ]
1,0.998909592628479,[ 7.56399918 -5.81999969  0.9810009 ]
2,0.9801551699638367,[ 31.56399918 -11.81999969   6.9810009 ]
3,0.9843628406524658,[-6.43600082 -5.81999969 34.9810009 ]
