,scores,centers
0,0.9983931183815002,[53.72500038  0.99099922 36.15999985]
1,0.9815071821212769,[47.72500038 -1.00900078 28.15999985]
2,0.7010864019393921,[61.72500038 10.99099922 38.15999985]
3,0.5152570605278015,[45.72500038 18.99099922 22.15999985]
