,scores,centers
0,0.9995139837265015,[43.96099997 37.61199951 22.21199989]
1,0.9993172883987427,[15.96099997 17.61199951 32.21199989]
2,0.9945173859596252,[39.96099997 17.61199951 20.21199989]
3,0.989556610584259,[21.96099997 27.61199951 16.21199989]
