,scores,centers
0,0.9991865754127502,[22.75199986 66.45300007 41.14400005]
1,0.9969013929367065,[54.75199986 44.45300007 47.14400005]
2,0.9948186278343201,[46.75199986 20.45300007 55.14400005]
