,scores,centers
0,0.9991432428359985,[23.02999973 18.07399988  5.25900078]
1,0.9604673981666565,[39.02999973 16.07399988 13.25900078]
