,scores,centers
0,0.9904914498329163,[16.18299866  9.30699921 20.85999966]
1,0.9956515431404114,[ 6.18299866 11.30699921 38.85999966]
2,0.9682192206382751,[ 2.18299866  3.30699921 22.85999966]
3,0.9747610092163086,[ 0.18299866 -6.69300079 34.85999966]
4,0.6599127054214478,[14.18299866 -0.69300079 32.85999966]
