,scores,centers
0,0.9988104104995728,[35.02099991 -4.00999832 -2.2140007 ]
1,0.9928550124168396,[ 75.02099991 -12.00999832  11.7859993 ]
2,0.9683236479759216,[71.02099991 -6.00999832 29.7859993 ]
