,scores,centers
0,0.9993641972541809,[-34.1780014  -57.2539978  -17.70999908]
1,0.9988192915916443,[-22.1780014  -71.2539978    2.29000092]
2,0.9978638291358948,[-24.1780014  -59.2539978  -45.70999908]
3,0.873252809047699,[-26.1780014  -79.2539978  -43.70999908]
