,scores,centers
0,0.9997043013572693,[10.12400055 15.49399948 40.28899956]
1,0.9727963805198669,[24.12400055 11.49399948 46.28899956]
2,0.8238627910614014,[20.12400055  9.49399948 20.28899956]
3,0.9882367253303528,[ 6.12400055 -0.50600052 44.28899956]
4,0.6511165499687195,[-9.87599945 21.49399948 44.28899956]
