,scores,centers
0,0.9956504702568054,[ 58.73799896  34.01799965 -16.77899933]
1,0.6664963960647583,[52.73799896 38.01799965 -0.77899933]
2,0.7152708172798157,[60.73799896 40.01799965 -2.77899933]
