,scores,centers
0,0.998831570148468,[40.60000038 36.94400024 31.81500006]
1,0.9759330153465271,[24.60000038 42.94400024 21.81500006]
2,0.9760988354682922,[30.60000038 26.94400024 11.81500006]
3,0.9954321384429932,[32.60000038 26.94400024 41.81500006]
