,scores,centers
0,0.9965121150016785,[ 12.58500004  47.90500069 128.93199921]
1,0.9618093967437744,[ 14.58500004  57.90500069 110.93199921]
2,0.885367751121521,[  8.58500004  67.90500069 120.93199921]
3,0.6678280234336853,[ 28.58500004  61.90500069 114.93199921]
