,scores,centers
0,0.9990270137786865,[ 3.66699982 20.6260004  50.02199936]
1,0.9978177547454834,[ 3.66699982 46.6260004  50.02199936]
2,0.9940868616104126,[17.66699982 38.6260004  60.02199936]
