,scores,centers
0,0.99962317943573,[17.40499878 29.78700066  2.4640007 ]
1,0.9990687966346741,[13.40499878 35.78700066 12.4640007 ]
2,0.9323686957359314,[ 5.40499878  5.78700066 -9.5359993 ]
3,0.8965783715248108,[29.40499878 45.78700066 12.4640007 ]
