,scores,centers
0,0.9989639520645142,[ 65.92100143  54.88800049 -11.33800125]
1,0.9961276650428772,[ 91.92100143  56.88800049 -29.33800125]
