,scores,centers
0,0.9991740584373474,[ 4.23200035 20.50300026 49.82600021]
1,0.9983811378479004,[ 6.23200035 50.50300026 47.82600021]
