,scores,centers
0,0.999691367149353,[ -3.46199989  50.23800087 164.97399902]
