,scores,centers
0,0.9994217157363892,[11.87800026  1.11700058 -9.76099968]
1,0.785740077495575,[19.87800026  3.11700058 12.23900032]
