,scores,centers
0,0.998282790184021,[ 8.10200024  9.22100067 38.38400078]
1,0.9986270666122437,[18.10200024  1.22100067 44.38400078]
2,0.6803988218307495,[24.10200024 15.22100067 46.38400078]
