,scores,centers
0,0.9991506338119507,[29.29899979 38.17200089 27.38500023]
1,0.9995096921920776,[15.29899979 50.17200089 25.38500023]
2,0.9994943141937256,[43.29899979 22.17200089 21.38500023]
