,scores,centers
0,0.9980169534683228,[ 54.7179985   81.67399979 186.15100098]
1,0.9976598024368286,[ 62.7179985   73.67399979 194.15100098]
2,0.9692438840866089,[ 60.7179985  101.67399979 180.15100098]
