,scores,centers
0,0.9981204867362976,[ 9.23400021  5.98400116 21.86999989]
1,0.9819504022598267,[ 7.23400021 23.98400116 27.86999989]
2,0.9846723675727844,[21.23400021 15.98400116 35.86999989]
