,scores,centers
0,0.9969717264175415,[28.20300007 17.03499985 13.63800001]
1,0.9871453046798706,[32.20300007 23.03499985 21.63800001]
2,0.77701735496521,[14.20300007 25.03499985 21.63800001]
