,scores,centers
0,0.999340832233429,[24.37699986  0.56699944 12.38199997]
1,0.9993809461593628,[54.37699986 36.56699944 28.38199997]
2,0.9963405728340149,[42.37699986 16.56699944 20.38199997]
