,scores,centers
0,0.9956432580947876,[ 8.5530014   2.98800087 23.83199978]
1,0.9868239164352417,[  0.5530014  -11.01199913  13.83199978]
2,0.9832963347434998,[26.5530014  10.98800087 17.83199978]
3,0.8201972842216492,[30.5530014  -3.01199913 17.83199978]
4,0.6474149227142334,[30.5530014   2.98800087  9.83199978]
5,0.5847721099853516,[6.5530014  4.98800087 5.83199978]
