,scores,centers
0,0.9973143935203552,[27.60000038 33.54100037 24.88199997]
1,0.9957594275474548,[27.60000038 15.54100037 50.88199997]
2,0.9933270215988159,[29.60000038  9.54100037 40.88199997]
3,0.8841928243637085,[25.60000038  3.54100037 54.88199997]
