,scores,centers
0,0.9981564879417419,[ 9.05200005 16.60400009 66.01599884]
1,0.9994024038314819,[25.05200005 26.60400009 70.01599884]
2,0.9992764592170715,[ 1.05200005  0.60400009 56.01599884]
