,scores,centers
0,0.999099850654602,[  4.1970005   -6.84400177 -18.23799896]
1,0.9987534284591675,[ 10.1970005    1.15599823 -50.23799896]
