,scores,centers
0,0.9995705485343933,[13.23999977 78.99000168 24.34700012]
1,0.9937984347343445,[ 5.23999977 68.99000168 34.34700012]
2,0.9637690186500549,[-4.76000023 64.99000168 12.34700012]
3,0.7056258916854858,[-2.76000023 76.99000168 12.34700012]
