,scores,centers
0,0.9965121150016785,[16.07600021  8.45400047  0.6780014 ]
1,0.9205531477928162,[ 6.07600021 16.45400047 10.6780014 ]
2,0.5236045718193054,[20.07600021 12.45400047  2.6780014 ]
