,scores,centers
0,0.999040424823761,[-7.66600037 50.98400021 31.32499981]
