,scores,centers
0,0.999439537525177,[17.04899979 40.67900085 33.22299957]
1,0.9979605674743652,[27.04899979 44.67900085 -0.77700043]
