,scores,centers
0,0.9995293617248535,[43.89400005 37.24100018 22.20599985]
1,0.9993792772293091,[15.89400005 17.24100018 32.20599985]
2,0.9929386973381042,[37.89400005 17.24100018 20.20599985]
3,0.9813184142112732,[19.89400005 41.24100018 32.20599985]
