,scores,centers
0,0.997359573841095,[38.03300095 30.90600014 17.0719986 ]
1,0.9929063320159912,[18.03300095 48.90600014 13.0719986 ]
2,0.9917548894882202,[20.03300095 24.90600014 17.0719986 ]
