,scores,centers
0,0.9995396137237549,[18.59500122 67.42299986 22.93299866]
1,0.9988178610801697,[32.59500122 33.42299986  6.93299866]
