,scores,centers
0,0.999133288860321,[21.81700134 26.6789999  22.10000038]
1,0.9964332580566406,[37.81700134 36.6789999  32.10000038]
2,0.9985343217849731,[25.81700134 32.6789999  56.10000038]
