,scores,centers
0,0.9978153705596924,[42.05999947 23.17300034 13.16600037]
1,0.9893549680709839,[54.05999947  9.17300034 23.16600037]
