,scores,centers
0,0.9984176158905029,[ -8.03300095  72.68299866 -16.7840004 ]
1,0.990982711315155,[-30.03300095  72.68299866 -28.7840004 ]
2,0.9605205059051514,[-14.03300095  54.68299866 -28.7840004 ]
