,scores,centers
0,0.9964780211448669,[22.86600018 43.69799995 -5.1989994 ]
1,0.9874274730682373,[20.86600018 45.69799995 -3.1989994 ]
