,scores,centers
0,0.999081015586853,[-5.15200043 10.20100021 31.72300005]
1,0.9989527463912964,[ 4.84799957 -1.79899979 45.72300005]
2,0.9962528944015503,[ 6.84799957 22.20100021 37.72300005]
