,scores,centers
0,0.9989204406738281,[17.29399872  5.80999947 15.27600098]
1,0.9977057576179504,[27.29399872 -4.19000053  7.27600098]
2,0.978218138217926,[13.29399872 -6.19000053 31.27600098]
