,scores,centers
0,0.9985344409942627,[20.01599979 16.87899971 10.22399998]
1,0.8164007067680359,[10.01599979 20.87899971  4.22399998]
