,scores,centers
0,0.9989314675331116,[38.85500002 23.43600082 -3.52099609]
