,scores,centers
0,0.9991647005081177,[30.4469986   2.55200005 51.        ]
