,scores,centers
0,0.9991815686225891,[ 5.95400238 75.60300064 40.97599792]
1,0.9991022348403931,[-10.04599762  71.60300064  66.97599792]
2,0.999286949634552,[-12.04599762  65.60300064  16.97599792]
