,scores,centers
0,0.9990302324295044,[29.40999985 22.99300003 27.06599998]
