,scores,centers
0,0.9989973902702332,[ 0.53499985 27.84500027 11.1609993 ]
1,0.9950957298278809,[18.53499985 27.84500027 11.1609993 ]
