,scores,centers
0,0.9962708950042725,[39.72000027 30.67300034 59.26599884]
1,0.9939826130867004,[45.72000027 38.67300034 51.26599884]
