,scores,centers
0,0.9987831711769104,[-2.77600098 18.06799984 51.78099823]
1,0.9938914775848389,[-12.77600098  16.06799984  73.78099823]
2,0.9952254295349121,[ 1.22399902 24.06799984 69.78099823]
