,scores,centers
0,0.9991087317466736,[77.63100052 14.9659996  46.38100004]
1,0.9948635697364807,[91.63100052 18.9659996  24.38100004]
2,0.9899235367774963,[61.63100052 38.9659996  60.38100004]
