,scores,centers
0,0.9988517761230469,[32.09300041 35.92300034 60.43300056]
1,0.9981786012649536,[24.09300041 41.92300034 92.43300056]
