,scores,centers
0,0.9928515553474426,[  4.0170002   -9.77299881 -11.14599991]
1,0.9896106719970703,[ 14.0170002  -19.77299881  -7.14599991]
2,0.7522809505462646,[ -3.9829998  -23.77299881 -25.14599991]
3,0.6682848930358887,[ -3.9829998   -9.77299881 -29.14599991]
4,0.6241025328636169,[ 14.0170002   -5.77299881 -27.14599991]
