,scores,centers
0,0.9992306232452393,[ 5.63899994  7.0510025  29.32699966]
1,0.9994070529937744,[ 9.63899994 -6.9489975   1.32699966]
2,0.9964913725852966,[ 29.63899994 -20.9489975   27.32699966]
