,scores,centers
0,0.9982030391693115,[71.42099953 13.74900055 46.42700005]
1,0.9990527033805847,[53.42099953 51.74900055 40.42700005]
