,scores,centers
0,0.9991306662559509,[14.11999989 48.20599937 15.6079998 ]
1,0.9992287158966064,[62.11999989 32.20599937 15.6079998 ]
2,0.9972633123397827,[38.11999989 38.20599937 27.6079998 ]
3,0.9777829051017761,[16.11999989 26.20599937 13.6079998 ]
