,scores,centers
0,0.9992017149925232,[-17.88199997  33.26900005   4.75900269]
1,0.8788949847221375,[ 0.11800003 35.26900005  6.75900269]
2,0.7141915559768677,[ 0.11800003 39.26900005  6.75900269]
