,scores,centers
0,0.9987738728523254,[  1.72900009   6.33699989 -28.73400116]
