,scores,centers
0,0.9990732669830322,[32.19999981 15.37699986 25.5909996 ]
1,0.9978793859481812,[58.19999981 21.37699986 15.5909996 ]
2,0.9976592063903809,[52.19999981 35.37699986 31.5909996 ]
