,scores,centers
0,0.9991993308067322,[36.22799969 50.76000023 26.91200066]
1,0.9984059929847717,[42.22799969 60.76000023 -5.08799934]
