,scores,centers
0,0.998955488204956,[44.59000015 13.21100044 41.36999989]
1,0.999133288860321,[26.59000015 29.21100044 49.36999989]
