,scores,centers
0,0.9976523518562317,[-3.76300049 35.66600037 18.93200016]
1,0.9639890789985657,[ 8.23699951 31.66600037 24.93200016]
