,scores,centers
0,0.9990770816802979,[ 5.52499962 -0.06599998 14.96399975]
1,0.9594367742538452,[25.52499962 -0.06599998 18.96399975]
2,0.5558464527130127,[-14.47500038   3.93400002  10.96399975]
