,scores,centers
0,0.9992601275444031,[ 51.55900002 -27.40499878   1.37100029]
1,0.992028534412384,[ 37.55900002 -31.40499878  11.37100029]
2,0.976267397403717,[ 65.55900002 -23.40499878  13.37100029]
3,0.9526813626289368,[ 33.55900002 -19.40499878  13.37100029]
