,scores,centers
0,0.9979106783866882,[-10.23799896  30.60500002   5.32600021]
1,0.9954452514648438,[ -4.23799896  32.60500002 -16.67399979]
2,0.9837486743927002,[-12.23799896  50.60500002   1.32600021]
3,0.9745116233825684,[-28.23799896  26.60500002   1.32600021]
4,0.8951565623283386,[-8.23799896 12.60500002 11.32600021]
