,scores,centers
0,0.9996789693832397,[45.17599964 61.98600006 41.67600012]
1,0.9986769556999207,[43.17599964 23.98600006 29.67600012]
2,0.99856036901474,[63.17599964 39.98600006 61.67600012]
