,scores,centers
0,0.9985254406929016,[87.63399887 71.8409996  22.13299942]
1,0.9876852035522461,[99.63399887 71.8409996  -1.86700058]
2,0.9825890064239502,[61.63399887 59.8409996  -1.86700058]
