,scores,centers
0,0.9944127202033997,[37.10000038 26.04599953 24.3210001 ]
1,0.9909981489181519,[31.10000038 12.04599953 44.3210001 ]
2,0.9577911496162415,[27.10000038 26.04599953 42.3210001 ]
3,0.8663907051086426,[43.10000038 50.04599953 36.3210001 ]
4,0.9374744892120361,[51.10000038 32.04599953 42.3210001 ]
