,scores,centers
0,0.9994667172431946,[25.15800095 -6.22399902 79.40699959]
1,0.9994595646858215,[  7.15800095 -24.22399902  15.40699959]
