,scores,centers
0,0.9979332685470581,[27.21000004 10.57999992 16.82999992]
1,0.9980929493904114,[27.21000004 10.57999992 14.82999992]
