,scores,centers
0,0.9994613528251648,[-2.40020752e-02  2.73769999e+01  8.07799911e+00]
1,0.9869439601898193,[ 3.97599792 27.37699986 44.07799911]
