,scores,centers
0,0.9965205192565918,[60.88100052 40.2159996  37.39099979]
1,0.9864078760147095,[70.88100052 54.2159996  35.39099979]
2,0.8241654634475708,[78.88100052 38.2159996  41.39099979]
3,0.7052984237670898,[74.88100052 44.2159996  15.39099979]
4,0.6678091287612915,[78.88100052 34.2159996  35.39099979]
5,0.6062195301055908,[56.88100052 26.2159996  19.39099979]
