,scores,centers
0,0.9983514547348022,[36.17499924 19.63899994 15.36199951]
1,0.9977551102638245,[ 6.17499924 27.63899994 23.36199951]
