,scores,centers
0,0.9989290833473206,[-21.07300186 109.11400032  14.42900085]
1,0.9987673759460449,[50.92699814 41.11400032  4.42900085]
