,scores,centers
0,0.9995323419570923,[10.24200058 16.4749999   1.59799957]
1,0.9600762724876404,[ 8.24200058 22.4749999   5.59799957]
