,scores,centers
0,0.9976586103439331,[-3.67399979 25.06400013 15.06100082]
1,0.9802564382553101,[14.32600021 23.06400013 21.06100082]
2,0.973092257976532,[10.32600021 21.06400013  9.06100082]
3,0.8740537762641907,[ 4.32600021 35.06400013  5.06100082]
