,scores,centers
0,0.9988895058631897,[ 53.93799973  11.96100044 116.29000092]
1,0.994416356086731,[45.93799973 13.96100044 86.29000092]
2,0.8902814984321594,[ 51.93799973  21.96100044 102.29000092]
