,scores,centers
0,0.9985357522964478,[11.10300064 37.50300026 40.2329998 ]
1,0.9979902505874634,[45.10300064 39.50300026 34.2329998 ]
2,0.9865366816520691,[17.10300064 41.50300026 58.2329998 ]
3,0.960760772228241,[37.10300064 47.50300026 16.2329998 ]
