,scores,centers
0,0.9980655312538147,[34.16799927 20.23000002 42.96999931]
1,0.9875890612602234,[48.16799927 36.23000002 50.96999931]
2,0.9486317038536072,[40.16799927 26.23000002 52.96999931]
