,scores,centers
0,0.9989355206489563,[31.26500034 -5.51000023 34.8390007 ]
