,scores,centers
0,0.9994363188743591,[ 16.40399933 -11.75600052  21.43000031]
1,0.9920032024383545,[16.40399933  4.24399948 33.43000031]
2,0.9754651188850403,[-1.59600067 12.24399948 27.43000031]
