,scores,centers
0,0.9994219541549683,[71.24399948 39.47800064 38.57600021]
