,scores,centers
0,0.999091625213623,[ 40.07199955 -47.62999725  66.0739994 ]
1,0.9781773090362549,[ 24.07199955 -57.62999725  68.0739994 ]
2,0.9188252687454224,[ 38.07199955 -51.62999725  72.0739994 ]
