,scores,centers
0,0.9987279772758484,[25.42399979 -8.68099976 16.45899963]
1,0.9978761672973633,[  5.42399979 -24.68099976   4.45899963]
2,0.9984392523765564,[53.42399979 -2.68099976 46.45899963]
