,scores,centers
0,0.9988301396369934,[-2.39099884 19.51000023 22.18700027]
1,0.8917571306228638,[ 3.60900116 33.51000023 18.18700027]
2,0.8619809150695801,[15.60900116 21.51000023 22.18700027]
3,0.7112332582473755,[-2.39099884 13.51000023 -1.81299973]
4,0.7931432127952576,[11.60900116 21.51000023 38.18700027]
