,scores,centers
0,0.996304988861084,[ 9.4470005   7.51000023 24.5170002 ]
1,0.9976521134376526,[23.4470005  -0.48999977 26.5170002 ]
2,0.9945884943008423,[33.4470005  21.51000023 24.5170002 ]
3,0.9592645168304443,[19.4470005  15.51000023 34.5170002 ]
4,0.945022463798523,[ 7.4470005  23.51000023 26.5170002 ]
