,scores,centers
0,0.9990445971488953,[30.0170002  56.50799942 53.44499969]
1,0.8825713992118835,[48.0170002  52.50799942 49.44499969]
