,scores,centers
0,0.9980871677398682,[48.14800072 15.25       23.47599983]
1,0.9863461852073669,[50.14800072  5.25       39.47599983]
2,0.941602349281311,[62.14800072 23.25       13.47599983]
