,scores,centers
0,0.9993407130241394,[22.59600067 11.13400078 21.93200016]
1,0.9870359301567078,[36.59600067 11.13400078 33.93200016]
2,0.9197524785995483,[16.59600067 -4.86599922 37.93200016]
3,0.5736908912658691,[30.59600067  3.13400078  7.93200016]
