,scores,centers
0,0.9992828965187073,[ 6.44400024 23.61999989 -4.02099991]
1,0.996479332447052,[ 6.44400024 27.61999989 -6.02099991]
