,scores,centers
0,0.9988439083099365,[19.49399948 64.53100014 17.25500107]
1,0.9987708926200867,[-8.50600052 24.53100014 17.25500107]
2,0.9869672656059265,[15.49399948 10.53100014 15.25500107]
3,0.9242672324180603,[ 7.49399948 28.53100014 19.25500107]
4,0.40873637795448303,[29.49399948 50.53100014 23.25500107]
