,scores,centers
0,0.9979366064071655,[-13.39399719   9.41799927  12.29700089]
1,0.9948254823684692,[-5.39399719 -0.58200073 36.29700089]
2,0.9840365052223206,[ 8.60600281  1.41799927 24.29700089]
3,0.9879031777381897,[ -7.39399719 -10.58200073  16.29700089]
