,scores,centers
0,0.9994648098945618,[ 25.33200073  29.79800034 -13.43999863]
