,scores,centers
0,0.9924324750900269,[-12.23699951  26.3210001  -10.20199966]
1,0.9047101140022278,[-20.23699951  44.3210001    5.79800034]
2,0.8508102893829346,[ 7.76300049 26.3210001  -0.20199966]
3,0.5846934914588928,[ 1.76300049 30.3210001   7.79800034]
4,0.6667401790618896,[-32.23699951  42.3210001   -8.20199966]
