,scores,centers
0,0.998928964138031,[30.16100025 73.73099899 43.63999939]
1,0.9988685846328735,[42.16100025 93.73099899 43.63999939]
