,scores,centers
0,0.9986144304275513,[85.12099838 80.0340004  26.88199997]
1,0.9296315312385559,[101.12099838  80.0340004   30.88199997]
2,0.9480963945388794,[105.12099838  72.0340004   22.88199997]
3,0.7178075313568115,[97.12099838 72.0340004  10.88199997]
4,0.8071839213371277,[101.12099838  94.0340004   14.88199997]
