,scores,centers
0,0.9983426332473755,[14.31200027  5.20299911 25.42200089]
1,0.9983201622962952,[12.31200027  3.20299911 -2.57799911]
2,0.9608173370361328,[10.31200027  1.20299911  9.42200089]
3,0.6706714034080505,[20.31200027 -4.79700089  9.42200089]
4,0.6565564274787903,[ 6.31200027 11.20299911  7.42200089]
