,scores,centers
0,0.9990369081497192,[12.01599979 -6.54000092 61.29299927]
1,0.9968744516372681,[24.01599979 -4.54000092 47.29299927]
2,0.9820193648338318,[14.01599979  7.45999908 59.29299927]
