,scores,centers
0,0.9994503855705261,[32.45100021 53.74500084 38.58199978]
1,0.9808558821678162,[50.45100021 33.74500084 34.58199978]
2,0.9937942028045654,[24.45100021 47.74500084 40.58199978]
3,0.836471438407898,[56.45100021 55.74500084 20.58199978]
