,scores,centers
0,0.9965735673904419,[34.25899982 27.54399967 36.34300041]
1,0.9978458881378174,[34.25899982 17.54399967 32.34300041]
2,0.7620265483856201,[20.25899982 33.54399967 28.34300041]
