,scores,centers
0,0.9920139908790588,[21.9640007  21.65600014 36.13999939]
1,0.9355397820472717,[-16.0359993   35.65600014 -19.86000061]
2,0.9438455104827881,[-2.0359993  25.65600014 38.13999939]
3,0.6642251014709473,[ -2.0359993   37.65600014 -17.86000061]
4,0.8770649433135986,[ 5.9640007  27.65600014 22.13999939]
5,0.8773784041404724,[13.9640007  35.65600014  6.13999939]
6,0.5996534824371338,[ 3.9640007  21.65600014 10.13999939]
7,0.6186892986297607,[-8.0359993  33.65600014 10.13999939]
