,scores,centers
0,0.9993602633476257,[-14.60300064  30.44799995  85.53699875]
1,0.9510236978530884,[-30.60300064  38.44799995  69.53699875]
2,0.8667479753494263,[-6.60300064 34.44799995 57.53699875]
3,0.804214596748352,[-28.60300064  44.44799995  87.53699875]
