,scores,centers
0,0.9946852922439575,[26.21299982 17.21100044 13.5       ]
1,0.9891462326049805,[32.21299982 21.21100044 21.5       ]
2,0.7299473285675049,[14.21299982 25.21100044 21.5       ]
