,scores,centers
0,0.995722770690918,[24.96300125 88.83800125 12.58600044]
1,0.995998740196228,[12.96300125 68.83800125 16.58600044]
2,0.9945594668388367,[38.96300125 96.83800125 -3.41399956]
