,scores,centers
0,0.9951294660568237,[10.16200066  2.24300003 15.72099972]
1,0.9891979098320007,[24.16200066 16.24300003 25.72099972]
2,0.8226686120033264,[14.16200066  0.24300003 29.72099972]
3,0.7325965166091919,[28.16200066  8.24300003 37.72099972]
4,0.40346193313598633,[10.16200066 20.24300003 25.72099972]
