,scores,centers
0,0.9985185265541077,[19.87199974 17.0539999  10.14400005]
1,0.8395075798034668,[ 9.87199974 21.0539999   4.14400005]
