,scores,centers
0,0.9993114471435547,[80.48699951 39.70900011 26.05900002]
