,scores,centers
0,0.9985264539718628,[29.69299984 15.47100067  4.70400047]
1,0.99869304895401,[35.69299984 -6.52899933 26.70400047]
