,scores,centers
0,0.9993898868560791,[31.27999973  3.54100037 16.19400024]
1,0.9984378218650818,[37.27999973 11.54100037 26.19400024]
2,0.7135091423988342,[21.27999973 11.54100037  2.19400024]
3,0.49843528866767883,[39.27999973 27.54100037  8.19400024]
4,0.7026374936103821,[23.27999973 15.54100037 28.19400024]
5,0.5978598594665527,[27.27999973 -2.45899963 30.19400024]
6,0.5486647486686707,[13.27999973  7.54100037 10.19400024]
