,scores,centers
0,0.9982743263244629,[37.44700003 14.67399979 -1.19099998]
1,0.9864298105239868,[ 25.44700003  14.67399979 -11.19099998]
2,0.9524003267288208,[21.44700003  4.67399979 -1.19099998]
3,0.5897252559661865,[13.44700003 12.67399979  4.80900002]
