,scores,centers
0,0.9988285899162292,[68.75200081 54.02799988 54.67499924]
1,0.9971854090690613,[76.75200081 26.02799988 40.67499924]
