,scores,centers
0,0.9985163807868958,[32.62699986 18.07600021 17.27099991]
1,0.9985802173614502,[10.62699986  2.07600021 19.27099991]
2,0.9892112016677856,[24.62699986  2.07600021 25.27099991]
3,0.9827187061309814,[ 8.62699986 24.07600021 25.27099991]
