,scores,centers
0,0.9984787106513977,[ 23.25300026 111.80999756  27.79199982]
1,0.9977412223815918,[29.25300026 89.80999756 21.79199982]
2,0.9972931742668152,[ 33.25300026  93.80999756 -10.20800018]
