,scores,centers
0,0.991304874420166,[-13.33799744  24.31999969   6.88100052]
1,0.9625982046127319,[-11.33799744  24.31999969   4.88100052]
2,0.4178948998451233,[ 0.66200256 24.31999969 14.88100052]
