,scores,centers
0,0.9983389377593994,[ 6.40499973 53.40500069 35.66899967]
1,0.998885452747345,[26.40499973 39.40500069 45.66899967]
2,0.9956004619598389,[14.40499973 41.40500069 29.66899967]
