,scores,centers
0,0.9975149631500244,[53.625       0.70599937 35.72399998]
1,0.9762971997261047,[47.625      -1.29400063 31.72399998]
2,0.46618643403053284,[35.625       2.70599937 27.72399998]
