,scores,centers
0,0.9994039535522461,[16.51900005 67.58800125 37.67300034]
1,0.9520379304885864,[20.51900005 53.58800125 35.67300034]
2,0.6973422765731812,[38.51900005 71.58800125 41.67300034]
3,0.42160409688949585,[28.51900005 85.58800125 31.67300034]
4,0.725227952003479,[28.51900005 69.58800125 53.67300034]
5,0.5750712752342224,[18.51900005 79.58800125 53.67300034]
