,scores,centers
0,0.998013973236084,[ 65.07500076 -24.69599915 -14.93099976]
1,0.9360433220863342,[ 73.07500076 -22.69599915  -8.93099976]
2,0.9421514272689819,[ 81.07500076 -38.69599915  -4.93099976]
3,0.6679800152778625,[ 83.07500076 -40.69599915 -16.93099976]
