,scores,centers
0,0.999245285987854,[24.59799957 11.31500053 23.12599945]
1,0.9681813716888428,[20.59799957 13.31500053 31.12599945]
2,0.8955727815628052,[36.59799957 -2.68499947 29.12599945]
3,0.9005974531173706,[16.59799957 -4.68499947 37.12599945]
4,0.5913998484611511,[ 2.59799957  5.31500053 29.12599945]
