,scores,centers
0,0.9997058510780334,[ 9.31100082 34.01900005 23.44299984]
1,0.9993484616279602,[43.31100082 34.01900005 57.44299984]
