,scores,centers
0,0.9993928670883179,[12.79100037 12.56999969 16.51900101]
