,scores,centers
0,0.9973006844520569,[53.57999992  0.80500031 35.85300016]
1,0.9804559946060181,[47.57999992  2.80500031 31.85300016]
2,0.7119455337524414,[35.57999992  2.80500031 27.85300016]
