,scores,centers
0,0.9983648657798767,[45.18200016 21.42500019 36.26499939]
1,0.9881206750869751,[35.18200016  9.42500019 26.26499939]
2,0.9849511384963989,[27.18200016 35.42500019 50.26499939]
3,0.5422772765159607,[35.18200016 37.42500019 24.26499939]
