,scores,centers
0,0.9989703893661499,[ 5.42399979 15.17199993 20.40999985]
1,0.998875081539154,[ 5.42399979 13.17199993 20.40999985]
2,0.48408275842666626,[11.42399979 19.17199993 10.40999985]
3,0.40536147356033325,[13.42399979 37.17199993 10.40999985]
