,scores,centers
0,0.9986336827278137,[36.34899998 32.0710001  50.75399971]
1,0.9980685114860535,[12.34899998 24.0710001  52.75399971]
