,scores,centers
0,0.9996850490570068,[-20.16799927  59.6420002  -16.92300034]
1,0.9996440410614014,[23.83200073 47.6420002  33.07699966]
