,scores,centers
0,0.9994251728057861,[ 8.14999962 34.69099998 52.6989994 ]
1,0.9996742010116577,[28.14999962 24.69099998 22.6989994 ]
