,scores,centers
0,0.998256266117096,[42.80000019 21.56299973 27.39699984]
1,0.9186583161354065,[28.80000019 31.56299973 29.39699984]
2,0.5959080457687378,[50.80000019 31.56299973 23.39699984]
3,0.7750587463378906,[28.80000019 35.56299973 13.39699984]
4,0.7625004649162292,[32.80000019 43.56299973 27.39699984]
5,0.6233305335044861,[34.80000019 15.56299973 11.39699984]
