,scores,centers
0,0.9992850422859192,[ -1.64599991  31.11199951 -14.20600128]
1,0.9992238283157349,[10.35400009 53.11199951 13.79399872]
