,scores,centers
0,0.9908127188682556,[ 6.67900085 -7.79299927  4.0909996 ]
1,0.9764634370803833,[-11.32099915  -5.79299927  10.0909996 ]
2,0.8508698344230652,[-1.32099915  8.20700073  6.0909996 ]
