,scores,centers
0,0.9993721842765808,[41.87699986 31.94999981 30.45199966]
1,0.9919122457504272,[61.87699986 21.94999981 48.45199966]
