,scores,centers
0,0.998201847076416,[  9.8010006  -13.94300079  41.93400002]
1,0.9977023005485535,[-10.1989994  -33.94300079  29.93400002]
2,0.9955089092254639,[ -6.1989994  -35.94300079  49.93400002]
3,0.9972202777862549,[ 17.8010006  -41.94300079  41.93400002]
