,scores,centers
0,0.9984775185585022,[ 23.84599972 113.17299652  26.2140007 ]
1,0.9974835515022278,[33.84599972 93.17299652 -9.7859993 ]
