,scores,centers
0,0.999219536781311,[-7.34000015 17.97000027 26.9829998 ]
1,0.861563503742218,[-1.34000015 23.97000027 46.9829998 ]
2,0.439073771238327,[-21.34000015  15.97000027  10.9829998 ]
