,scores,centers
0,0.9938567280769348,[14.01499939 34.96100044 71.94800186]
1,0.9919536709785461,[10.01499939 14.96100044 65.94800186]
