,scores,centers
0,0.9980514049530029,[25.71500015 57.70999908 50.37599945]
1,0.9548670053482056,[21.71500015 63.70999908 58.37599945]
2,0.8955745100975037,[ 7.71500015 57.70999908 50.37599945]
