,scores,centers
0,0.999264657497406,[ 71.63999939 -18.30699921  45.53700066]
1,0.9973190426826477,[ 83.63999939 -10.30699921  41.53700066]
2,0.9937958717346191,[ 53.63999939 -22.30699921  51.53700066]
