,scores,centers
0,0.9997217059135437,[ 7.84000015 37.66100025  6.25099945]
1,0.8609474897384644,[  3.84000015  47.66100025 -11.74900055]
2,0.9242798686027527,[29.84000015 29.66100025  8.25099945]
