,scores,centers
0,0.9992265701293945,[43.45300007 43.69599915 35.02099991]
1,0.9989965558052063,[41.45300007 51.69599915 67.02099991]
