,scores,centers
0,0.9976295232772827,[36.5359993  20.05600023 41.98399925]
1,0.9945513606071472,[52.5359993  34.05600023 47.98399925]
2,0.9772235155105591,[56.5359993  30.05600023 29.98399925]
3,0.8028702735900879,[58.5359993  18.05600023 39.98399925]
