,scores,centers
0,0.9995143413543701,[43.96700001 35.03499985 23.12100029]
1,0.9993626475334167,[11.96700001 21.03499985 31.12100029]
2,0.9951752424240112,[41.96700001 25.03499985 39.12100029]
3,0.9792383313179016,[25.96700001 51.03499985 27.12100029]
