,scores,centers
0,0.9995224475860596,[47.45499992 37.79500008 12.2670002 ]
1,0.9994217157363892,[31.45499992 25.79500008 -3.7329998 ]
