,scores,centers
0,0.9926704168319702,[-7.35499954 13.42399979 29.59899998]
1,0.7811542749404907,[ 8.64500046  5.42399979 11.59899998]
2,0.7593247890472412,[ 0.64500046 13.42399979 17.59899998]
3,0.7606968879699707,[ 6.64500046 17.42399979 13.59899998]
4,0.6292356252670288,[10.64500046  1.42399979 29.59899998]
