,scores,centers
0,0.9995859265327454,[15.02199936 79.0320015  26.51800013]
1,0.9827792048454285,[-4.97800064 65.0320015  12.51800013]
