,scores,centers
0,0.9995884299278259,[  0.23699951 -14.79700089  43.14999962]
1,0.9976020455360413,[-15.76300049 -18.79700089  67.14999962]
2,0.9970088601112366,[-11.76300049 -14.79700089  49.14999962]
3,0.9785616397857666,[ -7.76300049 -36.79700089  59.14999962]
4,0.8779045343399048,[  8.23699951 -22.79700089  59.14999962]
