,scores,centers
0,0.9984081387519836,[27.63299942 17.95899963 60.88299942]
1,0.9980486631393433,[17.63299942  5.95899963 70.88299942]
2,0.9230434894561768,[ 3.63299942 23.95899963 62.88299942]
3,0.9552969932556152,[13.63299942  7.95899963 44.88299942]
4,0.5252013206481934,[19.63299942 33.95899963 42.88299942]
5,0.5468511581420898,[11.63299942 17.95899963 36.88299942]
