,scores,centers
0,0.9971742630004883,[52.30400085 20.70900011 -7.44100189]
1,0.9824805855751038,[64.30400085 32.70900011 -1.44100189]
2,0.9856435060501099,[54.30400085 36.70900011  4.55899811]
