,scores,centers
0,0.9995392560958862,[112.58000183  48.80900002  -1.64999962]
1,0.9996024966239929,[136.58000183  24.80900002  20.35000038]
2,0.9421119093894958,[126.58000183  46.80900002  26.35000038]
