,scores,centers
0,0.9990760087966919,[15.53800011  7.84799957 31.05500031]
1,0.9956493973731995,[-6.46199989  7.84799957  3.05500031]
2,0.9807503819465637,[21.53800011  9.84799957  7.05500031]
