,scores,centers
0,0.9994051456451416,[48.37700081 46.73200035 10.81000137]
1,0.9963617920875549,[64.37700081 34.73200035 10.81000137]
2,0.9958289265632629,[44.37700081 36.73200035 26.81000137]
3,0.6148784160614014,[74.37700081 50.73200035  2.81000137]
