,scores,centers
0,0.9992296695709229,[63.5909996  11.05800056 27.84399986]
1,0.999345600605011,[37.5909996   1.05800056 23.84399986]
2,0.9881835579872131,[41.5909996  25.05800056 31.84399986]
