,scores,centers
0,0.9988340735435486,[37.64100075  1.92700195 41.28199959]
1,0.9989307522773743,[11.64100075 -0.07299805  7.28199959]
2,0.9956638216972351,[29.64100075 -0.07299805 25.28199959]
