,scores,centers
0,0.9991487264633179,[15.13700008 26.72399998  2.91699982]
1,0.9365946650505066,[33.13700008 46.72399998 10.91699982]
