,scores,centers
0,0.9984747767448425,[47.16800022 19.62599945 36.18400002]
1,0.8972771167755127,[35.16800022  5.62599945 36.18400002]
2,0.9578107595443726,[47.16800022 29.62599945 50.18400002]
3,0.7543492317199707,[39.16800022 39.62599945 26.18400002]
4,0.6599155068397522,[25.16800022 19.62599945 38.18400002]
