,scores,centers
0,0.9910854697227478,[46.22299957 33.67500019 39.61100006]
1,0.946871280670166,[56.22299957 39.67500019 55.61100006]
2,0.8482356667518616,[46.22299957 29.67500019 59.61100006]
3,0.5256092548370361,[52.22299957 47.67500019 47.61100006]
