,scores,centers
0,0.999240517616272,[10.59199905 17.06299973 14.57900047]
1,0.9745793342590332,[ 6.59199905 41.06299973 16.57900047]
2,0.9326644539833069,[-1.40800095 27.06299973 -3.42099953]
