,scores,centers
0,0.9998512268066406,[68.93899918 87.58300018 49.78100014]
1,0.9935584664344788,[98.93899918 79.58300018 39.78100014]
