,scores,centers
0,0.9994639754295349,[23.61299992 29.09000015 30.12100029]
1,0.9994163513183594,[23.61299992 31.09000015 28.12100029]
