,scores,centers
0,0.999473512172699,[34.4489994  75.80199814 17.77999973]
1,0.9345797300338745,[42.4489994  61.80199814 39.77999973]
2,0.9225336909294128,[26.4489994  65.80199814 39.77999973]
3,0.8657564520835876,[50.4489994  75.80199814 33.77999973]
4,0.9568506479263306,[36.4489994  51.80199814 19.77999973]
