,scores,centers
0,0.9994221925735474,[ 5.53899956 18.90299988 30.51500034]
1,0.9558942914009094,[ 9.53899956 26.90299988 44.51500034]
