,scores,centers
0,0.9973601698875427,[-27.82799911 -20.35599899 -33.48500061]
1,0.9958708882331848,[-29.82799911 -10.35599899 -47.48500061]
2,0.8079665303230286,[-41.82799911 -18.35599899 -39.48500061]
