,scores,centers
0,0.9985299110412598,[27.19799995 -1.57299805 14.81200027]
1,0.9894152879714966,[ 19.19799995 -13.57299805  16.81200027]
2,0.9781036376953125,[ 11.19799995 -15.57299805   8.81200027]
3,0.410412073135376,[ 1.19799995 -7.57299805 16.81200027]
4,0.522969663143158,[23.19799995 -3.57299805 32.81200027]
