,scores,centers
0,0.9994370341300964,[ 22.5710001  -10.76100159 -44.76199341]
1,0.9995869994163513,[ 58.5710001   -8.76100159 -96.76199341]
