,scores,centers
0,0.9992245435714722,[28.95800018  3.82600021 50.7159996 ]
