,scores,centers
0,0.9987220168113708,[50.91500092 22.17999983  4.38699913]
1,0.9919071197509766,[58.91500092 28.17999983 14.38699913]
2,0.9683056473731995,[60.91500092 28.17999983 -5.61300087]
3,0.4326096773147583,[54.91500092 42.17999983 -3.61300087]
