,scores,centers
0,0.9989895224571228,[-16.67399979  19.8579998   43.23200035]
1,0.9910156726837158,[ 1.32600021 37.8579998  47.23200035]
2,0.9965686798095703,[-14.67399979  27.8579998   53.23200035]
3,0.7107424139976501,[ 1.32600021 39.8579998  33.23200035]
