,scores,centers
0,0.9995937943458557,[40.41600037 12.98200035 81.97499847]
1,0.8810570240020752,[ 40.41600037   6.98200035 111.97499847]
2,0.9944644570350647,[28.41600037  8.98200035 93.97499847]
