,scores,centers
0,0.9900963306427002,[59.84900093 24.04799986 -1.81700134]
1,0.981062114238739,[63.84900093 34.04799986  8.18299866]
2,0.982839047908783,[67.84900093 20.04799986 10.18299866]
3,0.9604655504226685,[71.84900093 26.04799986 -7.81700134]
4,0.6973420977592468,[55.84900093 14.04799986  8.18299866]
5,0.49216800928115845,[79.84900093 26.04799986  2.18299866]
