,scores,centers
0,0.9563937783241272,[ 44.19799995  16.41500092 -22.52899933]
1,0.9575290083885193,[ 40.19799995   4.41500092 -36.52899933]
2,0.8889405131340027,[40.19799995 -9.58499908 -6.52899933]
3,0.6571548581123352,[ 46.19799995   8.41500092 -10.52899933]
4,0.7715140581130981,[48.19799995 -9.58499908 -8.52899933]
5,0.4344436526298523,[ 44.19799995  -7.58499908 -30.52899933]
