,scores,centers
0,0.9989929795265198,[-0.13500214  1.28199768 29.09200001]
1,0.9872872829437256,[  1.86499786 -18.71800232  11.09200001]
2,0.9831711649894714,[11.86499786  9.28199768 25.09200001]
