,scores,centers
0,0.9987874627113342,[18.72299957 18.53800011 61.67900085]
1,0.9988002777099609,[18.72299957 16.53800011 61.67900085]
2,0.9973324537277222,[44.72299957 40.53800011 35.67900085]
