,scores,centers
0,0.9987277388572693,[-26.98600006  12.58300018 -28.42399597]
1,0.9979973435401917,[-34.98600006  -9.41699982 -22.42399597]
