,scores,centers
0,0.9849672913551331,[41.45400047 -8.27300262 -6.58499908]
1,0.9903225302696228,[33.45400047 -8.27300262  5.41500092]
2,0.8861307501792908,[27.45400047 11.72699738 -0.58499908]
3,0.5151464343070984,[23.45400047  3.72699738 -6.58499908]
