,scores,centers
0,0.9885736703872681,[17.66800022 19.77799988 35.5539999 ]
1,0.9830836057662964,[13.66800022 29.77799988 33.5539999 ]
2,0.9744739532470703,[33.66800022 25.77799988 41.5539999 ]
3,0.9042673707008362,[21.66800022 21.77799988 11.5539999 ]
4,0.9456431865692139,[25.66800022 27.77799988 23.5539999 ]
