,scores,centers
0,0.9982510209083557,[61.65299988 80.52099991 36.66399956]
1,0.9971108436584473,[59.65299988 74.52099991 52.66399956]
2,0.8984424471855164,[51.65299988 68.52099991 32.66399956]
