,scores,centers
0,0.9986591339111328,[41.08100033 37.71700001 34.26599979]
1,0.9971280694007874,[31.08100033 27.71700001 40.26599979]
2,0.9932346940040588,[23.08100033 43.71700001 22.26599979]
3,0.8636250495910645,[31.08100033 27.71700001 12.26599979]
4,0.8667469024658203,[33.08100033 15.71700001 34.26599979]
