,scores,centers
0,0.9996703863143921,[37.79799986 25.55700016 17.95899963]
1,0.991051435470581,[45.79799986 21.55700016 35.95899963]
