,scores,centers
0,0.999014139175415,[-0.26499939 40.43299961 23.91199875]
1,0.9989528656005859,[-0.26499939 38.43299961 23.91199875]
