,scores,centers
0,0.999569833278656,[74.7859993  24.57900047 39.35499954]
