,scores,centers
0,0.9991289973258972,[ 2.71099854  3.8030014  15.97299957]
1,0.9986705780029297,[ 4.71099854  7.8030014  39.97299957]
2,0.9987296462059021,[14.71099854 25.8030014  23.97299957]
