,scores,centers
0,0.9984921216964722,[-0.12400055 62.08900023 66.08699989]
1,0.9989965558052063,[-10.12400055  28.08900023  50.08699989]
2,0.9982469081878662,[ 3.87599945 94.08900023 70.08699989]
