,scores,centers
0,0.998052716255188,[18.90399933 46.57299995 44.45499992]
1,0.9966268539428711,[16.90399933 22.57299995 30.45499992]
2,0.9927780032157898,[16.90399933 24.57299995 48.45499992]
3,0.9898996949195862,[ 2.90399933 26.57299995 46.45499992]
