,scores,centers
0,0.9986357092857361,[35.35400009 13.9920001  28.90200043]
1,0.9763285517692566,[25.35400009 13.9920001  26.90200043]
2,0.7436416745185852,[27.35400009 29.9920001  18.90200043]
