,scores,centers
0,0.9995167255401611,[ 8.5909996  5.9109993 59.75     ]
1,0.9994199275970459,[10.5909996  5.9109993 25.75     ]
