,scores,centers
0,0.9940598011016846,[22.52299976 34.5529995  -5.42100143]
1,0.989797055721283,[ 28.52299976  56.5529995  -11.42100143]
