,scores,centers
0,0.998842179775238,[37.49699974 25.83300018 10.91799927]
1,0.9988017082214355,[79.49699974 17.83300018  8.91799927]
