,scores,centers
0,0.9994997978210449,[ 15.89099884 -10.45199966  21.40600014]
1,0.991115927696228,[21.89099884  7.54800034 29.40600014]
2,0.9743430018424988,[17.89099884  9.54800034 19.40600014]
