,scores,centers
0,0.999819815158844,[-11.81100082   4.96100044  33.84999847]
1,0.9996414184570312,[ -9.81100082  20.96100044 -30.15000153]
2,0.9978892207145691,[-13.81100082  10.96100044  17.84999847]
