,scores,centers
0,0.9987888932228088,[47.01799965 48.875      31.91300011]
1,0.9987334609031677,[23.01799965 40.875      43.91300011]
