,scores,centers
0,0.9995160102844238,[ 3.88399887 10.83399963  4.81399918]
