,scores,centers
0,0.9977937936782837,[ 0.97299957 20.34800005 16.27199936]
1,0.9842303395271301,[20.97299957 34.34800005  6.27199936]
