,scores,centers
0,0.9995290040969849,[-11.97000122 -19.98099899   3.97299957]
1,0.9940547347068787,[-25.97000122 -29.98099899   7.97299957]
2,0.8700101375579834,[-21.97000122 -19.98099899  -6.02700043]
