,scores,centers
0,0.9992700219154358,[30.51399994  1.42300034 50.82699966]
