,scores,centers
0,0.9994096755981445,[36.10000038 18.91799927  2.03499985]
1,0.9990824460983276,[34.10000038 -3.08200073 34.03499985]
