,scores,centers
0,0.9996914863586426,[ 14.84199905  66.76399994 149.40000153]
