,scores,centers
0,0.9984148740768433,[22.63800001 11.67700005 52.37800026]
1,0.9781621694564819,[42.63800001 19.67700005 58.37800026]
2,0.9838165044784546,[30.63800001  9.67700005 70.37800026]
3,0.8867430686950684,[32.63800001 25.67700005 66.37800026]
