,scores,centers
0,0.999312162399292,[ 9.72369995e+01 -8.10012817e-02 -4.13600159e+00]
1,0.9974939823150635,[77.23699951 39.91899872  1.86399841]
