,scores,centers
0,0.998820960521698,[16.40800095 35.69799995 11.55599976]
1,0.9813454747200012,[36.40800095 19.69799995 25.55599976]
