,scores,centers
0,0.9987937211990356,[21.11400032 -2.22800064 15.70600128]
1,0.9979264736175537,[21.11400032  1.77199936 13.70600128]
2,0.9317305684089661,[15.11400032 15.77199936  3.70600128]
3,0.6739521026611328,[ 9.11400032 -6.22800064 25.70600128]
4,0.6547949314117432,[  9.11400032 -10.22800064   1.70600128]
