,scores,centers
0,0.9994961023330688,[ 13.95499992 129.4489975   -5.3769989 ]
