,scores,centers
0,0.9984471201896667,[-4.09000015  4.35099983 15.00099945]
1,0.9973801970481873,[ 3.90999985 -5.64900017  5.00099945]
2,0.9733428359031677,[ 3.90999985 -1.64900017 23.00099945]
3,0.9571273922920227,[-12.09000015   6.35099983  29.00099945]
4,0.8901969194412231,[-14.09000015  -9.64900017  31.00099945]
5,0.480928897857666,[-16.09000015 -11.64900017   5.00099945]
