,scores,centers
0,0.9691229462623596,[-50.48100281 -33.08000183  18.65299988]
1,0.927882194519043,[-50.48100281 -41.08000183  12.65299988]
2,0.747011661529541,[-42.48100281 -23.08000183   2.65299988]
3,0.5910602807998657,[-52.48100281 -31.08000183   0.65299988]
4,0.422559529542923,[-34.48100281 -23.08000183  10.65299988]
