,scores,centers
0,0.9932292699813843,[285.99499512 234.56399536 233.69000244]
1,0.9532271027565002,[271.99499512 228.56399536 279.69000244]
2,0.9859555959701538,[285.99499512 240.56399536 307.69000244]
3,0.9388155341148376,[281.99499512 228.56399536 217.69000244]
4,0.5418046712875366,[279.99499512 230.56399536 261.69000244]
