,scores,centers
0,0.9982424974441528,[105.9240036   20.44499969 -22.55400085]
1,0.9590686559677124,[ 83.9240036   28.44499969 -20.55400085]
