,scores,centers
0,0.999632716178894,[-4.51099968 28.65500069  4.90099907]
1,0.9927525520324707,[ 9.48900032 42.65500069 14.90099907]
