,scores,centers
0,0.9994935989379883,[-12.53799438  21.9989996   19.23699951]
1,0.9995656609535217,[-44.53799438  53.9989996   19.23699951]
