,scores,centers
0,0.9991459846496582,[59.68400002 76.39699936 39.77000046]
1,0.9993784427642822,[23.68400002 80.39699936 79.77000046]
2,0.9990729093551636,[ 25.68400002 114.39699936 121.77000046]
