,scores,centers
0,0.998475968837738,[ 4.98100281  4.52799988 11.24699974]
1,0.9989022016525269,[28.98100281 10.52799988 -0.75300026]
2,0.998443067073822,[-3.01899719 -7.47200012 33.24699974]
