,scores,centers
0,0.9982484579086304,[13.32900047 52.39999962 34.46999931]
1,0.969717800617218,[ 9.32900047 34.39999962 50.46999931]
2,0.984375536441803,[ 7.32900047 42.39999962 38.46999931]
