,scores,centers
0,0.9996302127838135,[11.06399918 45.41300011 21.31500053]
1,0.9990766048431396,[-12.93600082  59.41300011   5.31500053]
2,0.9992437362670898,[35.06399918 37.41300011 39.31500053]
