,scores,centers
0,0.999291181564331,[126.61000061  25.42399979  37.84399986]
1,0.9995173215866089,[110.61000061  41.42399979  45.84399986]
