,scores,centers
0,0.9989803433418274,[-4.09700012  8.47499847 36.48500061]
1,0.9984849095344543,[-0.09700012  6.47499847 16.48500061]
