,scores,centers
0,0.9991753697395325,[19.52199936 -7.42499924  9.08699989]
1,0.9630352258682251,[15.52199936  8.57500076  7.08699989]
