,scores,centers
0,0.9992289543151855,[40.38000011 84.36599922 87.6269989 ]
1,0.9995645880699158,[56.38000011 48.36599922 53.6269989 ]
