,scores,centers
0,0.9994575381278992,[12.69099998 -7.47200012 43.96100044]
1,0.9995225667953491,[12.69099998 -9.47200012 11.96100044]
