,scores,centers
0,0.9991260170936584,[65.68000031 51.6590004  38.42000008]
1,0.9985296726226807,[77.68000031 17.6590004  52.42000008]
