,scores,centers
0,0.994690477848053,[33.44299984 14.01499939 13.32299995]
1,0.9401430487632751,[23.44299984 18.01499939  5.32299995]
