,scores,centers
0,0.996738851070404,[-11.34700012  32.47300005  31.27799988]
1,0.9969044327735901,[-7.34700012 16.47300005 33.27799988]
