,scores,centers
0,0.9998111128807068,[53.75499916 -9.55699921 30.43099976]
1,0.9804956316947937,[43.75499916 14.44300079 28.43099976]
