,scores,centers
0,0.9975535273551941,[33.64900017 12.36999989 13.03700066]
1,0.9425760507583618,[21.64900017 12.36999989  5.03700066]
2,0.984155535697937,[27.64900017 14.36999989  9.03700066]
3,0.6035807132720947,[19.64900017  6.36999989 11.03700066]
