,scores,centers
0,0.9989251494407654,[ 11.50799942  49.38999939 -49.13700104]
1,0.9928897619247437,[ -4.49200058  45.38999939 -39.13700104]
