,scores,centers
0,0.9984371066093445,[12.66699982 -8.64199829 12.07600021]
1,0.9932006001472473,[-5.33300018 -4.64199829 10.07600021]
2,0.9895352721214294,[ 0.66699982  5.35800171 26.07600021]
