,scores,centers
0,0.9991841912269592,[13.81499958 46.24500084 16.61700058]
1,0.990970253944397,[33.81499958 38.24500084 18.61700058]
2,0.8696157932281494,[15.81499958 24.24500084 14.61700058]
3,0.9351890087127686,[17.81499958 38.24500084 36.61700058]
