,scores,centers
0,0.9986961483955383,[17.39599991 51.08399963 55.52799988]
1,0.9864343404769897,[39.39599991 67.08399963 41.52799988]
2,0.9877853393554688,[49.39599991 63.08399963 57.52799988]
3,0.9455702900886536,[45.39599991 49.08399963 57.52799988]
