,scores,centers
0,0.9994489550590515,[ 31.67700005 -25.94100189  12.31900024]
1,0.9975981116294861,[ 21.67700005 -11.94100189  22.31900024]
