,scores,centers
0,0.999358594417572,[ 7.77600098 25.8579998  76.21500015]
1,0.9995900988578796,[ 5.77600098  9.8579998  48.21500015]
2,0.999609649181366,[-12.22399902  33.8579998  106.21500015]
3,0.9995399713516235,[ -8.22399902   9.8579998  132.21500015]
