,scores,centers
0,0.9997993111610413,[ 18.73099899   5.68899918 -13.09899902]
1,0.9984357953071594,[ -7.26900101  17.68899918 -11.09899902]
2,0.9961872696876526,[ -9.26900101 -16.31100082 -33.09899902]
