,scores,centers
0,0.9989803433418274,[-24.5890007  -21.45700073  67.58600044]
1,0.9987454414367676,[31.4109993  26.54299927 65.58600044]
2,0.9995361566543579,[11.4109993  52.54299927 55.58600044]
3,0.9995558857917786,[-30.5890007   10.54299927  49.58600044]
