,scores,centers
0,0.9994341731071472,[18.81999969 67.58900023 22.86600113]
1,0.9989708662033081,[34.81999969 33.58900023  6.86600113]
