,scores,centers
0,0.9992347955703735,[ 17.96500015 -13.23300171  23.16699982]
1,0.9949421286582947,[17.96500015  4.76699829 33.16699982]
2,0.9459133148193359,[11.96500015 14.76699829 15.16699982]
3,0.9449818730354309,[ 1.96500015 -5.23300171 27.16699982]
