,scores,centers
0,0.9991979002952576,[69.38800049 87.39199829 21.2420001 ]
1,0.9934514760971069,[87.38800049 75.39199829 39.2420001 ]
