,scores,centers
0,0.9945346117019653,[  7.70400047 -29.42499924   3.96699905]
1,0.993868887424469,[  1.70400047 -25.42499924  23.96699905]
2,0.8345658183097839,[  1.70400047 -39.42499924   5.96699905]
