,scores,centers
0,0.9997466206550598,[11.84300041 11.94400024 37.12599945]
1,0.9996246099472046,[33.84300041 -0.05599976 21.12599945]
