,scores,centers
0,0.9984641075134277,[10.3220005  25.87100029  7.40200043]
1,0.7193757891654968,[16.3220005  37.87100029 19.40200043]
2,0.9518033862113953,[16.3220005  13.87100029  1.40200043]
