,scores,centers
0,0.9996920824050903,[ 54.93099976  25.83199978 -59.79599762]
