,scores,centers
0,0.9994648098945618,[43.13700008 41.93900013 39.4989996 ]
1,0.9987824559211731,[39.13700008 47.93900013 65.4989996 ]
