,scores,centers
0,0.9982250332832336,[56.15199995 39.32800007  9.89500046]
1,0.9812943935394287,[34.15199995 31.32800007  9.89500046]
2,0.9590144753456116,[42.15199995 25.32800007  1.89500046]
3,0.8869304060935974,[44.15199995 17.32800007 15.89500046]
4,0.9243245124816895,[22.15199995 31.32800007 19.89500046]
5,0.6695157885551453,[42.15199995 41.32800007  3.89500046]
