,scores,centers
0,0.9989829659461975,[57.76800156 14.49600029 27.18900013]
1,0.9172490835189819,[59.76800156 -9.50399971 27.18900013]
2,0.991724967956543,[67.76800156  8.49600029 27.18900013]
3,0.996006190776825,[69.76800156  8.49600029 25.18900013]
