,scores,centers
0,0.9985906481742859,[62.22800016 -7.18899918 67.01900005]
1,0.997463583946228,[40.22800016  6.81100082 39.01900005]
