,scores,centers
0,0.9990736246109009,[44.29800034 18.73500061 10.91999817]
1,0.9973504543304443,[42.29800034 28.73500061 20.91999817]
2,0.9926687479019165,[ 48.29800034  14.73500061 -15.08000183]
3,0.9834150671958923,[54.29800034 12.73500061  0.91999817]
4,0.65472811460495,[18.29800034 40.73500061 14.91999817]
