,scores,centers
0,0.9990058541297913,[-0.38999939 15.5719986  19.09300041]
1,0.9921479821205139,[21.61000061  5.5719986  17.09300041]
