,scores,centers
0,0.9993762373924255,[18.9470005  -5.48600006 62.1779995 ]
