,scores,centers
0,0.999376118183136,[ 14.99100113 -12.86899948  21.375     ]
1,0.9790634512901306,[12.99100113  1.13100052 33.375     ]
2,0.9932205677032471,[18.99100113 13.13100052 19.375     ]
3,0.6081166863441467,[-1.00899887 13.13100052 23.375     ]
