,scores,centers
0,0.9981046915054321,[29.73499966 89.1269989  22.26600075]
1,0.9973426461219788,[33.73499966 93.1269989  -9.73399925]
