,scores,centers
0,0.9972164630889893,[53.50099945  0.87899971 35.58300018]
1,0.9431050419807434,[45.50099945  0.87899971 27.58300018]
2,0.5942004919052124,[43.50099945  4.87899971 33.58300018]
