,scores,centers
0,0.9996488094329834,[37.55999994 25.27200031 17.61600113]
1,0.9619421362876892,[53.55999994 35.27200031  1.61600113]
2,0.9958022236824036,[45.55999994 21.27200031 35.61600113]
