,scores,centers
0,0.9994739890098572,[ 28.62899971 -17.61299896  40.01799965]
1,0.9950584173202515,[34.62899971 -1.61299896 38.01799965]
