,scores,centers
0,0.999444305896759,[21.78199959 31.50199986 13.05599976]
1,0.9981228709220886,[ 9.78199959 45.50199986 31.05599976]
