,scores,centers
0,0.9987645149230957,[33.47399998 12.18799973 -4.5529995 ]
1,0.9982559084892273,[19.47399998  4.18799973 13.4470005 ]
2,0.9948645234107971,[17.47399998  6.18799973 -4.5529995 ]
3,0.9912148714065552,[35.47399998  2.18799973  7.4470005 ]
4,0.9769157767295837,[27.47399998 18.18799973 11.4470005 ]
