,scores,centers
0,0.99875807762146,[19.90600014 14.09899998 32.22700024]
1,0.9914528131484985,[39.90600014 22.09899998 12.22700024]
