,scores,centers
0,0.9973354935646057,[53.59399986  0.75       35.69700003]
1,0.9824700355529785,[43.59399986  0.75       27.69700003]
2,0.4447917938232422,[55.59399986  8.75       19.69700003]
3,0.5124852061271667,[35.59399986  2.75       27.69700003]
