,scores,centers
0,0.9999071359634399,[ 4.1590004  64.70000076 67.62599945]
1,0.9943572878837585,[-11.8409996   64.70000076  39.62599945]
2,0.9901745319366455,[24.1590004  64.70000076 57.62599945]
