,scores,centers
0,0.9985320568084717,[52.31999969 21.72599983  5.01099968]
1,0.9413267374038696,[58.31999969 27.72599983 15.01099968]
2,0.5080031752586365,[60.31999969 37.72599983  9.01099968]
3,0.9469903111457825,[60.31999969 25.72599983 -4.98900032]
