,scores,centers
0,0.9995388984680176,[17.29400063 11.65800095 20.55299997]
1,0.9992294311523438,[ 7.29400063 -4.34199905  8.55299997]
2,0.752228856086731,[  7.29400063 -12.34199905  28.55299997]
