,scores,centers
0,0.9987989664077759,[-6.20700073 21.30900002 29.91899872]
1,0.9939137101173401,[-8.20700073 49.30900002 33.91899872]
2,0.9871379137039185,[ 1.79299927 27.30900002 39.91899872]
