,scores,centers
0,0.9989112615585327,[49.70599937 26.43099976 12.91800022]
1,0.9865929484367371,[33.70599937 18.43099976 20.91800022]
2,0.997961163520813,[55.70599937 26.43099976 30.91800022]
