,scores,centers
0,0.9978246688842773,[24.05599976 31.71000004 19.86800003]
1,0.9975360631942749,[52.05599976 67.71000004  9.86800003]
2,0.9966261386871338,[38.05599976 47.71000004 13.86800003]
