,scores,centers
0,0.9995278120040894,[56.87300014 54.95300007 53.03900146]
1,0.9983227849006653,[44.87300014 40.95300007 65.03900146]
