,scores,centers
0,0.9991136193275452,[12.55500031 14.96199989 16.90099907]
1,0.9887682795524597,[ 2.55500031  2.96199989 26.90099907]
2,0.9457521438598633,[28.55500031  2.96199989 22.90099907]
3,0.9633960127830505,[26.55500031 10.96199989  4.90099907]
