,scores,centers
0,0.9995206594467163,[ 50.18000031  64.73699951 201.4730072 ]
