,scores,centers
0,0.998977780342102,[29.12100029 32.45900011 36.92199993]
1,0.985877275466919,[25.12100029 14.45900011 18.92199993]
