,scores,centers
0,0.9995070695877075,[20.90200043  9.49200058 24.18099976]
1,0.9993682503700256,[14.90200043 21.49200058 14.18099976]
2,0.9898697733879089,[ 4.90200043  5.49200058 52.18099976]
3,0.9555721879005432,[ 24.90200043   9.49200058 -15.81900024]
4,0.935165524482727,[26.90200043 -4.50799942 -3.81900024]
