,scores,centers
0,0.9991589784622192,[31.11199999 42.35500002 60.50500011]
1,0.9993139505386353,[43.11199999 32.35500002 28.50500011]
