,scores,centers
0,0.9994978904724121,[-19.61800003 -33.65499878  21.19999981]
1,0.9912890195846558,[-23.61800003 -21.65499878  35.19999981]
