,scores,centers
0,0.998795747756958,[53.25599957 52.66699982  1.01399994]
1,0.9236377477645874,[55.25599957 68.66699982 33.01399994]
2,0.9583151936531067,[23.25599957 82.66699982 39.01399994]
3,0.9107406139373779,[61.25599957 64.66699982 19.01399994]
4,0.6824096441268921,[43.25599957 78.66699982 35.01399994]
