,scores,centers
0,0.9981865286827087,[-36.51399994  41.84300041 115.87599945]
1,0.9992368221282959,[-24.51399994  49.84300041  85.87599945]
2,0.9993859529495239,[-32.51399994  43.84300041 141.87599945]
