,scores,centers
0,0.999142050743103,[35.38799953 74.48900032 76.04100037]
