,scores,centers
0,0.9998763799667358,[ 27.56299973 -10.16600037  16.40399933]
