,scores,centers
0,0.9988831877708435,[37.55999947  5.25099945 34.47200012]
1,0.9751778841018677,[ 7.55999947 -2.74900055 24.47200012]
