,scores,centers
0,0.9994041919708252,[ 4.6609993  29.44899988 25.75199986]
1,0.9988225102424622,[-7.3390007  55.44899988 25.75199986]
