,scores,centers
0,0.9987082481384277,[ 38.57299995  72.56600189 -17.74599838]
1,0.9898924827575684,[ 54.57299995  64.56600189 -25.74599838]
2,0.9385524392127991,[ 62.57299995  72.56600189 -11.74599838]
