,scores,centers
0,0.9994521737098694,[13.02300072 14.37599945 56.4810009 ]
