,scores,centers
0,0.9991742968559265,[ 20.38100004  16.13599968 159.06700134]
1,0.9984599351882935,[ 40.38100004  32.13599968 147.06700134]
2,0.9987810254096985,[ 40.38100004  46.13599968 115.06700134]
