,scores,centers
0,0.9947916269302368,[33.06599998 21.48200035 82.04899979]
1,0.9898748397827148,[37.06599998 31.48200035 76.04899979]
2,0.9764994978904724,[23.06599998 21.48200035 72.04899979]
3,0.9129294157028198,[37.06599998 11.48200035 76.04899979]
