,scores,centers
0,0.9989105463027954,[ 9.58399963 34.81799984 22.94099998]
1,0.994396448135376,[31.58399963 16.81799984  2.94099998]
2,0.9934114813804626,[-4.41600037 24.81799984 10.94099998]
