,scores,centers
0,0.9943880438804626,[25.39500046 39.17500019  9.45199966]
1,0.9868516325950623,[ 9.39500046 45.17500019 11.45199966]
2,0.9832946062088013,[25.39500046 21.17500019 -4.54800034]
3,0.9185544848442078,[15.39500046 49.17500019 -4.54800034]
