,scores,centers
0,0.9986316561698914,[61.39899826 40.70100021 13.63800049]
1,0.9956055283546448,[51.39899826 50.70100021  5.63800049]
2,0.9942693710327148,[59.39899826 62.70100021 11.63800049]
3,0.8423846364021301,[79.39899826 46.70100021 11.63800049]
