,scores,centers
0,0.9983224272727966,[ 24.375      -25.85200119  20.49199963]
1,0.9955539107322693,[38.375       2.14799881 16.49199963]
2,0.9975228905677795,[10.375      20.14799881 12.49199963]
