,scores,centers
0,0.9978481531143188,[-3.89299965 35.73700047 18.87800026]
1,0.9926353096961975,[ 6.10700035 31.73700047 24.87800026]
