,scores,centers
0,0.9980170726776123,[10.6590004   1.79399872 14.58799934]
1,0.9987998008728027,[ 2.6590004   7.79399872 -1.41200066]
2,0.9976925849914551,[20.6590004   9.79399872 40.58799934]
