,scores,centers
0,0.9977664947509766,[-9.92399979 34.01399994 41.85599995]
1,0.994289755821228,[-1.92399979 28.01399994  5.85599995]
2,0.9819714426994324,[-15.92399979  18.01399994  37.85599995]
