,scores,centers
0,0.999017596244812,[60.63499832 57.67200089 17.73400116]
1,0.9983962178230286,[72.63499832 43.67200089 35.73400116]
2,0.9966700673103333,[78.63499832 37.67200089 17.73400116]
3,0.9942574501037598,[60.63499832 31.67200089 25.73400116]
