,scores,centers
0,0.9989726543426514,[14.30899811 39.18000031 20.51200008]
1,0.9993925094604492,[20.30899811 37.18000031 36.51200008]
