,scores,centers
0,0.9994656443595886,[-18.45100021 -33.69800186  21.40799999]
1,0.9896571040153503,[-12.45100021 -13.69800186  31.40799999]
