,scores,centers
0,0.9993621706962585,[71.18999863 39.43899918 38.64700031]
