,scores,centers
0,0.9980489015579224,[14.74300003  7.27500153 14.36100006]
1,0.9978836178779602,[  8.74300003 -18.72499847  22.36100006]
2,0.9954714775085449,[  4.74300003 -16.72499847   0.36100006]
