,scores,centers
0,0.9989066123962402,[17.09300041 49.95199966 42.13700008]
1,0.9937024116516113,[23.09300041 67.95199966 30.13700008]
2,0.9797672033309937,[19.09300041 65.95199966 16.13700008]
