,scores,centers
0,0.9993222951889038,[15.4090004  -7.50399971 21.29800034]
1,0.9888098835945129,[17.4090004  10.49600029 33.29800034]
2,0.9833637475967407,[27.4090004   8.49600029 23.29800034]
