,scores,centers
0,0.9992223978042603,[21.72000122 65.42499924 21.7670002 ]
