,scores,centers
0,0.9992018342018127,[-5.65299988 45.88999939 25.86899948]
