,scores,centers
0,0.9988889098167419,[ 56.24900055 -30.5019989   18.49399948]
1,0.9973046779632568,[ 58.24900055 -12.5019989   26.49399948]
