,scores,centers
0,0.9991833567619324,[-0.66900063 15.7329998  45.55099964]
1,0.9815873503684998,[17.33099937  1.7329998  41.55099964]
2,0.9439354538917542,[17.33099937 19.7329998  27.55099964]
