,scores,centers
0,0.9989292025566101,[36.14099979 54.66300011 59.02499962]
1,0.9991256594657898,[26.14099979 72.66300011 77.02499962]
