,scores,centers
0,0.9990525841712952,[12.64400005 -8.47200012 40.29899979]
