,scores,centers
0,0.9985356330871582,[21.44099998 26.1970005  21.43700027]
1,0.9990142583847046,[21.44099998  2.1970005  21.43700027]
2,0.9991911053657532,[49.44099998 30.1970005  17.43700027]
