,scores,centers
0,0.9989738464355469,[44.49300003 45.17099953 89.0510006 ]
1,0.9986265897750854,[40.49300003 11.17099953 69.0510006 ]
