,scores,centers
0,0.9969893097877502,[34.5739994  11.64999962 21.05500031]
1,0.9966955184936523,[ 8.5739994   3.64999962 23.05500031]
2,0.9948524832725525,[ 6.5739994  23.64999962 27.05500031]
