,scores,centers
0,0.9992743134498596,[29.61100006 48.17499924 33.12800026]
1,0.9983224272727966,[25.61100006 40.17499924 29.12800026]
2,0.7753334641456604,[ 7.61100006 54.17499924 23.12800026]
3,0.9438649415969849,[19.61100006 60.17499924 37.12800026]
