,scores,centers
0,0.9982720613479614,[14.30700016 22.18299961  7.40200043]
1,0.8877933025360107,[14.30700016 38.18299961 21.40200043]
2,0.9876837134361267,[16.30700016 16.18299961  3.40200043]
3,0.41337910294532776,[ 16.30700016  16.18299961 -12.59799957]
