,scores,centers
0,0.8820228576660156,[35.82999992  1.6609993  30.11000061]
1,0.7439263463020325,[37.82999992  9.6609993  36.11000061]
2,0.9153755903244019,[31.82999992  5.6609993  42.11000061]
