,scores,centers
0,0.999582827091217,[12.75699997  3.4980011  57.53299999]
1,0.9993392825126648,[12.75699997  3.4980011  23.53299999]
