,scores,centers
0,0.9985879063606262,[21.96199989  2.06399918  9.10300064]
1,0.9907492995262146,[31.96199989 16.06399918 27.10300064]
2,0.9895357489585876,[37.96199989  6.06399918 -2.89699936]
