,scores,centers
0,0.9989470839500427,[ 3.3939991   7.51099968 19.0510006 ]
1,0.9942952990531921,[-6.6060009   7.51099968  3.0510006 ]
2,0.9587823152542114,[  1.3939991   11.51099968 -10.9489994 ]
3,0.9874626994132996,[21.3939991  13.51099968  7.0510006 ]
