,scores,centers
0,0.9990397095680237,[71.3939991  45.23200035 19.66699982]
1,0.9970582723617554,[83.3939991  41.23200035  9.66699982]
