,scores,centers
0,0.9985877275466919,[14.92700005 33.796      14.89500046]
1,0.9960253238677979,[-1.07299995 41.796      30.89500046]
