,scores,centers
0,0.9995075464248657,[45.70600128 15.66899872 31.68099976]
1,0.9986791014671326,[ 7.70600128  1.66899872 31.68099976]
