,scores,centers
0,0.9989686012268066,[33.61700058 43.20999908 21.54599953]
1,0.9449933767318726,[49.61700058 41.20999908 27.54599953]
