,scores,centers
0,0.998917818069458,[50.88999987 -0.98200226 22.18599987]
1,0.9985478520393372,[72.88999987  9.01799774 16.18599987]
2,0.9984595775604248,[28.88999987  7.01799774 24.18599987]
