,scores,centers
0,0.9990478157997131,[57.29199982 24.71199989 32.11299992]
1,0.9945382475852966,[57.29199982 40.71199989 24.11299992]
2,0.94400554895401,[33.29199982 30.71199989 28.11299992]
3,0.8076484203338623,[45.29199982 16.71199989 26.11299992]
