,scores,centers
0,0.9993796348571777,[-3.72900009 93.66600037 64.40200043]
1,0.9933193922042847,[-25.72900009  99.66600037  74.40200043]
