,scores,centers
0,0.9991616010665894,[  5.32099915 -10.90800095  28.44999981]
