,scores,centers
0,0.9989618062973022,[ 8.92700005 34.05499983 23.57900047]
1,0.9937684535980225,[26.92700005 14.05499983  9.57900047]
2,0.9849152565002441,[ 8.92700005 22.05499983 19.57900047]
3,0.7923069000244141,[36.92700005 28.05499983 29.57900047]
