,scores,centers
0,0.9995958209037781,[23.35099983 31.13000011 19.24099922]
1,0.9962978959083557,[19.35099983 49.13000011 -0.75900078]
2,0.9909359812736511,[-12.64900017  53.13000011  37.24099922]
