,scores,centers
0,0.9992927312850952,[-5.30200195 93.66600037 63.72900009]
1,0.9991555213928223,[-43.30200195 101.66600037  33.72900009]
