,scores,centers
0,0.9988542795181274,[ 7.50099945  4.46999931 94.89799881]
1,0.9414594769477844,[ 9.50099945 10.46999931 74.89799881]
2,0.9629842638969421,[-2.49900055  0.46999931 84.89799881]
3,0.9144903421401978,[19.50099945 -7.53000069 82.89799881]
4,0.7452072501182556,[ 1.50099945 -5.53000069 68.89799881]
