,scores,centers
0,0.9991239905357361,[36.70600033 21.60499954 61.22699928]
1,0.9201161861419678,[30.70600033 21.60499954 45.22699928]
