,scores,centers
0,0.9974110722541809,[53.47100067  0.91799927 35.61100006]
1,0.9603708386421204,[45.47100067  0.91799927 27.61100006]
2,0.5236992239952087,[43.47100067  4.91799927 33.61100006]
