,scores,centers
0,0.9993975162506104,[10.18300056 10.76000023 28.13500023]
1,0.9992167949676514,[12.18300056 10.76000023 24.13500023]
