,scores,centers
0,0.9996975660324097,[73.1629982  91.37599945 47.47200012]
1,0.9946817755699158,[75.1629982  73.37599945 27.47200012]
2,0.9815154075622559,[97.1629982  77.37599945 39.47200012]
