,scores,centers
0,0.9984832406044006,[ 6.85099983 38.26499987 23.57900047]
1,0.9917125701904297,[26.85099983 14.26499987  9.57900047]
2,0.9709274172782898,[-5.14900017 24.26499987 11.57900047]
3,0.8227431178092957,[34.85099983 28.26499987 29.57900047]
