,scores,centers
0,0.9981671571731567,[76.75299835 84.79000092 24.54800034]
1,0.9903674125671387,[66.75299835 98.79000092  8.54800034]
2,0.9699722528457642,[68.75299835 98.79000092 24.54800034]
3,0.8955773711204529,[70.75299835 86.79000092 12.54800034]
4,0.9290789365768433,[82.75299835 94.79000092 24.54800034]
