,scores,centers
0,0.9982194304466248,[28.82700014 26.08699989 61.57300186]
1,0.9960617423057556,[22.82700014 10.08699989 73.57300186]
