,scores,centers
0,0.9983477592468262,[22.83300018 -3.82500076  6.7820015 ]
1,0.9990115165710449,[ 50.83300018 -27.82500076  -7.2179985 ]
