,scores,centers
0,0.999178946018219,[ 8.50300026 -2.63699913 23.29299927]
1,0.9991377592086792,[ 6.50300026 -4.63699913 25.29299927]
