,scores,centers
0,0.999159574508667,[ 21.9829998  -35.44499969  20.45500183]
1,0.9990744590759277,[43.9829998  10.55500031 -5.54499817]
