,scores,centers
0,0.9991931319236755,[ 47.60000038  40.25199986 -18.43399811]
