,scores,centers
0,0.9987741112709045,[0.6989975  9.06600189 4.80900002]
1,0.9968457818031311,[ 8.6989975  -8.93399811  2.80900002]
2,0.9748275876045227,[ 0.6989975  -6.93399811 20.80900002]
3,0.9011105895042419,[-11.3010025    1.06600189  26.80900002]
