,scores,centers
0,0.9992617964744568,[22.45300007 11.45199966 32.94999981]
1,0.9912699460983276,[28.45300007 23.45199966 32.94999981]
