,scores,centers
0,0.9989897608757019,[ 33.58699989  22.125      -45.81700134]
1,0.9920369386672974,[ 35.58699989  40.125      -39.81700134]
