,scores,centers
0,0.9994924068450928,[18.57900047  5.30400085 29.09300041]
1,0.9881778359413147,[ 8.57900047 -4.69599915 15.09300041]
2,0.5769933462142944,[ 4.57900047  1.30400085 15.09300041]
