,scores,centers
0,0.9952475428581238,[4.11400032 5.65499878 9.18400002]
1,0.9974793791770935,[2.11400032 3.65499878 9.18400002]
