,scores,centers
0,0.998685896396637,[9.26900101 9.47800064 1.74200058]
1,0.9980010390281677,[-4.73099899 -8.52199936 -8.25799942]
2,0.985790491104126,[ 21.26900101 -12.52199936   5.74200058]
