,scores,centers
0,0.9991163611412048,[ 7.32799911 32.46199989 18.1079998 ]
1,0.9909123182296753,[ 3.32799911 26.46199989 18.1079998 ]
2,0.8874019384384155,[13.32799911 36.46199989 -1.8920002 ]
3,0.5104265213012695,[-10.67200089  16.46199989   6.1079998 ]
4,0.5164657831192017,[25.32799911 38.46199989 20.1079998 ]
