,scores,centers
0,0.9977625608444214,[38.16600037 27.5710001  22.19400024]
1,0.9949039220809937,[40.16600037 19.5710001  42.19400024]
2,0.9431920051574707,[26.16600037 25.5710001  42.19400024]
3,0.9607717990875244,[28.16600037 43.5710001  22.19400024]
4,0.8856842517852783,[50.16600037 29.5710001  40.19400024]
