,scores,centers
0,0.9979238510131836,[29.01599979 16.8029995  -2.28000069]
1,0.9931828379631042,[21.01599979 24.8029995  21.71999931]
2,0.9565289616584778,[29.01599979  4.8029995  13.71999931]
3,0.9408556818962097,[39.01599979 24.8029995  17.71999931]
4,0.4090721309185028,[ 31.01599979  38.8029995  -10.28000069]
