,scores,centers
0,0.9995763897895813,[13.18899918 79.11500168 23.10400009]
1,0.9070039391517639,[-4.81100082 79.11500168 13.10400009]
2,0.977192223072052,[-8.81100082 65.11500168 13.10400009]
