,scores,centers
0,0.9989650249481201,[13.19599915  5.90599823 28.8030014 ]
1,0.9992302656173706,[15.19599915  5.90599823 56.8030014 ]
2,0.99518221616745,[ 7.19599915 -0.09400177  0.8030014 ]
