,scores,centers
0,0.9981160163879395,[27.55900002 18.10200024 60.93799973]
1,0.9978587031364441,[19.55900002  8.10200024 68.93799973]
2,0.8998880386352539,[ 3.55900002 24.10200024 62.93799973]
3,0.9643285274505615,[13.55900002 10.10200024 44.93799973]
4,0.6751643419265747,[19.55900002 34.10200024 42.93799973]
