,scores,centers
0,0.9981733560562134,[33.96099997 33.30500031 33.93299961]
1,0.9987753033638,[27.96099997 43.30500031 21.93299961]
