,scores,centers
0,0.9979423880577087,[-0.13199997 21.08099985 22.5539999 ]
1,0.9485146999359131,[17.86800003 23.08099985 24.5539999 ]
2,0.737350344657898,[ 5.86800003 33.08099985 18.5539999 ]
3,0.589763343334198,[ 5.86800003 23.08099985 42.5539999 ]
