,scores,centers
0,0.9992979764938354,[15.88599968  6.84400177 10.49300003]
1,0.9901712536811829,[ 7.88599968 14.84400177  8.49300003]
