,scores,centers
0,0.9981421232223511,[-129.70799255   32.65600014  125.11699677]
1,0.9920701384544373,[-119.70799255   38.65600014  139.11699677]
2,0.9073368906974792,[-153.70799255   46.65600014  123.11699677]
