,scores,centers
0,0.9987940788269043,[14.25899982 41.62199974 12.87400055]
1,0.9967615008354187,[46.25899982 43.62199974 26.87400055]
