,scores,centers
0,0.9989001750946045,[20.57900047 -4.25900269  9.74500275]
1,0.8407862186431885,[ 18.57900047  -4.25900269 -14.25499725]
2,0.9761202931404114,[ 18.57900047 -16.25900269   1.74500275]
3,0.7868908047676086,[28.57900047 -8.25900269 -8.25499725]
