,scores,centers
0,0.9988370537757874,[65.45500183 14.09300041 19.22700119]
1,0.9986592531204224,[59.45500183  2.09300041 33.22700119]
2,0.9903171062469482,[87.45500183 28.09300041 -2.77299881]
