,scores,centers
0,0.9984873533248901,[-22.08300018  12.95600128  -9.98899841]
1,0.9985299110412598,[-12.08300018  20.95600128 -19.98899841]
2,0.8587409257888794,[-26.08300018  10.95600128 -33.98899841]
3,0.4704347550868988,[-6.08300018 16.95600128 -7.98899841]
