,scores,centers
0,0.999690055847168,[ 6.04999924 27.45599937 -1.97499847]
1,0.9414809942245483,[-5.95000076 25.45599937  6.02500153]
2,0.598562479019165,[-9.95000076 37.45599937 -9.97499847]
