,scores,centers
0,0.999757707118988,[11.63699913 -8.95899963  9.12100029]
1,0.9935027956962585,[-4.36300087  1.04100037 17.12100029]
2,0.9887308478355408,[19.63699913  1.04100037 23.12100029]
