,scores,centers
0,0.9990494847297668,[26.58599997  5.92300034 47.1590004 ]
1,0.9993855953216553,[ 34.58599997 -12.07699966  59.1590004 ]
2,0.9988182187080383,[26.58599997 23.92300034 31.1590004 ]
3,0.9512298703193665,[ 6.58599997 15.92300034 49.1590004 ]
