,scores,centers
0,0.9995967745780945,[83.06799984 55.40999985 44.8920002 ]
1,0.9998080134391785,[101.06799984  33.40999985  14.8920002 ]
2,0.9997976422309875,[39.06799984 11.40999985 42.8920002 ]
3,0.9996508359909058,[ 9.06799984 43.40999985 16.8920002 ]
