,scores,centers
0,0.9996422529220581,[23.31800079 75.22200012 11.02700043]
1,0.9996465444564819,[45.31800079 39.22200012  1.02700043]
