,scores,centers
0,0.9994000196456909,[ 9.76300049 24.93599987 32.36100006]
1,0.9893509745597839,[31.76300049 22.93599987 50.36100006]
2,0.9741736054420471,[13.76300049 20.93599987 56.36100006]
3,0.9010027647018433,[13.76300049  8.93599987 54.36100006]
