,scores,centers
0,0.9984455704689026,[21.10299969 15.36300087 30.12999916]
1,0.8589492440223694,[25.10299969 -4.63699913 36.12999916]
2,0.8463357090950012,[19.10299969 15.36300087 42.12999916]
