,scores,centers
0,0.9986473917961121,[22.6609993  11.24200058 21.37400055]
