,scores,centers
0,0.9930782914161682,[24.875      38.14799976 71.93600082]
1,0.9917311072349548,[-7.125      38.14799976 79.93600082]
2,0.9899038076400757,[30.875      28.14799976 83.93600082]
3,0.9096835851669312,[12.875      22.14799976 85.93600082]
4,0.6167293190956116,[ 6.875      30.14799976 73.93600082]
