,scores,centers
0,0.9990413784980774,[20.54500008 95.13800049 49.98500061]
1,0.9978944659233093,[24.54500008 77.13800049 41.98500061]
