,scores,centers
0,0.9988835453987122,[ 11.47500038   1.55200005 -10.23999977]
1,0.7817672491073608,[21.47500038  3.55200005  9.76000023]
