,scores,centers
0,0.999733030796051,[-22.7120018   51.91300011   5.86999893]
1,0.9980542659759521,[-12.7120018   37.91300011  13.86999893]
