,scores,centers
0,0.9993044137954712,[20.31600189 81.63500023 15.13800049]
1,0.9993007183074951,[10.31600189 43.63500023 23.13800049]
2,0.9996066689491272,[ 10.31600189 123.63500023  37.13800049]
