,scores,centers
0,0.9983201622962952,[ 72.81999969 -25.07099915 -22.13299942]
1,0.9094641208648682,[ 54.81999969   0.92900085 -28.13299942]
