,scores,centers
0,0.999372661113739,[ 14.79300022  32.04299927 -17.69200134]
1,0.9986479878425598,[30.79300022 56.04299927 12.30799866]
2,0.9885081648826599,[30.79300022 38.04299927  6.30799866]
3,0.8095594644546509,[28.79300022 56.04299927 -9.69200134]
4,0.9595459699630737,[14.79300022 32.04299927  2.30799866]
