,scores,centers
0,0.9989823698997498,[34.38199997 33.45899963 34.67600012]
1,0.9988645315170288,[12.38199997 27.45899963 38.67600012]
2,0.9982882142066956,[ 8.38199997 51.45899963 44.67600012]
