,scores,centers
0,0.9987591505050659,[80.67200089 13.44499969 11.61800003]
1,0.9993792772293091,[48.67200089 27.44499969 15.61800003]
