,scores,centers
0,0.9970620274543762,[27.67700005 47.0890007   4.2840004 ]
1,0.9952025413513184,[11.67700005 39.0890007   8.2840004 ]
2,0.904046356678009,[23.67700005 35.0890007  10.2840004 ]
3,0.9232321977615356,[13.67700005 45.0890007  22.2840004 ]
4,0.5528280735015869,[23.67700005 45.0890007  18.2840004 ]
