,scores,centers
0,0.9996801614761353,[30.98000002 33.82199955 24.04300022]
1,0.9935413599014282,[46.98000002 27.82199955 44.04300022]
