,scores,centers
0,0.9996397495269775,[99.10900116 23.95100021 33.75300026]
