,scores,centers
0,0.9985612034797668,[ 8.82799911 32.76599979 11.99499893]
1,0.9915436506271362,[12.82799911 30.76599979 17.99499893]
