,scores,centers
0,0.9991325736045837,[ 2.56200027  3.93199921 15.93700027]
1,0.998542070388794,[ 4.56200027  7.93199921 39.93700027]
2,0.9987823367118835,[12.56200027 25.93199921 25.93700027]
