,scores,centers
0,0.9993526339530945,[14.95600128 15.46199989 23.60200024]
1,0.9975125789642334,[-13.04399872  29.46199989  33.60200024]
