,scores,centers
0,0.997210681438446,[-3.66900063 24.62699986 15.0019989 ]
1,0.9586085677146912,[12.33099937 22.62699986 -2.9980011 ]
2,0.9746705293655396,[14.33099937 22.62699986 21.0019989 ]
3,0.9655866026878357,[ 4.33099937 34.62699986  5.0019989 ]
