,scores,centers
0,0.9998182654380798,[21.375      40.31099987 89.99200058]
1,0.9997990727424622,[45.375      70.31099987 63.99200058]
