,scores,centers
0,0.999559223651886,[37.         30.78800011 57.69799995]
1,0.9981335997581482,[35.         60.78800011 69.69799995]
2,0.9853160977363586,[23.         76.78800011 63.69799995]
