,scores,centers
0,0.9985032081604004,[ 7.24900055  2.76799774 22.22299957]
1,0.9977750182151794,[-4.75099945 -7.23200226 12.22299957]
2,0.9897643327713013,[27.24900055 12.76799774 40.22299957]
