,scores,centers
0,0.9988188147544861,[ -9.39500046  12.28800201 -31.08499908]
1,0.9932623505592346,[ -9.39500046   6.28800201 -19.08499908]
2,0.9841670393943787,[ -9.39500046   2.28800201 -45.08499908]
