,scores,centers
0,0.999337375164032,[102.29000092  33.94499969 164.10499573]
1,0.9985710382461548,[ 80.29000092  23.94499969 150.10499573]
2,0.9664871692657471,[ 82.29000092  41.94499969 162.10499573]
3,0.9730436205863953,[ 98.29000092  21.94499969 176.10499573]
4,0.6935323476791382,[ 62.29000092  33.94499969 142.10499573]
