,scores,centers
0,0.9991497993469238,[ 6.11800003 61.07699966 18.84199905]
1,0.980659008026123,[-7.88199997 51.07699966  4.84199905]
2,0.6594740748405457,[-17.88199997  69.07699966  10.84199905]
