,scores,centers
0,0.9967941641807556,[10.19799995  3.85300064 15.67000008]
1,0.921061098575592,[-1.80200005  3.85300064  7.67000008]
2,0.716820240020752,[ 4.19799995  3.85300064 23.67000008]
