,scores,centers
0,0.9997022747993469,[29.53899956 -1.80400085 -7.84799957]
1,0.9997482895851135,[29.53899956  0.19599915 -7.84799957]
