,scores,centers
0,0.9981328845024109,[32.94099998 11.46300125 29.17100143]
1,0.999345600605011,[ 58.94099998 -14.53699875   3.17100143]
2,0.9987832903862,[  4.94099998 -20.53699875 -14.82899857]
3,0.9991249442100525,[ 26.94099998  13.46300125 -26.82899857]
