,scores,centers
0,0.9987226128578186,[28.67199993 28.45699978 18.13899994]
1,0.9985058307647705,[ 4.67199993 22.45699978 28.13899994]
2,0.9892063140869141,[30.67199993 36.45699978 38.13899994]
