,scores,centers
0,0.9985498785972595,[106.32800293  23.39999962  21.84000015]
1,0.9844670295715332,[124.32800293  15.39999962  27.84000015]
2,0.9140917658805847,[116.32800293  27.39999962  33.84000015]
