,scores,centers
0,0.9954766631126404,[33.64500046  3.38100052 33.77400017]
1,0.984226644039154,[43.64500046 -8.61899948 45.77400017]
2,0.9748782515525818,[41.64500046 13.38100052 37.77400017]
3,0.8021920919418335,[ 51.64500046 -10.61899948  35.77400017]
