,scores,centers
0,0.979814350605011,[18.00400019 32.20300007 16.60900021]
1,0.943996012210846,[26.00400019 18.20300007  4.60900021]
2,0.5126248002052307,[18.00400019 32.20300007 22.60900021]
