,scores,centers
0,0.9989084005355835,[63.04100037 40.12800026 22.64799976]
1,0.9993457198143005,[57.04100037  6.12800026 12.64799976]
2,0.9936838150024414,[79.04100037 36.12800026 22.64799976]
