,scores,centers
0,0.9991759657859802,[12.94400024 20.16399956  5.2140007 ]
1,0.9986119270324707,[ 8.94400024  4.16399956 27.2140007 ]
