,scores,centers
0,0.9990081191062927,[-33.32500076  39.96199989  76.36399841]
1,0.99897301197052,[-29.32500076  15.96199989  60.36399841]
2,0.9983554482460022,[-37.32500076  11.96199989  82.36399841]
3,0.9976131916046143,[-27.32500076  13.96199989  62.36399841]
4,0.7306752800941467,[-33.32500076 -10.03800011  66.36399841]
