,scores,centers
0,0.9979472756385803,[17.3409996   4.18299866  4.73999977]
1,0.9899431467056274,[17.3409996  34.18299866  8.73999977]
2,0.9931013584136963,[23.3409996  -5.81700134 16.73999977]
