,scores,centers
0,0.9985746145248413,[11.49100113 16.06400013 39.41899967]
1,0.9929023385047913,[29.49100113  8.06400013 61.41899967]
2,0.9817179441452026,[25.49100113 18.06400013 33.41899967]
