,scores,centers
0,0.9986132383346558,[39.62199974 49.85400009 12.97500038]
1,0.9981618523597717,[57.62199974 27.85400009 20.97500038]
