,scores,centers
0,0.9995081424713135,[ 6.86399841  7.55699921 11.2480011 ]
1,0.9823519587516785,[ 6.86399841 15.55699921 25.2480011 ]
2,0.933686375617981,[-11.13600159  15.55699921  11.2480011 ]
