,scores,centers
0,0.9956595301628113,[51.3239994  22.20100021 41.82699966]
1,0.992891788482666,[45.3239994  18.20100021 51.82699966]
2,0.9040321111679077,[43.3239994   4.20100021 47.82699966]
