,scores,centers
0,0.9982969164848328,[59.90500069 24.72299957  5.60400009]
1,0.9982557892799377,[45.90500069  2.72299957  9.60400009]
2,0.9991876482963562,[77.90500069 20.72299957 25.60400009]
