,scores,centers
0,0.9975016713142395,[ -41.04399872 -134.24200439  -37.76399994]
1,0.9951051473617554,[ -49.04399872 -110.24200439   -1.76399994]
