,scores,centers
0,0.9996192455291748,[11.02500153 19.61299896 76.76399994]
1,0.9994919300079346,[-20.97499847  -6.38700104  70.76399994]
