,scores,centers
0,0.9993440508842468,[ 9.16300011 42.65500069 36.46600008]
1,0.9982436895370483,[27.16300011 14.65500069 46.46600008]
2,0.9957303404808044,[ 5.16300011 12.65500069 64.46600008]
