,scores,centers
0,0.9987539052963257,[11.1789999  26.27099991  7.36700058]
