,scores,centers
0,0.9996832609176636,[-61.67299652  -3.11399841 -19.56299973]
1,0.9995371103286743,[-31.67299652   2.88600159 -21.56299973]
