,scores,centers
0,0.9991268515586853,[23.20599937 20.17599869 44.68400002]
1,0.9990653395652771,[31.20599937 36.17599869 12.68400002]
