,scores,centers
0,0.9990692734718323,[-50.29699707  80.4070015   60.40000153]
1,0.9985781908035278,[-24.29699707  96.4070015   52.40000153]
2,0.9920704960823059,[-42.29699707  82.4070015   84.40000153]
