,scores,centers
0,0.9590992331504822,[ 60.11700058 -20.52899933   2.12400055]
1,0.9482019543647766,[68.11700058 -4.52899933  8.12400055]
2,0.9815391898155212,[ 72.11700058 -10.52899933   4.12400055]
3,0.745481550693512,[ 80.11700058 -12.52899933   8.12400055]
