,scores,centers
0,0.9977206587791443,[-10.19400024   6.29000092 -41.76899719]
1,0.9810880422592163,[ -4.19400024  26.29000092 -29.76899719]
2,0.9816343188285828,[ -8.19400024  34.29000092 -51.76899719]
3,0.9827049374580383,[-16.19400024 -13.70999908 -43.76899719]
