,scores,centers
0,0.9991862177848816,[ 11.07600021   3.19200134 -10.06800079]
1,0.9759333729743958,[21.07600021  3.19200134  9.93199921]
2,0.8610227704048157,[17.07600021  1.19200134 -4.06800079]
