,scores,centers
0,0.9965980648994446,[ -6.38299942  55.51300049 183.67500305]
1,0.9987732768058777,[-14.38299942  33.51300049 165.67500305]
2,0.9975783228874207,[-14.38299942   7.51300049 161.67500305]
