,scores,centers
0,0.999640941619873,[21.66300011 25.98099995 33.16800022]
1,0.9974831938743591,[37.66300011 29.98099995 25.16800022]
2,0.9935694932937622,[29.66300011 45.98099995 35.16800022]
