,scores,centers
0,0.9993613362312317,[19.81400013 59.15399933 24.9630003 ]
1,0.9273384213447571,[31.81400013 53.15399933 26.9630003 ]
2,0.9420521855354309,[31.81400013 59.15399933 18.9630003 ]
