,scores,centers
0,0.9986199140548706,[26.33300018 11.76300049 26.41600037]
1,0.9987045526504517,[40.33300018 17.76300049 14.41600037]
