,scores,centers
0,0.9993176460266113,[20.79500008 10.33300018  1.68899918]
1,0.9976213574409485,[ -1.20499992 -11.66699982  -0.31100082]
2,0.9346572756767273,[28.79500008 -9.66699982  1.68899918]
