,scores,centers
0,0.997951328754425,[17.97500038 14.22399902  8.16600037]
1,0.9973377585411072,[15.97500038  8.22399902 36.16600037]
2,0.997409999370575,[ 31.97500038  10.22399902 -17.83399963]
