,scores,centers
0,0.9991616010665894,[ 23.77600002  10.21900177 -12.70399857]
1,0.9952527284622192,[ 35.77600002 -11.78099823 -12.70399857]
2,0.9858241081237793,[ 21.77600002 -13.78099823 -10.70399857]
