,scores,centers
0,0.9998334646224976,[38.46800041 10.07699966 60.34900093]
1,0.9986662864685059,[40.46800041 -1.92300034 78.34900093]
2,0.9990288019180298,[34.46800041 12.07699966 56.34900093]
