,scores,centers
0,0.9960699081420898,[16.05599976  9.99399948 12.56699944]
1,0.9992146492004395,[12.05599976 37.99399948 16.56699944]
2,0.9994730353355408,[30.05599976 -4.00600052  2.56699944]
