,scores,centers
0,0.9988957643508911,[28.40299988 12.85000038 15.11800003]
1,0.9987051486968994,[50.40299988  8.85000038 17.11800003]
