,scores,centers
0,0.9996883869171143,[ 7.36600113 39.58600044  6.21199799]
1,0.9872773289680481,[ 5.36600113 49.58600044 -9.78800201]
