,scores,centers
0,0.9975181818008423,[ 7.28000069  7.22599983 36.08500004]
1,0.9992119073867798,[ 5.28000069 23.22599983 30.08500004]
2,0.9858878254890442,[-8.71999931  3.22599983 34.08500004]
3,0.9280662536621094,[-8.71999931 19.22599983 56.08500004]
4,0.8330263495445251,[21.28000069 13.22599983 56.08500004]
