,scores,centers
0,0.9991814494132996,[ 1.875      -0.21099854 26.79000092]
1,0.9985724687576294,[-32.125        9.78900146   4.79000092]
