,scores,centers
0,0.9991781115531921,[85.36100006 35.36800003 14.9659996 ]
1,0.9412434101104736,[95.36100006 57.36800003 28.9659996 ]
2,0.9200533032417297,[85.36100006 47.36800003 38.9659996 ]
3,0.716048538684845,[87.36100006 63.36800003 14.9659996 ]
4,0.9256712794303894,[97.36100006 49.36800003  4.9659996 ]
