,scores,centers
0,0.9973734617233276,[-26.32899857  33.73400021   7.14100075]
1,0.9977768063545227,[-10.32899857  19.73400021  -4.85899925]
