,scores,centers
0,0.9988221526145935,[37.05699921 -7.16500092 36.1609993 ]
1,0.9976866245269775,[33.05699921 -3.16500092 26.1609993 ]
2,0.9993114471435547,[21.05699921 18.83499908 18.1609993 ]
