,scores,centers
0,0.9996696710586548,[18.89999962 31.4749999  17.94499969]
1,0.9785972237586975,[36.89999962 21.4749999  19.94499969]
2,0.8787702322006226,[12.89999962 21.4749999   5.94499969]
