,scores,centers
0,0.9992265701293945,[76.88100052 35.28499985 15.23400116]
