,scores,centers
0,0.9993547797203064,[ 0.1210022   7.76699829 62.94200039]
1,0.999406099319458,[12.1210022   9.76699829 32.94200039]
