,scores,centers
0,0.999213457107544,[63.40800095 51.00500011 36.52599907]
1,0.997812032699585,[81.40800095 19.00500011 50.52599907]
