,scores,centers
0,0.9991297125816345,[-1.07500076 27.9460001   9.39299965]
