,scores,centers
0,0.9991573095321655,[ 5.38899994 18.10099983 21.02799988]
1,0.9605302810668945,[23.38899994 34.10099983  9.02799988]
