,scores,centers
0,0.9995986819267273,[44.28399992 37.50600052 23.52000046]
1,0.9995476603507996,[16.28399992 17.50600052 33.52000046]
2,0.9962309002876282,[40.28399992 17.50600052 21.52000046]
3,0.9856107234954834,[32.28399992 47.50600052 35.52000046]
