,scores,centers
0,0.9984220266342163,[13.23699951 26.79100037  6.86100006]
1,0.9122909903526306,[ 7.23699951 30.79100037 20.86100006]
2,0.7391754388809204,[ 7.23699951 40.79100037 20.86100006]
3,0.5197433829307556,[15.23699951 34.79100037 24.86100006]
