,scores,centers
0,0.9983018636703491,[37.96899986 42.88800049 -1.37000275]
1,0.9788467288017273,[37.96899986 62.88800049 -9.37000275]
2,0.9904654026031494,[21.96899986 54.88800049  4.62999725]
3,0.645359456539154,[55.96899986 50.88800049 -3.37000275]
