,scores,centers
0,0.9990290403366089,[17.1230011   3.21899986 33.32400131]
1,0.9978427886962891,[-10.8769989   25.21899986  63.32400131]
