,scores,centers
0,0.9988893866539001,[17.57500076 11.01600075  8.57299995]
1,0.9845961928367615,[15.57500076  3.01600075 24.57299995]
2,0.9877268671989441,[13.57500076  3.01600075 24.57299995]
