,scores,centers
0,0.9988805651664734,[15.62199974 32.17300034 55.09600067]
1,0.9983288645744324,[15.62199974 30.17300034 55.09600067]
