,scores,centers
0,0.997495174407959,[13.67700005 -6.08200073 19.95700073]
1,0.970185399055481,[ 5.67700005 13.91799927 33.95700073]
2,0.8660925626754761,[27.67700005 -4.08200073  1.95700073]
