,scores,centers
0,0.9994359612464905,[ 22.70600033  11.82600021 -13.88299942]
1,0.9993942975997925,[44.70600033 25.82600021  4.11700058]
2,0.9938826560974121,[32.70600033  7.82600021 16.11700058]
3,0.9926717281341553,[ 34.70600033  33.82600021 -23.88299942]
