,scores,centers
0,0.999036431312561,[22.98600006 25.26099968 13.83300018]
1,0.9995298385620117,[ 2.98600006 45.26099968 -4.16699982]
