,scores,centers
0,0.9992094039916992,[26.47000122 74.25       35.92500019]
