,scores,centers
0,0.981054425239563,[ 16.36600018   0.30400085 -15.02700043]
1,0.9764183163642883,[ 14.36600018  -1.69599915 -15.02700043]
2,0.7335342764854431,[ 20.36600018  -1.69599915 -19.02700043]
