,scores,centers
0,0.9996432065963745,[ 20.32900047 127.70800018  18.15999985]
1,0.9996451139450073,[ 54.32900047 151.70800018  24.15999985]
2,0.9980865716934204,[ 34.32900047 125.70800018   8.15999985]
