,scores,centers
0,0.9989087581634521,[20.36600113  5.40499878 20.81700134]
1,0.9920880198478699,[ 26.36600113 -10.59500122  10.81700134]
