,scores,centers
0,0.9974517226219177,[79.2480011  61.76499939 95.43600082]
1,0.9762198328971863,[ 95.2480011   83.76499939 105.43600082]
2,0.9936771988868713,[107.2480011  103.76499939 117.43600082]
