,scores,centers
0,0.9984812140464783,[29.67199993 35.18400002 14.69099998]
1,0.9834468364715576,[31.67199993 17.18400002 12.69099998]
2,0.834263026714325,[17.67199993 19.18400002  8.69099998]
