,scores,centers
0,0.9994463324546814,[34.23200035 33.83499908 38.99600029]
