,scores,centers
0,0.9990764856338501,[ 5.34199905 68.52300072 -7.21199799]
1,0.9954453706741333,[23.34199905 58.52300072  4.78800201]
2,0.9888331890106201,[41.34199905 72.52300072 -7.21199799]
