,scores,centers
0,0.998913049697876,[51.11699963  0.14599991 21.71100044]
1,0.9978972673416138,[79.11699963  6.14599991 25.71100044]
2,0.998532772064209,[25.11699963  6.14599991 15.71100044]
