,scores,centers
0,0.9984083771705627,[56.23799992 39.3920002   9.72000122]
1,0.9724813103675842,[42.23799992 25.3920002   1.72000122]
2,0.9723612070083618,[32.23799992 31.3920002   9.72000122]
3,0.9152715802192688,[44.23799992 17.3920002  17.72000122]
4,0.8744081258773804,[56.23799992 27.3920002  -4.27999878]
5,0.8531346917152405,[22.23799992 31.3920002  19.72000122]
6,0.7467408776283264,[54.23799992 35.3920002  23.72000122]
7,0.4690706431865692,[40.23799992 41.3920002  17.72000122]
