,scores,centers
0,0.9996106028556824,[30.19400024 29.38899994 92.43299866]
