,scores,centers
0,0.9935979843139648,[  3.68000031 -10.53499985 -10.65200043]
1,0.9665696024894714,[ -8.31999969 -14.53499985  -8.65200043]
2,0.9757472276687622,[ 15.68000031 -18.53499985  -8.65200043]
3,0.9364237785339355,[  5.68000031 -12.53499985 -32.65200043]
4,0.6288461089134216,[ 25.68000031 -16.53499985 -20.65200043]
5,0.4521206319332123,[  9.68000031 -28.53499985 -20.65200043]
