,scores,centers
0,0.999049723148346,[ 7.00899887 12.63299942 -4.08499908]
1,0.9983324408531189,[ 3.00899887 -3.36700058 17.91500092]
2,0.9976068735122681,[  7.00899887 -15.36700058  41.91500092]
