,scores,centers
0,0.9982574582099915,[ 9.04599953 21.63700104 18.09200001]
1,0.9950915575027466,[ 1.04599953 15.63700104 10.09200001]
2,0.9941755533218384,[23.04599953  9.63700104 36.09200001]
