,scores,centers
0,0.999129593372345,[-16.74700165  -4.14500046  18.62699986]
1,0.6250666975975037,[  3.25299835 -14.14500046   8.62699986]
