,scores,centers
0,0.9991470575332642,[ 7.02799988 47.62899971 54.54199982]
1,0.9970093965530396,[ 5.02799988 43.62899971 84.54199982]
2,0.988964319229126,[-4.97200012 27.62899971 72.54199982]
