,scores,centers
0,0.9993775486946106,[ 1.23699951  7.39900017 13.14999962]
1,0.9987865090370178,[-2.76300049  9.39900017  7.14999962]
