,scores,centers
0,0.9796780347824097,[39.90999985 76.43999863 91.35200119]
1,0.9773910045623779,[33.90999985 80.43999863 83.35200119]
2,0.9392088055610657,[55.90999985 76.43999863 91.35200119]
3,0.803782045841217,[33.90999985 80.43999863 69.35200119]
4,0.5156089663505554,[57.90999985 84.43999863 79.35200119]
5,0.6183002591133118,[51.90999985 70.43999863 77.35200119]
6,0.5081421732902527,[39.90999985 92.43999863 71.35200119]
7,0.451479971408844,[37.90999985 92.43999863 75.35200119]
