,scores,centers
0,0.9997263550758362,[23.67500019 30.60299969  6.67200089]
1,0.9936375617980957,[19.67500019 10.60299969 26.67200089]
