,scores,centers
0,0.9989355206489563,[19.86299992 38.83300018 68.68400002]
1,0.9993865489959717,[21.86299992 16.83300018 82.68400002]
2,0.9992395639419556,[13.86299992 60.83300018 86.68400002]
3,0.9993938207626343,[19.86299992 38.83300018 44.68400002]
