,scores,centers
0,0.9996907711029053,[41.81500006 34.2420001  76.39899826]
