,scores,centers
0,0.9993388056755066,[17.06999969 22.02000046 38.52799988]
1,0.9984537363052368,[15.06999969 22.02000046 12.52799988]
2,0.9931678175926208,[ 3.06999969 28.02000046 60.52799988]
