,scores,centers
0,0.9992651343345642,[ 41.421      -12.31200027  76.2859993 ]
1,0.9992766976356506,[63.421      15.68799973 68.2859993 ]
2,0.9965534210205078,[43.421       3.68799973 60.2859993 ]
3,0.9984560012817383,[23.421      15.68799973 66.2859993 ]
4,0.7935057282447815,[47.421      27.68799973 56.2859993 ]
