,scores,centers
0,0.9984186887741089,[54.74900055 53.45800018 13.47800064]
1,0.9963176250457764,[44.74900055 31.45800018 21.47800064]
2,0.9972049593925476,[60.74900055 25.45800018 21.47800064]
