,scores,centers
0,0.9983612895011902,[10.20700073 46.45899963 21.57499981]
1,0.9801755547523499,[ 2.20700073 58.45899963 43.57499981]
2,0.9827265739440918,[12.20700073 44.45899963 43.57499981]
