,scores,centers
0,0.9993595480918884,[45.91800022 13.02499962 41.59800005]
1,0.9992696642875671,[27.91800022 29.02499962 49.59800005]
