,scores,centers
0,0.994861900806427,[34.7670002  10.02799988 62.10699844]
1,0.7386963367462158,[30.7670002  -3.97200012 64.10699844]
2,0.7126044034957886,[24.7670002   6.02799988 58.10699844]
