,scores,centers
0,0.999295711517334,[59.48300171 16.07499981 33.04899979]
1,0.9966656565666199,[85.48300171 32.07499981 41.04899979]
2,0.8696664571762085,[83.48300171  8.07499981 43.04899979]
