,scores,centers
0,0.9985735416412354,[71.05600023 55.40199995 50.9829998 ]
1,0.9989593029022217,[27.05600023 43.40199995 22.9829998 ]
2,0.9982838034629822,[25.05600023 87.40199995 34.9829998 ]
