,scores,centers
0,0.9991732239723206,[ 43.00699997 -18.76699829  38.87599993]
1,0.9941924214363098,[39.00699997 -2.76699829 38.87599993]
