,scores,centers
0,0.999289870262146,[47.73000002 49.02499962 69.41400146]
1,0.9993788003921509,[39.73000002 69.02499962 79.41400146]
