,scores,centers
0,0.786560595035553,[14.57999992 23.14900017 24.9659996 ]
1,0.8450256586074829,[-3.42000008 23.14900017 10.9659996 ]
2,0.5791259407997131,[20.57999992 29.14900017 20.9659996 ]
3,0.7093385457992554,[ 6.57999992 23.14900017  4.9659996 ]
