,scores,centers
0,0.9995282888412476,[ 9.89500046 32.29500008 23.22900009]
1,0.9474636316299438,[-2.10499954 28.29500008 35.22900009]
