,scores,centers
0,0.9981353282928467,[-26.48100281   0.88599968  -8.88800049]
1,0.9971128702163696,[-18.48100281 -13.11400032   3.11199951]
