,scores,centers
0,0.9997921586036682,[22.04599953  9.13199997 23.24600029]
