,scores,centers
0,0.9997145533561707,[30.62400007 23.71700001 48.96500015]
1,0.9981310963630676,[26.62400007 37.71700001 48.96500015]
2,0.9907844066619873,[18.62400007 25.71700001 56.96500015]
