,scores,centers
0,0.9973951578140259,[23.02799988 31.42000008 35.16100025]
1,0.9891088008880615,[19.02799988 43.42000008 23.16100025]
2,0.9804964661598206,[ 9.02799988 39.42000008 31.16100025]
3,0.9272192120552063,[15.02799988 31.42000008 23.16100025]
