,scores,centers
0,0.9986090064048767,[22.43899918 18.80799866 19.43599987]
1,0.9991759657859802,[44.43899918 28.80799866 21.43599987]
2,0.9988320469856262,[ 0.43899918 20.80799866 21.43599987]
3,0.5632016658782959,[10.43899918  2.80799866 23.43599987]
