,scores,centers
0,0.9996339082717896,[13.48200035  5.31599998 12.98799992]
1,0.996485710144043,[11.48200035 13.31599998 26.98799992]
2,0.9473457336425781,[ 9.48200035 17.31599998 24.98799992]
