,scores,centers
0,0.9995941519737244,[21.04699993 10.36499786 80.47499847]
1,0.9993641972541809,[43.04699993 34.36499786 54.47499847]
