,scores,centers
0,0.998429000377655,[ 7.74300003 -1.38800049 43.02600002]
1,0.9545896053314209,[ 5.74300003 14.61199951 21.02600002]
2,0.856997013092041,[-0.25699997  0.61199951 23.02600002]
3,0.6012488007545471,[-6.25699997  8.61199951 31.02600002]
