,scores,centers
0,0.9984508752822876,[-7.21699905 36.92299986 -0.39099884]
1,0.9979053735733032,[ 12.78300095  24.92299986 -24.39099884]
2,0.998857855796814,[ 34.78300095  40.92299986 -12.39099884]
