,scores,centers
0,0.9987823367118835,[12.16200066 55.17900085 51.49500084]
1,0.9864100813865662,[26.16200066 67.17900085 37.49500084]
2,0.9832973480224609,[48.16200066 63.17900085 57.49500084]
