,scores,centers
0,0.9996234178543091,[34.30500031 56.8560009  24.40999985]
1,0.9992468357086182,[22.30500031  4.8560009  -9.59000015]
2,0.9984037280082703,[26.30500031 28.8560009   8.40999985]
