,scores,centers
0,0.9996418952941895,[18.01000023 29.04899979 31.45800018]
1,0.9997941851615906,[18.01000023 27.04899979 31.45800018]
