,scores,centers
0,0.9995518326759338,[10.59300041  3.98699951 23.87300014]
1,0.9994621872901917,[-1.40699959 25.98699951 13.87300014]
