,scores,centers
0,0.999099612236023,[55.1590004  10.39400005 37.91400146]
1,0.9962839484214783,[29.1590004  38.39400005 15.91400146]
2,0.9440683722496033,[35.1590004  32.39400005 -6.08599854]
