,scores,centers
0,0.9996893405914307,[-5.88600159 26.47599983  5.15999985]
1,0.9960313439369202,[-1.88600159 28.47599983 25.15999985]
