,scores,centers
0,0.9983678460121155,[10.4630003  24.01599979  7.23600006]
1,0.9982314705848694,[16.4630003  22.01599979  7.23600006]
2,0.4009828567504883,[14.4630003  36.01599979 21.23600006]
