,scores,centers
0,0.9993401169776917,[52.70000076 27.02200031 30.79199982]
1,0.9991543292999268,[68.70000076 27.02200031 42.79199982]
2,0.732449471950531,[58.70000076  5.02200031 42.79199982]
3,0.5724202990531921,[44.70000076 13.02200031 42.79199982]
