,scores,centers
0,0.9991757273674011,[19.12899971 -9.4469986  14.8920002 ]
1,0.9992390871047974,[ 9.12899971  6.5530014  34.8920002 ]
2,0.994127631187439,[ 37.12899971 -23.4469986    0.8920002 ]
