,scores,centers
0,0.9990231990814209,[23.79899979  1.80400085 12.88800049]
