,scores,centers
0,0.9997363686561584,[31.46500015 16.43499947 -1.01199913]
1,0.9932892918586731,[17.46500015 18.43499947 -9.01199913]
