,scores,centers
0,0.9992198944091797,[ 16.0539999  108.05699921  21.56900024]
1,0.9985598921775818,[ 44.0539999  112.05699921  43.56900024]
2,0.9840846061706543,[ 18.0539999  114.05699921  51.56900024]
3,0.9771623015403748,[ 32.0539999  118.05699921  27.56900024]
