,scores,centers
0,0.999262273311615,[ 62.07600021  56.71899986 -17.37900162]
1,0.9970393776893616,[ 92.07600021  56.71899986 -29.37900162]
