,scores,centers
0,0.9995445609092712,[35.97500038 68.95100021 13.46099854]
