,scores,centers
0,0.9997327923774719,[37.44199991 29.58199978 -4.08200073]
