,scores,centers
0,0.9988777041435242,[13.09500027 48.92700005 20.74800014]
1,0.9988237023353577,[13.09500027 48.92700005 18.74800014]
