,scores,centers
0,0.9978930354118347,[-4.49900055 -0.28199959 14.9090004 ]
1,0.9978836178779602,[ 5.50099945 -6.28199959  6.9090004 ]
2,0.9791249632835388,[-16.49900055 -10.28199959  32.9090004 ]
3,0.5893669128417969,[-20.49900055 -12.28199959  14.9090004 ]
