,scores,centers
0,0.9995126724243164,[15.96099997 67.04199982 37.22599983]
1,0.8898330926895142,[27.96099997 85.04199982 31.22599983]
2,0.9039034247398376,[21.96099997 51.04199982 35.22599983]
3,0.8745852708816528,[33.96099997 73.04199982 45.22599983]
4,0.9034465551376343,[27.96099997 69.04199982 53.22599983]
