,scores,centers
0,0.9997288584709167,[96.30599976 16.79299927 -3.19400024]
1,0.9990391731262207,[102.30599976  42.79299927  10.80599976]
