,scores,centers
0,0.9986764788627625,[32.74699974 18.5890007  10.52299881]
1,0.997600257396698,[36.74699974 18.5890007  10.52299881]
2,0.5723347663879395,[42.74699974  6.5890007  16.52299881]
3,0.45736637711524963,[32.74699974  2.5890007   8.52299881]
