,scores,centers
0,0.9994125366210938,[  6.58399963 -53.90399933  82.8219986 ]
1,0.9992095232009888,[ 12.58399963 -47.90399933  92.8219986 ]
2,0.9982067346572876,[  4.58399963 -33.90399933  82.8219986 ]
3,0.99654620885849,[ -5.41600037 -41.90399933  78.8219986 ]
4,0.863861083984375,[ 22.58399963 -33.90399933  82.8219986 ]
5,0.8077898621559143,[  0.58399963 -21.90399933  86.8219986 ]
