,scores,centers
0,0.9992857575416565,[ 5.72400093 -0.21299934 24.32999992]
1,0.9875054359436035,[11.72400093 17.78700066 42.32999992]
2,0.9266141057014465,[17.72400093  9.78700066 36.32999992]
