,scores,centers
0,0.9975579977035522,[10.14599991 89.91400146 27.93199921]
1,0.995999813079834,[ 34.14599991 113.91400146   7.93199921]
