,scores,centers
0,0.9989492297172546,[11.89500046  1.06999969 -9.8010006 ]
1,0.5596592426300049,[19.89500046  3.06999969 12.1989994 ]
