,scores,centers
0,0.9995638728141785,[-2.71899986 71.05899811 58.10400009]
1,0.9934121966362,[ 5.28100014 57.05899811 70.10400009]
