,scores,centers
0,0.9992995262145996,[-35.47899628 -28.13000107  42.32299995]
1,0.992871105670929,[-51.47899628 -22.13000107  44.32299995]
2,0.9818445444107056,[-37.47899628 -26.13000107  16.32299995]
