,scores,centers
0,0.9985415935516357,[-5.05699921  1.11400032  0.08100128]
1,0.9980667233467102,[6.94300079 9.11400032 0.08100128]
2,0.992184579372406,[ 10.94300079 -12.88599968   0.08100128]
