,scores,centers
0,0.999674916267395,[38.6260004  29.35999966 19.09199905]
