,scores,centers
0,0.999305248260498,[-0.47400093 36.16400003  4.64299965]
