,scores,centers
0,0.9990885257720947,[ 5.29000092 30.50099993 16.39699936]
1,0.9851557612419128,[ 3.29000092 26.50099993 18.39699936]
2,0.740513026714325,[13.29000092 18.50099993  6.39699936]
3,0.7350693941116333,[11.29000092 36.50099993 -1.60300064]
