,scores,centers
0,0.9995859265327454,[71.91699982 43.7159996   9.4280014 ]
1,0.9990710020065308,[ 39.91699982  71.7159996  -30.5719986 ]
