,scores,centers
0,0.9989213943481445,[-4.04800034  4.45000076 15.54500008]
1,0.9978082776069641,[ 3.95199966 -7.54999924  5.54500008]
2,0.9816086888313293,[-8.04800034 -7.54999924 33.54500008]
