,scores,centers
0,0.9993922710418701,[17.30900002 15.53000069 36.70800018]
1,0.9970912933349609,[19.30900002 -0.46999931 48.70800018]
2,0.9930054545402527,[31.30900002 -8.46999931 40.70800018]
