,scores,centers
0,0.992749035358429,[25.31900024  1.32699966 34.53999996]
1,0.8540986180305481,[37.31900024  9.32699966 40.53999996]
2,0.9604693651199341,[15.31900024 -4.67300034 26.53999996]
3,0.7049325704574585,[33.31900024  5.32699966 26.53999996]
4,0.6110002398490906,[35.31900024 11.32699966 20.53999996]
