,scores,centers
0,0.9992676377296448,[47.33200073 99.27700043 -3.43399811]
1,0.9954816102981567,[ 35.33200073 109.27700043   2.56600189]
2,0.9718837738037109,[33.33200073 97.27700043 -9.43399811]
3,0.7106598615646362,[ 55.33200073  95.27700043 -21.43399811]
4,0.4202916920185089,[ 43.33200073 111.27700043 -21.43399811]
