,scores,centers
0,0.9995088577270508,[26.05599976 -2.38700104 33.24100018]
1,0.9987346529960632,[ 0.05599976 -8.38700104 31.24100018]
2,0.9530670046806335,[ 20.05599976 -10.38700104  43.24100018]
