,scores,centers
0,0.9992673993110657,[ 5.02500153  0.49200058 24.60800171]
1,0.9991599321365356,[37.02500153  0.49200058 16.60800171]
