,scores,centers
0,0.9989883303642273,[ 33.77099991  15.19900131 -19.30699921]
1,0.9971590042114258,[ 45.77099991  21.19900131 -23.30699921]
2,0.9864174127578735,[29.77099991  9.19900131 -3.30699921]
3,0.8587407469749451,[27.77099991 19.19900131  4.69300079]
