,scores,centers
0,0.9992973804473877,[59.83399963 91.125       4.96100044]
1,0.9910216927528381,[73.83399963 83.125      -3.03899956]
2,0.995806097984314,[67.83399963 79.125      12.96100044]
3,0.9718517065048218,[ 67.83399963 101.125       10.96100044]
