,scores,centers
0,0.9967532753944397,[48.13000107  4.66799927 22.40100002]
1,0.9948955178260803,[52.13000107 -7.33200073 24.40100002]
2,0.9907773733139038,[68.13000107 -1.33200073 26.40100002]
3,0.7277977466583252,[56.13000107 10.66799927 36.40100002]
