,scores,centers
0,0.9956458210945129,[26.66599989 17.86600018 21.43500137]
1,0.9942578077316284,[48.66599989 29.86600018 -0.56499863]
2,0.9919473528862,[36.66599989 29.86600018 21.43500137]
3,0.4492279589176178,[56.66599989 33.86600018  9.43500137]
