,scores,centers
0,0.9992613196372986,[-11.19599915  17.1420002   29.73099995]
1,0.9991124272346497,[-9.19599915 17.1420002  25.73099995]
