,scores,centers
0,0.9916839599609375,[41.39699936 18.37699986 51.77300072]
1,0.9933221936225891,[51.39699936 22.37699986 41.77300072]
2,0.86472487449646,[43.39699936  4.37699986 47.77300072]
3,0.5738800764083862,[41.39699936  4.37699986 41.77300072]
4,0.6716499328613281,[31.39699936  8.37699986 39.77300072]
