,scores,centers
0,0.9990546107292175,[ 21.77199936 -11.68299866   7.52400017]
1,0.9904447197914124,[  3.77199936 -23.68299866  -0.47599983]
2,0.9233793020248413,[  7.77199936 -11.68299866  19.52400017]
