,scores,centers
0,0.9735775589942932,[11.45400047 19.0369997  19.00399971]
1,0.9783632755279541,[11.45400047 21.0369997  17.00399971]
2,0.42685067653656006,[ 7.45400047 21.0369997  23.00399971]
3,0.4140017330646515,[ 7.45400047 17.0369997  23.00399971]
