,scores,centers
0,0.9988241791725159,[ 1.86199951 43.20000076 50.95700073]
1,0.9984843134880066,[ 3.86199951 43.20000076 50.95700073]
2,0.46486562490463257,[-4.13800049 41.20000076 36.95700073]
3,0.5201913118362427,[-6.13800049 33.20000076 44.95700073]
4,0.4059169292449951,[-10.13800049  45.20000076  60.95700073]
