,scores,centers
0,0.998604953289032,[ 0.71899986 17.14999962 14.74600029]
1,0.9953503608703613,[ 0.71899986 21.14999962 14.74600029]
2,0.9959754347801208,[-1.28100014 15.14999962 12.74600029]
