,scores,centers
0,0.9991852641105652,[46.48900032 44.7510004  10.67000008]
1,0.9972332119941711,[66.48900032 34.7510004  12.67000008]
