,scores,centers
0,0.9993950128555298,[-29.77199936  -6.62400055  16.52000046]
1,0.9948835968971252,[-23.77199936  11.37599945  28.52000046]
2,0.9822542071342468,[-21.77199936   7.37599945  30.52000046]
