,scores,centers
0,0.9972435235977173,[-4.70800018 58.8939991  43.73900032]
1,0.9956256151199341,[-0.70800018 36.8939991  63.73900032]
2,0.9882442951202393,[-28.70800018  48.8939991   47.73900032]
