,scores,centers
0,0.9992559552192688,[ 5.73799896 -3.3939991   7.12400055]
1,0.9989820122718811,[-4.26200104  4.6060009  15.12400055]
2,0.9507930874824524,[ 3.73799896 -1.3939991  25.12400055]
3,0.5355323553085327,[-20.26200104  -3.3939991    7.12400055]
