,scores,centers
0,0.9916138648986816,[11.18999863 52.83300018 58.99500084]
1,0.971496045589447,[ 5.18999863 42.83300018 56.99500084]
