,scores,centers
0,0.9991543292999268,[-34.06299973  17.04800034  47.3380003 ]
1,0.9567298293113708,[-38.06299973   9.04800034  29.3380003 ]
2,0.9687697291374207,[-14.06299973  15.04800034  33.3380003 ]
