,scores,centers
0,0.999427080154419,[23.22599983 10.86400032 60.19300079]
1,0.9988054037094116,[21.22599983  4.86400032 74.19300079]
2,0.9989245533943176,[37.22599983 12.86400032 60.19300079]
3,0.9252403378486633,[43.22599983 -3.13599968 76.19300079]
