,scores,centers
0,0.998988687992096,[31.86599922 38.40999985 25.97900009]
