,scores,centers
0,0.9991499185562134,[-9.68600082 18.00699997 17.45599937]
1,0.9984903335571289,[10.31399918 44.00699997 13.45599937]
2,0.9974539875984192,[18.31399918 50.00699997 -6.54400063]
