,scores,centers
0,0.9991748929023743,[-11.2879982   17.12899971  28.90499973]
1,0.6606945991516113,[-1.2879982  25.12899971 44.90499973]
2,0.4353119730949402,[-21.2879982   15.12899971   8.90499973]
