,scores,centers
0,0.9984716773033142,[22.24100018  7.54999924 72.1079998 ]
1,0.9979396462440491,[ 22.24100018 -10.45000076  48.1079998 ]
2,0.9977582693099976,[38.24100018  7.54999924 48.1079998 ]
3,0.972498893737793,[24.24100018  9.54999924 34.1079998 ]
