,scores,centers
0,0.9987120628356934,[13.4289999  22.16800022  7.18300056]
1,0.6392413973808289,[ 15.4289999   18.16800022 -14.81699944]
2,0.5591209530830383,[27.4289999  32.16800022  5.18300056]
