,scores,centers
0,0.9974064230918884,[ 72.67399979 -24.66600037 -20.14899826]
1,0.9988135099411011,[ 60.67399979 -26.66600037 -26.14899826]
2,0.9156683683395386,[ 46.67399979  -8.66600037 -28.14899826]
3,0.9572475552558899,[ 66.67399979   1.33399963 -26.14899826]
4,0.8620159029960632,[ 80.67399979 -34.66600037 -14.14899826]
