,scores,centers
0,0.9987951517105103,[-3.52899933 38.34000015 43.92700005]
1,0.9991459846496582,[16.47100067 44.34000015 41.92700005]
