,scores,centers
0,0.9993582367897034,[ 15.56499863 -11.25900269  20.72900009]
1,0.9914618730545044,[11.56499863 -3.25900269 34.72900009]
2,0.9949276447296143,[17.56499863  6.74099731  2.72900009]
