,scores,centers
0,0.9987819790840149,[49.14100075 17.95000076 44.50599957]
1,0.9988300204277039,[63.14100075  3.95000076 76.50599957]
