,scores,centers
0,0.9994550347328186,[ 4.375       7.95800018 70.80500031]
1,0.9993057250976562,[ 6.375       9.95800018 32.80500031]
