,scores,centers
0,0.9987163543701172,[ 3.09700012 47.6970005  67.42900085]
1,0.9983103275299072,[-4.90299988 51.6970005  49.42900085]
