,scores,centers
0,0.9975057244300842,[11.26200104 15.85400009 14.65999985]
1,0.9979507327079773,[19.26200104  9.85400009  6.65999985]
2,0.9712836742401123,[25.26200104 -6.14599991  6.65999985]
3,0.9718048572540283,[ 21.26200104 -10.14599991  18.65999985]
4,0.5435382127761841,[ 7.26200104 -0.14599991 20.65999985]
5,0.4677974283695221,[ 3.26200104 -6.14599991  0.65999985]
