,scores,centers
0,0.998634397983551,[56.81000137 10.00300026 28.64500046]
1,0.9959898591041565,[68.81000137 22.00300026 36.64500046]
2,0.9887279272079468,[62.81000137  2.00300026 54.64500046]
3,0.8647363185882568,[48.81000137 24.00300026 24.64500046]
