,scores,centers
0,0.9985263347625732,[ 6.25399971 -7.14199829 38.74200058]
1,0.933627724647522,[10.25399971  6.85800171 52.74200058]
2,0.9520965218544006,[ 18.25399971 -15.14199829  42.74200058]
