,scores,centers
0,0.9986335635185242,[-3.57899857 26.85000038 31.32900047]
1,0.9988377690315247,[-17.57899857  42.85000038   9.32900047]
2,0.9981920123100281,[12.42100143 10.85000038 15.32900047]
