,scores,centers
0,0.9990643858909607,[ 57.5510006   91.54800034 100.83799744]
1,0.9982823133468628,[61.5510006  75.54800034 88.83799744]
2,0.9972889423370361,[ 63.5510006   93.54800034 118.83799744]
