,scores,centers
0,0.9965914487838745,[71.60400009 80.68199921 -8.16500092]
1,0.997657299041748,[89.60400009 94.68199921  9.83499908]
2,0.9772908091545105,[85.60400009 94.68199921  7.83499908]
3,0.9329451322555542,[59.60400009 94.68199921 -0.16500092]
4,0.8723851442337036,[ 89.60400009 116.68199921  23.83499908]
