,scores,centers
0,0.9961341619491577,[ 9.84399986  5.6969986  24.56699991]
1,0.9918302893638611,[33.84399986 23.6969986  24.56699991]
