,scores,centers
0,0.9994238615036011,[ 9.59399986 25.17399979 32.82800007]
1,0.9757612943649292,[13.59399986 21.17399979 56.82800007]
2,0.9691717624664307,[31.59399986 23.17399979 48.82800007]
3,0.6950166821479797,[13.59399986  7.17399979 54.82800007]
