,scores,centers
0,0.9996212720870972,[ 9.80200005 76.87200165 -1.35900116]
