,scores,centers
0,0.999225378036499,[ 17.83399963 -11.3409996   19.27799988]
1,0.9915157556533813,[17.83399963  4.6590004  33.27799988]
2,0.9888485670089722,[27.83399963  4.6590004  23.27799988]
3,0.8997971415519714,[-0.16600037 -5.3409996  25.27799988]
