,scores,centers
0,0.999647855758667,[14.64999962 27.2329998  13.43600082]
1,0.9964507818222046,[22.64999962 39.2329998  23.43600082]
2,0.997364342212677,[30.64999962 17.2329998   1.43600082]
3,0.9615275859832764,[36.64999962 43.2329998   5.43600082]
