,scores,centers
0,0.9983605742454529,[35.1960001  14.24699974 29.11600018]
1,0.9825631380081177,[27.1960001  14.24699974 17.11600018]
2,0.7470703721046448,[29.1960001  30.24699974 21.11600018]
3,0.9516314268112183,[25.1960001  14.24699974 27.11600018]
4,0.5728033781051636,[25.1960001  14.24699974 31.11600018]
