,scores,centers
0,0.9969674944877625,[48.86000013 31.98900032  1.09700012]
1,0.9935899972915649,[24.86000013 17.98900032 21.09700012]
2,0.9911381602287292,[34.86000013 29.98900032 23.09700012]
