,scores,centers
0,0.9990769624710083,[  1.62199974 -17.47599792 -13.08599854]
1,0.9981368780136108,[  9.62199974 -15.47599792  -1.08599854]
2,0.8893445134162903,[11.62199974 20.52400208 -3.08599854]
