,scores,centers
0,0.9996024966239929,[24.60900021  8.41800022 75.63700008]
1,0.9997267127037048,[40.60900021 36.41800022 45.63700008]
2,0.9968968629837036,[ 8.60900021 32.41800022 57.63700008]
