,scores,centers
0,0.9993727803230286,[20.82499981 11.51900005 33.22500038]
1,0.9908288717269897,[28.82499981 23.51900005 33.22500038]
2,0.9755719900131226,[36.82499981 21.51900005 43.22500038]
3,0.48869749903678894,[22.82499981 21.51900005 47.22500038]
