,scores,centers
0,0.7124823331832886,[ 0.34899902 -1.53199959 -8.44200134]
1,0.7148090600967407,[ 0.34899902 -3.53199959 -8.44200134]
2,0.8135897517204285,[-3.65100098 -5.53199959 -8.44200134]
3,0.5342689156532288,[ -1.65100098  -7.53199959 -10.44200134]
4,0.4009631872177124,[ -3.65100098  -7.53199959 -16.44200134]
