,scores,centers
0,0.997809112071991,[ 64.2120018   87.56500244 148.00500488]
1,0.9963763356208801,[ 86.2120018   83.56500244 152.00500488]
2,0.9822452068328857,[ 60.2120018  107.56500244 170.00500488]
3,0.9734171032905579,[ 74.2120018  109.56500244 154.00500488]
