,scores,centers
0,0.9991457462310791,[31.67000008 51.73999977 50.85499954]
