,scores,centers
0,0.9991663694381714,[-36.04600525  -2.04299927 -13.09000015]
1,0.9493894577026367,[-30.04600525  13.95700073 -23.09000015]
