,scores,centers
0,0.9994176626205444,[ -2.7859993   22.71900177 -25.39699936]
1,0.9990442395210266,[ -2.7859993  -21.28099823 -23.39699936]
2,0.9993584752082825,[ 9.2140007  -3.28099823 -9.39699936]
