,scores,centers
0,0.9991945624351501,[19.70600128 13.11800003 25.61299992]
