,scores,centers
0,0.9933631420135498,[ 8.68799973  0.08600044 23.90999985]
1,0.7519077658653259,[ 2.68799973 -9.91399956 23.90999985]
2,0.6047013998031616,[30.68799973 12.08600044 17.90999985]
3,0.6312092542648315,[26.68799973 10.08600044  5.90999985]
4,0.6136319041252136,[22.68799973  8.08600044 25.90999985]
5,0.48620906472206116,[26.68799973 14.08600044 17.90999985]
