,scores,centers
0,0.998649537563324,[41.08399963  5.71699905 60.34900093]
1,0.9973893761634827,[53.08399963 -2.28300095 48.34900093]
2,0.9947003126144409,[47.08399963 23.71699905 60.34900093]
