,scores,centers
0,0.9991868138313293,[ 31.41800022  52.76599979 -29.06100082]
1,0.9963952898979187,[ 25.41800022  20.76599979 -23.06100082]
2,0.988084614276886,[ 7.41800022 42.76599979 -5.06100082]
