,scores,centers
0,0.9992115497589111,[22.61199951  9.5359993  22.1420002 ]
1,0.984821617603302,[ 4.61199951  5.5359993  30.1420002 ]
2,0.932671844959259,[36.61199951 -2.4640007  30.1420002 ]
3,0.8279471397399902,[14.61199951 -4.4640007  38.1420002 ]
