,scores,centers
0,0.998994767665863,[ 18.52700043 -51.89199829 -45.2559967 ]
1,0.9950957894325256,[  8.52700043 -75.89199829 -41.2559967 ]
2,0.9823347330093384,[  0.52700043 -45.89199829 -41.2559967 ]
