,scores,centers
0,0.9993947744369507,[ 15.63399887 -13.40000153  21.13000011]
1,0.9923460483551025,[11.63399887 -1.40000153 35.13000011]
2,0.9853463172912598,[21.63399887 10.59999847 19.13000011]
