,scores,centers
0,0.9995272159576416,[-4.74500084 26.36600018  6.1609993 ]
1,0.9777381420135498,[13.25499916 32.36600018 14.1609993 ]
