,scores,centers
0,0.9977378845214844,[106.10500336  22.81999969 -22.90399933]
1,0.9791193604469299,[90.10500336 20.81999969 -2.90399933]
2,0.9729015231132507,[ 90.10500336   6.81999969 -16.90399933]
3,0.9705761075019836,[116.10500336  16.81999969   1.09600067]
