,scores,centers
0,0.9986133575439453,[18.7670002  13.38999939 14.64099884]
1,0.9961483478546143,[-1.2329998  15.38999939 12.64099884]
