,scores,centers
0,0.9992328882217407,[29.1760025   9.41600037 -3.10199928]
1,0.9966709017753601,[19.1760025   1.41600037 20.89800072]
2,0.9978811144828796,[-6.8239975  13.41600037 42.89800072]
