,scores,centers
0,0.999311089515686,[-7.03000069 43.18500042 52.44199944]
1,0.9991055130958557,[22.96999931 37.18500042 94.44199944]
2,0.9911905527114868,[32.96999931 43.18500042 56.44199944]
