,scores,centers
0,0.9993901252746582,[ 27.03300095  42.60299969 -40.84999847]
1,0.9994122982025146,[25.03300095 46.60299969 89.15000153]
2,0.9706600308418274,[-0.96699905 42.60299969 21.15000153]
3,0.9695675373077393,[35.03300095 10.60299969 39.15000153]
