,scores,centers
0,0.9994051456451416,[107.76100159 -23.22699738  40.08499908]
