,scores,centers
0,0.9989457726478577,[40.46299744 21.4279995  23.45800018]
1,0.9990033507347107,[-5.53700256  1.4279995   5.45800018]
2,0.9961938858032227,[32.46299744 17.4279995  23.45800018]
3,0.9986202716827393,[54.46299744 37.4279995   7.45800018]
