,scores,centers
0,0.9989309906959534,[-4.42099762  4.31599998 15.47399902]
1,0.998638927936554,[ 3.57900238 -3.68400002  7.47399902]
2,0.9667307734489441,[ 3.57900238 -3.68400002 25.47399902]
3,0.5637720823287964,[-12.42099762   4.31599998  29.47399902]
