,scores,centers
0,0.999717652797699,[-6.56200027  2.14900017 23.17799997]
1,0.9996045231819153,[13.43799973 36.14900017 57.17799997]
