,scores,centers
0,0.998578667640686,[ 3.70000076 16.69799995 33.71899986]
