,scores,centers
0,0.9974013566970825,[ 17.63299942 -10.54899979 -62.15599823]
1,0.9980996251106262,[  5.63299942 -22.54899979  -6.15599823]
2,0.9975672960281372,[ 13.63299942 -12.54899979 -34.15599823]
3,0.9816219210624695,[-12.36700058 -20.54899979 -22.15599823]
