,scores,centers
0,0.9902305006980896,[ 32.41699982 -16.44599915  37.07299995]
1,0.988137423992157,[ 38.41699982 -54.44599915   9.07299995]
2,0.9844143390655518,[64.41699982 -4.44599915 73.07299995]
3,0.961897075176239,[ 42.41699982 -20.44599915  49.07299995]
