,scores,centers
0,0.9996463060379028,[-46.19799805  70.09700012  -6.4470005 ]
