,scores,centers
0,0.9995530247688293,[13.29300022 28.07199955 26.23799992]
1,0.9996091723442078,[13.29300022 24.07199955 22.23799992]
