,scores,centers
0,0.9997338652610779,[17.76499939 -6.67700005 18.51200008]
1,0.9957922697067261,[21.76499939 -6.67700005 34.51200008]
2,0.5994952917098999,[17.76499939 15.32299995 18.51200008]
