,scores,centers
0,0.9993411898612976,[ 2.98550000e+01 -1.11000061e-01  1.25285004e+02]
1,0.7252012491226196,[ 2.38550000e+01 -1.11000061e-01  1.43285004e+02]
2,0.7215397953987122,[ 21.85500002 -14.11100006 105.28500366]
3,0.984794557094574,[ 23.85500002  15.88899994 127.28500366]
4,0.9750664830207825,[ 25.85500002  11.88899994 111.28500366]
