,scores,centers
0,0.9992119073867798,[21.91399956 47.09899998 22.86700058]
1,0.9989433884620667,[17.91399956 39.09899998 66.86700058]
2,0.9989342093467712,[29.91399956 35.09899998 42.86700058]
