,scores,centers
0,0.9993720650672913,[24.90600014 23.27799988  5.81599998]
1,0.97628253698349,[26.90600014 19.27799988 15.81599998]
