,scores,centers
0,0.9978992938995361,[  0.16799927 -35.09899902  50.28999996]
