,scores,centers
0,0.9895530939102173,[51.34700012 22.31999969 41.87400055]
1,0.991203784942627,[45.34700012 18.31999969 51.87400055]
2,0.8433611989021301,[37.34700012  8.31999969 55.87400055]
3,0.8717225790023804,[43.34700012  4.31999969 47.87400055]
4,0.4677678346633911,[45.34700012 10.31999969 59.87400055]
5,0.6757332682609558,[33.34700012  8.31999969 39.87400055]
6,0.4974063038825989,[35.34700012 22.31999969 31.87400055]
