,scores,centers
0,0.9956035614013672,[ -7.44100189 -39.27899933  -0.93700027]
1,0.9835642576217651,[ -5.44100189 -47.27899933   9.06299973]
2,0.8687075972557068,[ -1.44100189 -57.27899933   3.06299973]
3,0.6854631304740906,[ -7.44100189 -43.27899933 -12.93700027]
4,0.9029030799865723,[  0.55899811 -39.27899933  -2.93700027]
5,0.49191829562187195,[-13.44100189 -45.27899933   1.06299973]
