,scores,centers
0,0.9995156526565552,[  5.80200005 -21.47999954  -9.08399963]
1,0.9993566870689392,[ 37.80200005   0.52000046 -21.08399963]
