,scores,centers
0,0.9993011951446533,[ 18.42900085  49.01099968 -48.38700104]
1,0.9781540632247925,[ -3.57099915  41.01099968 -36.38700104]
2,0.9214859008789062,[ -5.57099915  41.01099968 -50.38700104]
