,scores,centers
0,0.9992408752441406,[ 6.36499977 -4.34799957 40.36199951]
1,0.9989956021308899,[10.36499977 -2.34799957  2.36199951]
2,0.999106228351593,[14.36499977  7.65200043 26.36199951]
