,scores,centers
0,0.999450147151947,[ 35.06400013   2.42000008 -32.29299927]
1,0.9949449896812439,[ 33.06400013  -3.57999992 -54.29299927]
