,scores,centers
0,0.9985301494598389,[26.22799969 25.03699875 -3.59900093]
1,0.9976657629013062,[20.22799969 11.03699875 18.40099907]
2,0.9422352313995361,[10.22799969 23.03699875 10.40099907]
