,scores,centers
0,0.9992973804473877,[16.04499817 -1.01499939 20.00099945]
1,0.9928733110427856,[28.04499817 -9.01499939 18.00099945]
