,scores,centers
0,0.9987254738807678,[ 3.76199913  1.02199936 12.75399971]
1,0.9504770040512085,[25.76199913 -0.97800064 18.75399971]
