,scores,centers
0,0.999518871307373,[ 7.         52.22500038 21.70100021]
1,0.9989891648292542,[ 3.         36.22500038 11.70100021]
