,scores,centers
0,0.9924991726875305,[ -6.34999847   4.99399948 -24.4090004 ]
1,0.9874387383460999,[-12.34999847 -11.00600052 -10.4090004 ]
2,0.6610648036003113,[  1.65000153  -7.00600052 -10.4090004 ]
3,0.579601526260376,[ -0.34999847   0.99399948 -14.4090004 ]
