,scores,centers
0,0.999295711517334,[33.49300003  7.56200027 60.00099945]
1,0.9800181984901428,[13.49300003  5.56200027 82.00099945]
