,scores,centers
0,0.9494987726211548,[ 4.01799965  5.4279995  -8.13999939]
1,0.766578197479248,[ 6.01799965  5.4279995  -8.13999939]
2,0.4552167057991028,[ 12.01799965  -8.5720005  -14.13999939]
3,0.6695860624313354,[10.01799965 -0.5720005  -8.13999939]
4,0.5248087644577026,[ 8.01799965  3.4279995  -8.13999939]
