,scores,centers
0,0.9972270131111145,[49.48500061  1.         34.        ]
1,0.9442260265350342,[39.48500061 -1.         26.        ]
