,scores,centers
0,0.9991368651390076,[122.20700073  66.64099884   2.61499786]
1,0.998965859413147,[90.20700073 84.64099884 -3.38500214]
