,scores,centers
0,0.9984245300292969,[19.44999981  3.77099991 12.2859993 ]
1,0.9984922409057617,[33.44999981 11.77099991 -5.7140007 ]
2,0.9924600720405579,[17.44999981  7.77099991 -3.7140007 ]
3,0.909896194934845,[35.44999981  7.77099991 16.2859993 ]
