,scores,centers
0,0.9995989203453064,[16.39300156 39.4279995  62.56399918]
1,0.9885872006416321,[-35.60699844  51.4279995   76.56399918]
2,0.984355092048645,[-17.60699844  47.4279995   80.56399918]
