,scores,centers
0,0.9992990493774414,[18.34500122 25.7859993  16.75699997]
1,0.9991374015808105,[-19.65499878  41.7859993   26.75699997]
2,0.9990430474281311,[-17.65499878  57.7859993   38.75699997]
3,0.9991739392280579,[  6.34500122 -16.2140007   12.75699997]
