,scores,centers
0,0.9974381923675537,[11.4090004   0.70199966 22.38100052]
1,0.9975576400756836,[ 19.4090004  -17.29800034  20.38100052]
2,0.9978492259979248,[ 5.4090004  14.70199966 20.38100052]
3,0.9646973609924316,[ 5.4090004  12.70199966 40.38100052]
4,0.8886019587516785,[27.4090004   4.70199966 30.38100052]
5,0.44858598709106445,[ 33.4090004  -23.29800034  24.38100052]
