,scores,centers
0,0.9991477727890015,[37.92600012 -5.39199829 17.54100037]
1,0.9994125366210938,[21.92600012 -9.39199829 21.54100037]
2,0.9449383616447449,[51.92600012 -9.39199829 35.54100037]
