,scores,centers
0,0.9990986585617065,[30.55599976  2.47699738 45.96700001]
1,0.9989532232284546,[-19.44400024  78.47699738  69.96700001]
