,scores,centers
0,0.9997605681419373,[95.98600006 16.87199974 -1.79800034]
1,0.99898761510849,[99.98600006 44.87199974 12.20199966]
