,scores,centers
0,0.9992197751998901,[26.84200001 10.14000034 92.09700012]
1,0.9971758127212524,[40.84200001 16.14000034 74.09700012]
2,0.9947540760040283,[22.84200001 10.14000034 74.09700012]
3,0.949939489364624,[36.84200001 26.14000034 90.09700012]
