,scores,centers
0,0.9967028498649597,[ 17.77900028 -10.9469986   -5.9640007 ]
1,0.996565043926239,[ 31.77900028 -10.9469986    4.0359993 ]
2,0.9384989738464355,[ 19.77900028 -14.9469986    8.0359993 ]
3,0.8323101997375488,[25.77900028  1.0530014  10.0359993 ]
