,scores,centers
0,0.9988312125205994,[63.89199829 22.50499916 14.20700073]
1,0.998993456363678,[75.89199829 46.50499916 12.20700073]
