,scores,centers
0,0.9984138011932373,[15.42399979  8.00899982 15.84300041]
1,0.9859873652458191,[31.42399979 20.00899982 15.84300041]
2,0.9786232709884644,[ 3.42399979 24.00899982 15.84300041]
