,scores,centers
0,0.9980927109718323,[-3.96699905 39.36299992  1.65699768]
1,0.7819728255271912,[ 10.03300095  55.36299992 -14.34300232]
2,0.7400193214416504,[ 12.03300095  39.36299992 -18.34300232]
