,scores,centers
0,0.999580442905426,[72.70999908 19.77099991 13.49900055]
1,0.9994592070579529,[50.70999908 25.77099991 13.49900055]
