,scores,centers
0,0.9992150068283081,[53.2689991  24.84200001 23.37699986]
1,0.99346923828125,[53.2689991  40.84200001 17.37699986]
