,scores,centers
0,0.9993014335632324,[14.47499847 15.85999966 21.05200005]
1,0.9987389445304871,[-13.52500153  27.85999966  33.05200005]
