,scores,centers
0,0.9943404197692871,[25.42799997  1.14599991 34.67399979]
1,0.5334108471870422,[35.42799997 15.14599991 24.67399979]
2,0.7585474848747253,[33.42799997  5.14599991 26.67399979]
3,0.7622802257537842,[27.42799997 19.14599991 40.67399979]
