,scores,centers
0,0.9991857409477234,[20.55599976 94.82700348 51.45100021]
1,0.998777449131012,[26.55599976 78.82700348 41.45100021]
2,0.9870399832725525,[ 8.55599976 88.82700348 63.45100021]
