,scores,centers
0,0.9993420243263245,[14.32799911 52.47200012 79.32099915]
1,0.9754540324211121,[34.32799911 70.47200012 89.32099915]
2,0.9954394698143005,[30.32799911 64.47200012 71.32099915]
