,scores,centers
0,0.9995044469833374,[44.2510004  87.51099968 77.65200043]
1,0.9994226694107056,[30.2510004  39.51099968 33.65200043]
2,0.9653456211090088,[18.2510004  39.51099968 59.65200043]
