,scores,centers
0,0.9993851184844971,[ 8.46199989 38.18400002 21.90100002]
