,scores,centers
0,0.9985314607620239,[ 1.84500122 42.09000015 50.66799927]
1,0.9985314607620239,[ 1.84500122 44.09000015 50.66799927]
2,0.6699559688568115,[-10.15499878  52.09000015  50.66799927]
