,scores,centers
0,0.9977025389671326,[-0.06800079 16.20200014 18.31799984]
1,0.924651026725769,[ 5.93199921 32.20200014 18.31799984]
2,0.678130567073822,[-0.06800079 18.20200014  0.31799984]
3,0.42591580748558044,[15.93199921 22.20200014 22.31799984]
