,scores,centers
0,0.9992265701293945,[30.01099968 20.34300041 46.13500023]
1,0.9990183115005493,[22.01099968 32.34300041 46.13500023]
2,0.9909288287162781,[ 8.01099968 12.34300041 46.13500023]
