,scores,centers
0,0.9980428218841553,[37.94199991 42.85899925 -1.45000076]
1,0.9785040020942688,[37.94199991 62.85899925 -9.45000076]
2,0.9872426986694336,[21.94199991 56.85899925  4.54999924]
3,0.6685223579406738,[45.94199991 48.85899925  6.54999924]
