,scores,centers
0,0.998988687992096,[ 7.91199875 14.74300003 12.52000046]
1,0.9987230896949768,[31.91199875  6.74300003  6.52000046]
2,0.9958009123802185,[23.91199875 28.74300003  4.52000046]
