,scores,centers
0,0.9985464215278625,[18.45899963 17.04800034  9.81299973]
1,0.5039803981781006,[14.45899963  7.04800034 15.81299973]
2,0.45499104261398315,[ 8.45899963 21.04800034  3.81299973]
