,scores,centers
0,0.9985287189483643,[31.30800056  6.77099991 42.07900047]
1,0.9949313998222351,[ 3.30800056 -9.22900009 18.07900047]
2,0.9967836141586304,[ 21.30800056 -15.22900009  18.07900047]
3,0.9888823628425598,[ 9.30800056  4.77099991 30.07900047]
