,scores,centers
0,0.9997015595436096,[68.54199982 63.36199951 20.25      ]
1,0.9966629147529602,[34.54199982 51.36199951  2.25      ]
2,0.9962840676307678,[48.54199982 85.36199951 26.25      ]
3,0.5149490237236023,[18.54199982 63.36199951 -9.75      ]
