,scores,centers
0,0.9991233944892883,[ 27.58699799   0.74700165 -21.58699799]
1,0.9988092184066772,[15.58699799 -7.25299835  4.41300201]
