,scores,centers
0,0.9996046423912048,[40.73800087 13.05599976 82.20000076]
1,0.98751300573349,[30.73800087  7.05599976 92.20000076]
2,0.8819572925567627,[ 40.73800087   7.05599976 112.20000076]
3,0.99482661485672,[28.73800087  9.05599976 92.20000076]
