,scores,centers
0,0.9995521903038025,[  9.89500046 119.92100143   7.07099915]
1,0.9990405440330505,[  7.89500046 121.92100143 -34.92900085]
2,0.9997908473014832,[  7.89500046  93.92100143 -34.92900085]
