,scores,centers
0,0.9988877177238464,[ 21.84399986 102.78900146  18.73799896]
1,0.992399275302887,[ 29.84399986 102.78900146  18.73799896]
2,0.8838418126106262,[ 31.84399986 104.78900146   0.73799896]
