,scores,centers
0,0.9994574189186096,[38.97000027 20.41800022 31.79199982]
1,0.9993221759796143,[26.97000027 18.41800022 39.79199982]
2,0.9046457409858704,[42.97000027  0.41800022 23.79199982]
