,scores,centers
0,0.9980877041816711,[27.7859993 17.8920002 60.6989994]
1,0.9983929991722107,[17.7859993  5.8920002 70.6989994]
2,0.9100856781005859,[ 3.7859993 23.8920002 62.6989994]
3,0.7178637385368347,[19.7859993 33.8920002 42.6989994]
4,0.9313841462135315,[13.7859993  7.8920002 44.6989994]
5,0.527103841304779,[11.7859993 17.8920002 34.6989994]
