,scores,centers
0,0.9984151124954224,[ 41.40499973 111.38999939  20.0909996 ]
1,0.9981069564819336,[29.40499973 95.38999939 48.0909996 ]
2,0.9975281357765198,[33.40499973 95.38999939 -9.9090004 ]
