,scores,centers
0,0.9994433522224426,[24.59899998 76.21699905 71.54700089]
1,0.9988688826560974,[ 20.59899998 114.21699905  39.54700089]
2,0.9986935257911682,[ 22.59899998 104.21699905  65.54700089]
3,0.9990379810333252,[ 18.59899998 122.21699905  87.54700089]
