,scores,centers
0,0.9992668032646179,[  7.56399918 -20.95600128  10.98999786]
1,0.9983094930648804,[  9.56399918 -12.95600128 -11.01000214]
