,scores,centers
0,0.9989334940910339,[32.64000034 17.55500031 62.67100143]
1,0.998499870300293,[44.64000034 23.55500031 58.67100143]
2,0.9051744341850281,[34.64000034 19.55500031 44.67100143]
