,scores,centers
0,0.9985061287879944,[33.99099922 44.85300064 47.28199959]
1,0.6145694851875305,[33.99099922 54.85300064 61.28199959]
2,0.8967494964599609,[41.99099922 44.85300064 65.28199959]
