,scores,centers
0,0.9991408586502075,[104.89300156 -11.1230011    3.27700043]
1,0.9989757537841797,[ 84.89300156 -27.1230011  -16.72299957]
