,scores,centers
0,0.9991644620895386,[19.38399982 67.52700043 45.18000031]
1,0.9994471669197083,[19.38399982 59.52700043 25.18000031]
