,scores,centers
0,0.9992953538894653,[48.66300011 34.33300018 24.23099995]
1,0.9980409741401672,[44.66300011 30.33300018 40.23099995]
2,0.9906536936759949,[42.66300011 46.33300018 28.23099995]
3,0.9699025750160217,[42.66300011 48.33300018 24.23099995]
