,scores,centers
0,0.9994148015975952,[107.69599915 -22.94499969  40.4829998 ]
