,scores,centers
0,0.9993033409118652,[37.65299988 32.49400043 10.70899963]
1,0.9987448453903198,[33.65299988 50.49400043 18.70899963]
2,0.9958792924880981,[ 9.65299988 48.49400043 22.70899963]
