,scores,centers
0,0.9997386336326599,[29.90899992 19.95900011 48.0189991 ]
1,0.9867772459983826,[21.90899992 35.95900011 50.0189991 ]
