,scores,centers
0,0.9996191263198853,[-18.5340004   -7.70199966   7.06499863]
1,0.9982326030731201,[-32.5340004  -23.70199966  19.06499863]
2,0.9927749633789062,[-8.5340004  -7.70199966 23.06499863]
