,scores,centers
0,0.9992807507514954,[-9.95100021 11.21899986 10.87199974]
1,0.9989342093467712,[-9.95100021 -6.78100014  0.87199974]
