,scores,centers
0,0.9982365369796753,[32.7480011  67.36800003 15.625     ]
1,0.9989885687828064,[16.7480011  69.36800003  5.625     ]
2,0.9715249538421631,[18.7480011  73.36800003 27.625     ]
