,scores,centers
0,0.9840397238731384,[14.80900002 -4.25799942 25.14699984]
1,0.9780760407447815,[18.80900002  5.74200058 17.14699984]
2,0.9248133301734924,[26.80900002 -8.25799942 21.14699984]
3,0.8022513389587402,[20.80900002 -8.25799942 39.14699984]
4,0.6529269814491272,[34.80900002  1.74200058 29.14699984]
5,0.4077681005001068,[28.80900002 15.74200058 17.14699984]
