,scores,centers
0,0.9991738200187683,[-38.72100067  44.62899971  16.33099985]
1,0.9872958064079285,[-30.72100067  38.62899971  42.33099985]
2,0.985956072807312,[-42.72100067  38.62899971  42.33099985]
