,scores,centers
0,0.9992666840553284,[ 4.50699997 16.34000015 38.82400036]
1,0.9873013496398926,[ 2.50699997 22.34000015 22.82400036]
2,0.9391762018203735,[-11.49300003  30.34000015  42.82400036]
