,scores,centers
0,0.972000777721405,[14.18799973 -4.49600029 26.22800016]
1,0.9487797617912292,[20.18799973 -4.49600029 28.22800016]
2,0.875739574432373,[18.18799973 -0.49600029 12.22800016]
