,scores,centers
0,0.9990500807762146,[  4.07799911 -16.31499863  19.29700089]
1,0.9846962690353394,[ -3.92200089 -22.31499863   5.29700089]
2,0.9257020950317383,[-3.92200089 -8.31499863 23.29700089]
3,0.6240406632423401,[12.07799911 -8.31499863 39.29700089]
