,scores,centers
0,0.9997192025184631,[-5.80699921 26.56999969  5.38800049]
1,0.9973378777503967,[-1.80699921 26.56999969 25.38800049]
