,scores,centers
0,0.9970110654830933,[27.92700005 27.5359993   1.44099998]
1,0.996366024017334,[33.92700005  3.5359993  -4.55900002]
2,0.5681959986686707,[15.92700005 41.5359993  11.44099998]
