,scores,centers
0,0.999342143535614,[ 16.20700073 -11.84300232  21.21100044]
1,0.9927292466163635,[16.20700073  4.15699768 33.21100044]
2,0.9895213842391968,[-1.79299927 12.15699768 27.21100044]
