,scores,centers
0,0.9996070265769958,[33.84199905  6.09300041 36.44300079]
