,scores,centers
0,0.9988455772399902,[ 8.18199921 31.91900015 20.65399933]
1,0.9931607246398926,[ 2.18199921 21.91900015 24.65399933]
2,0.898385226726532,[10.18199921 15.91900015 18.65399933]
3,0.80707186460495,[-3.81800079 27.91900015 10.65399933]
4,0.6170167326927185,[ 6.18199921 33.91900015  0.65399933]
