,scores,centers
0,0.9967297315597534,[ 9.04199982  3.66899872 24.5539999 ]
1,0.9953221678733826,[33.04199982 21.66899872 24.5539999 ]
2,0.9960587024688721,[23.04199982 -0.33100128 26.5539999 ]
3,0.8374012112617493,[15.04199982 23.66899872 10.5539999 ]
4,0.8888492584228516,[17.04199982 27.66899872 30.5539999 ]
