,scores,centers
0,0.9996809959411621,[ -4.2879982   14.00600052 -30.94499969]
1,0.9979619979858398,[-10.2879982   28.00600052 -36.94499969]
2,0.9442136287689209,[  7.7120018   30.00600052 -34.94499969]
