,scores,centers
0,0.9991776347160339,[35.31400013 49.21800041 26.78700066]
1,0.9987025260925293,[39.31400013 59.21800041 -5.21299934]
2,0.9843634963035583,[55.31400013 37.21800041 30.78700066]
