,scores,centers
0,0.9989151954650879,[24.37899971 26.58200073 29.01300049]
