,scores,centers
0,0.9991859793663025,[43.5        38.38199997 23.93400002]
1,0.9924737215042114,[51.5        28.38199997 31.93400002]
