,scores,centers
0,0.9989527463912964,[ 3.4829998  25.42700005 10.90999985]
1,0.9684082865715027,[13.4829998  29.42700005 30.90999985]
