,scores,centers
0,0.9987145662307739,[ 9.10099983  4.13899994 27.32799911]
1,0.9991082549095154,[13.10099983 20.13899994  5.32799911]
