,scores,centers
0,0.9994396567344666,[183.8480072  122.65200043  30.97000027]
