,scores,centers
0,0.989929735660553,[26.73999977  8.92300034 84.57800293]
1,0.9912789463996887,[28.73999977  8.92300034 84.57800293]
2,0.5942515134811401,[28.73999977  0.92300034 98.57800293]
