,scores,centers
0,0.9996979236602783,[-0.66500092 -9.66600037  5.58600044]
1,0.9980327486991882,[15.33499908 14.33399963 19.58600044]
2,0.99381422996521,[33.33499908 42.33399963 19.58600044]
