,scores,centers
0,0.9990314245223999,[ 0.52700043 27.63099957  9.0890007 ]
1,0.9881312847137451,[-7.47299957 25.63099957 27.0890007 ]
2,0.9849616289138794,[14.52700043 29.63099957 37.0890007 ]
