,scores,centers
0,0.9902483820915222,[-10.83200073  27.58500004  24.33899975]
1,0.7720672488212585,[-12.83200073   5.58500004  26.33899975]
2,0.8841425180435181,[-8.83200073 19.58500004 12.33899975]
3,0.47303640842437744,[-0.83200073 11.58500004 30.33899975]
