,scores,centers
0,0.997642457485199,[ 40.96500015 111.28199768  11.8560009 ]
1,0.9978567957878113,[ 32.96500015  95.28199768 -10.1439991 ]
2,0.997068464756012,[ 40.96500015 125.28199768   3.8560009 ]
