,scores,centers
0,0.9991575479507446,[31.76599979 44.38800049 43.47599983]
1,0.9922187328338623,[39.76599979 40.38800049  1.47599983]
