,scores,centers
0,0.9987335801124573,[12.72000027 49.41699982 20.12699986]
1,0.9163084030151367,[12.72000027 53.41699982 10.12699986]
