,scores,centers
0,0.9994274377822876,[69.29399872 16.33099937 13.42000008]
1,0.9918031096458435,[79.29399872 16.33099937 37.42000008]
