,scores,centers
0,0.9976798892021179,[23.00899982 22.06400013 48.70400047]
1,0.9968417882919312,[35.00899982 30.06400013 40.70400047]
2,0.9939676523208618,[37.00899982 16.06400013 38.70400047]
