,scores,centers
0,0.9993923902511597,[13.00599957 46.12599945 15.62599945]
1,0.9993163347244263,[63.00599957 32.12599945 15.62599945]
2,0.9964385032653809,[39.00599957 38.12599945 27.62599945]
3,0.9815036058425903,[15.00599957 26.12599945 13.62599945]
