,scores,centers
0,0.9986151456832886,[48.03899956 44.58300018 28.00099993]
1,0.9972615242004395,[72.03899956 22.58300018 28.00099993]
2,0.9923915266990662,[66.03899956 32.58300018 14.00099993]
