,scores,centers
0,0.9782534837722778,[ 48.43199921 -21.95800018 -13.48999786]
1,0.9322890043258667,[48.43199921 -7.95800018  2.51000214]
2,0.8636511564254761,[ 40.43199921   2.04199982 -13.48999786]
3,0.6396899819374084,[ 46.43199921  -9.95800018 -19.48999786]
4,0.5113441348075867,[ 32.43199921 -15.95800018 -13.48999786]
