,scores,centers
0,0.9984171390533447,[27.73699951 18.02999973 60.90600014]
1,0.9981155395507812,[19.73699951  6.02999973 70.90600014]
2,0.9322652816772461,[ 3.73699951 24.02999973 62.90600014]
3,0.6944568157196045,[ 3.73699951 32.02999973 54.90600014]
4,0.6263875961303711,[19.73699951 34.02999973 42.90600014]
5,0.7094614505767822,[11.73699951 10.02999973 44.90600014]
6,0.4027320146560669,[ 5.73699951 28.02999973 42.90600014]
