,scores,centers
0,0.9970466494560242,[20.56400013 17.71500015 34.30999994]
1,0.990474283695221,[ 8.56400013 23.71500015 22.30999994]
2,0.8371359705924988,[18.56400013 -2.28499985 38.30999994]
