,scores,centers
0,0.9935801029205322,[37.00099945 30.24300003 23.90499973]
1,0.9848155975341797,[31.00099945 36.24300003 25.90499973]
2,0.9581111669540405,[27.00099945 26.24300003 29.90499973]
3,0.53587806224823,[41.00099945 32.24300003 23.90499973]
4,0.5258925557136536,[43.00099945 24.24300003 29.90499973]
