,scores,centers
0,0.9981550574302673,[ 8.00499725 22.05900002 25.89900017]
1,0.995699405670166,[24.00499725 36.05900002 19.89900017]
2,0.9952061772346497,[-11.99500275  20.05900002  21.89900017]
3,0.7339524030685425,[ 2.00499725 32.05900002 39.89900017]
