,scores,centers
0,0.999470055103302,[29.22399998  5.95199966 14.30899811]
1,0.9992503523826599,[ 17.22399998  25.95199966 -11.69100189]
