,scores,centers
0,0.9948691129684448,[ 50.68899918 -21.61199951  -0.32500076]
1,0.9607917070388794,[ 56.68899918 -13.61199951  11.67499924]
2,0.9360482692718506,[48.68899918 -3.61199951  7.67499924]
3,0.5131157636642456,[ 46.68899918 -17.61199951  11.67499924]
