,scores,centers
0,0.9987806677818298,[67.6629982  65.27700043 22.86000061]
1,0.9982682466506958,[55.6629982  69.27700043 12.86000061]
