,scores,centers
0,0.9970417618751526,[30.10900021 17.32999992 28.48799992]
1,0.9979536533355713,[48.10900021 25.32999992 30.48799992]
2,0.9916319251060486,[46.10900021 15.32999992 38.48799992]
3,0.8906911611557007,[38.10900021 37.32999992 26.48799992]
4,0.49996477365493774,[32.10900021 23.32999992 42.48799992]
