,scores,centers
0,0.9995163679122925,[ 16.72200012 -13.86899948  21.39500046]
1,0.9793617129325867,[16.72200012  4.13100052 33.39500046]
2,0.9912263751029968,[18.72200012 10.13100052 19.39500046]
