,scores,centers
0,0.9986345171928406,[17.92500019 13.56200027 10.82099915]
1,0.9973568916320801,[31.92500019  9.56200027 22.82099915]
2,0.9986711740493774,[61.92500019 13.56200027 32.82099915]
3,0.9951973557472229,[29.92500019 13.56200027 18.82099915]
