,scores,centers
0,0.9995751976966858,[38.28299999 26.67000008 17.85400009]
1,0.9919054508209229,[46.28299999 24.67000008 35.85400009]
2,0.9938433170318604,[46.28299999 22.67000008 35.85400009]
3,0.7349771857261658,[52.28299999 24.67000008  5.85400009]
