,scores,centers
0,0.9993284940719604,[-13.05400085  25.02700043  28.00299835]
1,0.9995700716972351,[32.94599915 41.02700043 70.00299835]
