,scores,centers
0,0.9991888403892517,[ 9.43899918  4.64299774 20.88700104]
1,0.9719598293304443,[19.43899918 -7.35700226  0.88700104]
2,0.9792428016662598,[27.43899918 -7.35700226 24.88700104]
