,scores,centers
0,0.9995087385177612,[-3.53300095 31.46700001 33.14400005]
1,0.996415376663208,[ 4.46699905 45.46700001 15.14400005]
2,0.9811051487922668,[ 6.46699905 49.46700001 39.14400005]
3,0.9857810139656067,[10.46699905 19.46700001  5.14400005]
