,scores,centers
0,0.9989880919456482,[ 17.15800095 -12.92300034  23.43000031]
1,0.9950620532035828,[17.15800095  5.07699966 33.43000031]
2,0.948136031627655,[29.15800095  5.07699966 17.43000031]
3,0.9506447315216064,[13.15800095 -2.92300034  1.43000031]
