,scores,centers
0,0.9995457530021667,[18.07999992  5.10400009 29.71899986]
1,0.9929174184799194,[10.07999992 -2.89599991 13.71899986]
2,0.9792742133140564,[ 22.07999992 -12.89599991  27.71899986]
3,0.7577406764030457,[22.07999992  7.10400009  9.71899986]
