,scores,centers
0,0.9995608925819397,[40.83599997 29.0880003  -9.48699951]
1,0.9993926286697388,[ 34.83599997  29.0880003  -41.48699951]
