,scores,centers
0,0.9985456466674805,[-4.5739975   3.46800041 13.08300018]
1,0.9978221654891968,[ 5.4260025  -6.53199959  7.08300018]
2,0.9718971848487854,[ -2.5739975  -10.53199959  25.08300018]
3,0.9596107006072998,[-16.5739975   -8.53199959  33.08300018]
4,0.7559031248092651,[-12.5739975    5.46800041  29.08300018]
