,scores,centers
0,0.9988210797309875,[12.00300026 29.67500019 30.25300026]
1,0.9892445802688599,[20.00300026 45.67500019 36.25300026]
2,0.9302144646644592,[-3.99699974 41.67500019 40.25300026]
3,0.8909094333648682,[10.00300026 53.67500019 26.25300026]
