,scores,centers
0,0.9993439316749573,[20.61299992 94.76100159 50.23399925]
1,0.9982659220695496,[26.61299992 78.76100159 40.23399925]
