,scores,centers
0,0.9995880722999573,[60.36199951 44.62800026 54.74099922]
1,0.9990335702896118,[60.36199951 12.62800026 76.74099922]
2,0.9956238865852356,[60.36199951 70.62800026 46.74099922]
