,scores,centers
0,0.9996123909950256,[183.90600586 123.1269989   30.99699974]
