,scores,centers
0,0.9957435727119446,[83.32499695 16.90200043 35.54699993]
1,0.9768056869506836,[83.32499695 36.90200043 37.54699993]
2,0.9574670195579529,[81.32499695 40.90200043 27.54699993]
