,scores,centers
0,0.9964771866798401,[-1.30999947 39.88000011 96.89300156]
1,0.9982195496559143,[34.69000053 27.88000011 56.89300156]
