,scores,centers
0,0.9986265897750854,[70.10899925 58.28300095 54.47999954]
1,0.9910553693771362,[46.10899925 52.28300095 46.47999954]
2,0.9373267889022827,[42.10899925 46.28300095 64.47999954]
3,0.9531782269477844,[64.10899925 56.28300095 42.47999954]
