,scores,centers
0,0.9986361861228943,[  3.0340004    4.75099945 -20.97100067]
1,0.9931643605232239,[ -0.9659996  -17.24900055 -14.97100067]
2,0.9703667163848877,[-10.9659996   -3.24900055 -36.97100067]
3,0.9133543372154236,[ -4.9659996  -19.24900055 -36.97100067]
4,0.6884311437606812,[  7.0340004  -11.24900055 -26.97100067]
5,0.8388057947158813,[  5.0340004   18.75099945 -34.97100067]
6,0.4232580065727234,[ 11.0340004   -7.24900055 -40.97100067]
