,scores,centers
0,0.9939633011817932,[ -22.11800003   53.03699875 -114.94099426]
1,0.9961691498756409,[ -24.11800003   71.03699875 -132.94099426]
2,0.9860020875930786,[-16.11800003  51.03699875 -98.94099426]
3,0.8688055872917175,[-28.11800003  53.03699875 -96.94099426]
4,0.47576960921287537,[-22.11800003  65.03699875 -90.94099426]
