,scores,centers
0,0.9993833303451538,[67.51100159 36.35099983 20.02999973]
1,0.9890502691268921,[51.51100159 40.35099983 12.02999973]
