,scores,centers
0,0.9993007183074951,[41.2689991  24.20200014  2.39900017]
1,0.9915375709533691,[35.2689991  10.20200014 14.39900017]
2,0.9091688990592957,[51.2689991  32.20200014 -7.60099983]
3,0.5296143889427185,[39.2689991  10.20200014 28.39900017]
4,0.4591260850429535,[51.2689991  16.20200014 20.39900017]
5,0.40736687183380127,[37.2689991  20.20200014 32.39900017]
