,scores,centers
0,0.9989523887634277,[24.72800064 25.75       16.08199978]
1,0.9949511289596558,[ 8.72800064 11.75       24.08199978]
2,0.8124054074287415,[10.72800064 27.75        2.08199978]
3,0.9064337015151978,[-1.27199936 25.75       34.08199978]
4,0.8614069223403931,[ 0.72800064 27.75       10.08199978]
5,0.9259867072105408,[-3.27199936 35.75       22.08199978]
