,scores,centers
0,0.9995307922363281,[14.91900063  4.23400116 57.72099972]
1,0.9993451237678528,[10.91900063  4.23400116 25.72099972]
