,scores,centers
0,0.9995061159133911,[-1.29499817 29.26200008  8.86400032]
1,0.9914597272872925,[12.70500183 21.26200008 32.86400032]
2,0.9331110715866089,[ 0.70500183 39.26200008 28.86400032]
