,scores,centers
0,0.9994339346885681,[-2.93700027  2.38199997 12.82099915]
1,0.9984679818153381,[  5.06299973 -13.61800003  20.82099915]
