,scores,centers
0,0.9990473389625549,[  3.91899872 -29.23600006 -28.75099945]
1,0.9985853433609009,[-22.08100128  -1.23600006 -36.75099945]
2,0.8766264915466309,[-10.08100128 -27.23600006 -30.75099945]
