,scores,centers
0,0.9992676377296448,[ 5.30500031 42.23600006 76.5719986 ]
1,0.9987329840660095,[-46.69499969  30.23600006  76.5719986 ]
