,scores,centers
0,0.9972497820854187,[32.60400009 31.90500069 30.82999992]
1,0.994762122631073,[26.60400009  1.90500069 26.82999992]
