,scores,centers
0,0.9987438321113586,[78.30900002 18.94199991  8.11700058]
1,0.9992992877960205,[40.30900002 34.94199991  8.11700058]
