,scores,centers
0,0.9990264177322388,[12.0720005  87.01800156 23.47999954]
1,0.9972475171089172,[ 10.0720005  107.01800156  19.47999954]
