,scores,centers
0,0.999099850654602,[0.58300018 6.04199982 5.72499847]
1,0.9965608716011047,[-1.41699982 -7.95800018 19.72499847]
2,0.9957246780395508,[ 20.58300018  20.04199982 -16.27500153]
