,scores,centers
0,0.7216300964355469,[2.91600037 5.67000008 5.84000015]
1,0.8513179421424866,[ 8.91600037 19.67000008  5.84000015]
2,0.8659505844116211,[16.91600037  9.67000008  5.84000015]
3,0.5555581450462341,[ 2.91600037 13.67000008 13.84000015]
4,0.4517914950847626,[4.91600037 9.67000008 1.84000015]
