,scores,centers
0,0.9982960820198059,[13.04399872 35.03499985 -4.76000023]
1,0.9015684127807617,[13.04399872 39.03499985  5.23999977]
2,0.6992669701576233,[15.04399872 21.03499985  9.23999977]
