,scores,centers
0,0.9994118213653564,[17.80800056 59.5719986  24.64599991]
1,0.9990886449813843,[17.80800056 67.5719986  44.64599991]
