,scores,centers
0,0.999575674533844,[  7.78800011  11.852005   100.0720005 ]
1,0.9991679191589355,[ 29.78800011 -40.147995    42.0720005 ]
