,scores,centers
0,0.9992954730987549,[5.64699936 0.63999939 9.03099823]
1,0.9994458556175232,[ 31.64699936 -13.36000061  19.03099823]
2,0.9962518811225891,[35.64699936  4.63999939 31.03099823]
