,scores,centers
0,0.9996181726455688,[12.95899963 49.75899982 37.96800041]
1,0.9996720552444458,[22.95899963 27.75899982 65.96800041]
