,scores,centers
0,0.9990113973617554,[-4.56500244 17.95199966 51.68500137]
1,0.9969484210014343,[ 1.43499756 23.95199966 71.68500137]
2,0.9952698349952698,[-12.56500244  15.95199966  75.68500137]
