,scores,centers
0,0.9994671940803528,[ 18.28700018 -15.9620018  -27.81499863]
1,0.9671447277069092,[ 22.28700018 -11.9620018  -47.81499863]
2,0.8789704442024231,[ 24.28700018 -27.9620018  -41.81499863]
