,scores,centers
0,0.9992654919624329,[  7.42399979  21.46500015 147.91500092]
1,0.9582999348640442,[ -4.57600021  29.46500015 135.91500092]
2,0.9422120451927185,[ -2.57600021  29.46500015 135.91500092]
