,scores,centers
0,0.9989084005355835,[30.44099998  1.43799973 50.63500023]
