,scores,centers
0,0.9993694424629211,[49.16600037 26.90399933 13.18199921]
1,0.9991562366485596,[79.16600037 12.90399933 11.18199921]
