,scores,centers
0,0.9985314607620239,[25.85499954 30.06599998 37.81299973]
1,0.9970077872276306,[25.85499954 16.06599998 53.81299973]
2,0.9866207838058472,[17.85499954  4.06599998 23.81299973]
3,0.970828652381897,[ 3.85499954 20.06599998 31.81299973]
4,0.9737886786460876,[15.85499954 36.06599998 53.81299973]
5,0.907755434513092,[39.85499954 14.06599998 37.81299973]
