,scores,centers
0,0.9993126392364502,[25.3239994  -7.65999985  5.23500061]
1,0.998960018157959,[23.3239994   6.34000015 31.23500061]
