,scores,centers
0,0.9991481304168701,[ 5.25400162 75.9489994  25.71000004]
1,0.999371349811554,[23.25400162 45.9489994  37.71000004]
2,0.9976577758789062,[ 7.25400162 59.9489994  41.71000004]
3,0.999226450920105,[-12.74599838  43.9489994   37.71000004]
