,scores,centers
0,0.9973800778388977,[100.65399933   5.41199875  48.82400036]
1,0.9923937320709229,[106.65399933  15.41199875  28.82400036]
2,0.9775461554527283,[120.65399933   9.41199875  42.82400036]
