,scores,centers
0,0.9986194372177124,[22.17000008 48.05999994 42.04000092]
1,0.9655328392982483,[50.17000008 50.05999994 44.04000092]
2,0.9254403710365295,[28.17000008 38.05999994 40.04000092]
