,scores,centers
0,0.9996155500411987,[-29.67100143 -10.11899948   4.5170002 ]
1,0.5713481307029724,[-33.67100143  -2.11899948  -1.4829998 ]
