,scores,centers
0,0.9992231130599976,[31.62899971  3.61600113 16.51600075]
1,0.937270998954773,[27.62899971  1.61600113  6.51600075]
2,0.9491499066352844,[39.62899971 17.61600113 20.51600075]
3,0.9629939794540405,[35.62899971 19.61600113 24.51600075]
