,scores,centers
0,0.9992495179176331,[10.18199921 36.66499996 23.66300011]
1,0.9881608486175537,[22.18199921 24.66499996 13.66300011]
2,0.9854454398155212,[10.18199921 20.66499996 19.66300011]
