,scores,centers
0,0.9992363452911377,[-14.25        20.9659996   37.75099945]
1,0.9933510422706604,[-6.25       20.9659996  23.75099945]
