,scores,centers
0,0.9991300702095032,[ 15.73200035 -13.13899994  23.29300022]
1,0.9942653775215149,[19.73200035  4.86100006 31.29300022]
2,0.9502478241920471,[17.73200035 12.86100006 19.29300022]
3,0.46871525049209595,[ 1.73200035 12.86100006 25.29300022]
