,scores,centers
0,0.9985924363136292,[14.80699921 13.85700035 20.93999863]
1,0.9789875149726868,[ 0.80699921 11.85700035 10.93999863]
