,scores,centers
0,0.9981010556221008,[ 24.75500011 -10.58300018  37.54299927]
1,0.9250935912132263,[22.75500011 -6.58300018 59.54299927]
2,0.9529854655265808,[28.75500011 13.41699982 51.54299927]
