,scores,centers
0,0.9978228807449341,[22.6590004  -2.2310009   6.00399971]
1,0.9939642548561096,[4.6590004  1.7689991  4.00399971]
2,0.9966705441474915,[32.6590004   3.7689991  24.00399971]
