,scores,centers
0,0.9994924068450928,[53.06400013 13.06699944 81.44400024]
1,0.99936443567276,[43.06400013 37.06699944 69.44400024]
