,scores,centers
0,0.9973938465118408,[ 53.52300072  52.98600006 -14.37599945]
1,0.8997176289558411,[ 59.52300072  64.98600006 -32.37599945]
2,0.9006401896476746,[ 33.52300072  60.98600006 -26.37599945]
3,0.6582505702972412,[ 47.52300072  48.98600006 -28.37599945]
