,scores,centers
0,0.9962196946144104,[21.46899986 26.42500019 22.14799881]
1,0.9466863870620728,[29.46899986 36.42500019  8.14799881]
2,0.9651807546615601,[ 5.46899986 34.42500019  8.14799881]
