,scores,centers
0,0.999546468257904,[-42.58599854  69.52600098  52.80799866]
1,0.9984362721443176,[-30.58599854  77.52600098  62.80799866]
2,0.9856122732162476,[-42.58599854  93.52600098  68.80799866]
