,scores,centers
0,0.9986969828605652,[30.35900021 24.57600021 46.78800011]
1,0.9291155338287354,[32.35900021 20.57600021 20.78800011]
