,scores,centers
0,0.9957560896873474,[ -24.20500183   71.50999832 -128.81100464]
1,0.9744178056716919,[ -22.20500183   53.50999832 -112.81100464]
2,0.9859145879745483,[  -6.20500183   61.50999832 -120.81100464]
3,0.7430899143218994,[ -18.20500183   53.50999832 -102.81100464]
4,0.9076889753341675,[-20.20500183  65.50999832 -88.81100464]
5,0.9737899303436279,[ -22.20500183   75.50999832 -142.81100464]
