,scores,centers
0,0.9990623593330383,[10.10000038 -3.40200043 40.61699963]
1,0.7190173268318176,[ 0.10000038  0.59799957 22.61699963]
2,0.49137553572654724,[ 6.10000038 14.59799957 22.61699963]
3,0.4297000467777252,[-7.89999962  6.59799957 30.61699963]
