,scores,centers
0,0.9993624091148376,[42.59399986 -1.23099899 23.64500046]
1,0.9985950589179993,[  8.59399986 -21.23099899  21.64500046]
