,scores,centers
0,0.999428927898407,[49.49500084 34.99499989 31.45300007]
1,0.9762019515037537,[35.49500084 38.99499989 11.45300007]
2,0.930889368057251,[67.49500084 42.99499989 13.45300007]
