,scores,centers
0,0.9993882179260254,[ 15.33300018 -11.69599915  21.19400024]
1,0.9931190013885498,[17.33300018  4.30400085 35.19400024]
2,0.9447810649871826,[19.33300018  8.30400085 21.19400024]
