,scores,centers
0,0.9986444115638733,[ 8.17000008 36.30400085 35.14999962]
1,0.908490002155304,[22.17000008 32.30400085 27.14999962]
