,scores,centers
0,0.9994919300079346,[31.61599922 27.1590004  -3.60899925]
1,0.999244213104248,[45.61599922 37.1590004  14.39100075]
2,0.9888161420822144,[35.61599922 33.1590004   8.39100075]
