,scores,centers
0,0.9990519881248474,[19.46999931  7.25800323 15.92399979]
1,0.9977899789810181,[ 13.46999931 -54.74199677  17.92399979]
2,0.9984538555145264,[ 7.46999931  1.25800323 45.92399979]
