,scores,centers
0,0.9992227554321289,[ 15.98799896 -40.31800079   3.4109993 ]
1,0.998001754283905,[ 13.98799896 -50.31800079  15.4109993 ]
2,0.9886132478713989,[  1.98799896 -50.31800079 -10.5890007 ]
3,0.6744298338890076,[ -2.01200104 -46.31800079  11.4109993 ]
