,scores,centers
0,0.9989401698112488,[-4.58099937 37.59600067 25.04700089]
1,0.9976905584335327,[87.41900063 45.59600067 37.04700089]
