,scores,centers
0,0.9992896318435669,[20.66100025 95.15299988 50.12199974]
1,0.9979598522186279,[24.66100025 79.15299988 40.12199974]
2,0.9928070306777954,[28.66100025 97.15299988 68.12199974]
