,scores,centers
0,0.99957674741745,[ 16.45999908 -11.61199951  21.20800018]
1,0.9940277338027954,[12.45999908  0.38800049 35.20800018]
2,0.9783913493156433,[ 4.45999908  0.38800049 11.20800018]
3,0.9774264693260193,[ 8.45999908 10.38800049 35.20800018]
