,scores,centers
0,0.9991621971130371,[ 9.24200058 38.75500011 22.7859993 ]
1,0.9967638254165649,[31.24200058 18.75500011  2.7859993 ]
2,0.9816639423370361,[-4.75799942 24.75500011 10.7859993 ]
3,0.6509876847267151,[35.24200058 30.75500011 28.7859993 ]
