,scores,centers
0,0.9987621307373047,[ 1.94300079 42.91699982 50.59799957]
1,0.9106206893920898,[-0.05699921 48.91699982 48.59799957]
2,0.43652281165122986,[-10.05699921  44.91699982  60.59799957]
