,scores,centers
0,0.9938202500343323,[51.30999947 22.11800003 41.625     ]
1,0.9911683797836304,[45.30999947 18.11800003 51.625     ]
2,0.7930018305778503,[41.30999947  4.11800003 41.625     ]
3,0.9259743094444275,[43.30999947  4.11800003 47.625     ]
4,0.5979875922203064,[33.30999947 10.11800003 55.625     ]
