,scores,centers
0,0.9987882971763611,[ -1.54899979  30.66899967 -10.56399918]
1,0.9976285099983215,[14.45100021 18.66899967 -8.56399918]
2,0.9923715591430664,[ -9.54899979   8.66899967 -20.56399918]
