,scores,centers
0,0.9994457364082336,[-23.41500092  50.36700058   1.29100037]
1,0.9978677034378052,[-27.41500092  46.36700058  -0.70899963]
