,scores,centers
0,0.9994009733200073,[18.81500053 29.60000038 25.0529995 ]
1,0.9873496890068054,[16.81500053 35.60000038 43.0529995 ]
