,scores,centers
0,0.9991945624351501,[36.78800011 22.62900019  8.57799911]
