,scores,centers
0,0.9994460940361023,[  5.90299988 -19.05699921 -10.10599899]
1,0.999474823474884,[ 33.90299988  -3.05699921 -22.10599899]
