,scores,centers
0,0.9988517761230469,[70.90100002 55.36199999 50.5890007 ]
1,0.9985852241516113,[24.90100002 43.36199999 22.5890007 ]
2,0.9985723495483398,[24.90100002 87.36199999 34.5890007 ]
