,scores,centers
0,0.9978756904602051,[71.69300079 66.99900055 46.2670002 ]
1,0.9924836754798889,[57.69300079 76.99900055 58.2670002 ]
2,0.9970730543136597,[75.69300079 82.99900055 48.2670002 ]
3,0.9379927515983582,[73.69300079 78.99900055 58.2670002 ]
