,scores,centers
0,0.998749852180481,[23.1780014  -1.35400009 22.10300064]
1,0.9875664710998535,[37.1780014   0.64599991 34.10300064]
2,0.9264724850654602,[39.1780014  12.64599991 12.10300064]
