,scores,centers
0,0.9983554482460022,[60.49399948 99.73799896 12.54100037]
1,0.99853515625,[46.49399948 97.73799896 36.54100037]
