,scores,centers
0,0.9991605281829834,[26.75600004  4.24200058 47.08600044]
1,0.9992857575416565,[ 34.75600004 -11.75799942  59.08600044]
2,0.9983149766921997,[26.75600004 22.24200058 37.08600044]
