,scores,centers
0,0.9995526671409607,[ 4.94800186 29.60099983 25.60099983]
1,0.999066174030304,[-7.05199814 53.60099983 23.60099983]
