,scores,centers
0,0.9990311861038208,[ 37.18000031  73.77700043 -17.23699951]
1,0.9841930270195007,[ 65.18000031  73.77700043 -13.23699951]
2,0.9904353618621826,[ 41.18000031  59.77700043 -23.23699951]
