,scores,centers
0,0.9996765851974487,[30.01900005 19.22200012 46.20400047]
1,0.9977741837501526,[26.01900005 37.22200012 44.20400047]
2,0.8862869739532471,[18.01900005 25.22200012 56.20400047]
