,scores,centers
0,0.9988706707954407,[59.76699829 12.45499992 27.32999992]
1,0.9884649515151978,[71.76699829  6.45499992 25.32999992]
