,scores,centers
0,0.9994422793388367,[ 5.15399933  6.29199982 35.43600082]
1,0.9971973896026611,[21.15399933 14.29199982  9.43600082]
