,scores,centers
0,0.9993284940719604,[32.43100023 -4.07900047  2.32299995]
1,0.9851046204566956,[28.43100023  9.92099953  8.32299995]
2,0.9221454858779907,[28.43100023  1.92099953 -9.67700005]
