,scores,centers
0,0.9959153532981873,[64.90000153 40.21899986 37.38399982]
1,0.9824437499046326,[70.90000153 54.21899986 35.38399982]
2,0.6911712288856506,[74.90000153 44.21899986 17.38399982]
3,0.9461269974708557,[76.90000153 40.21899986 41.38399982]
4,0.6543675065040588,[62.90000153 26.21899986 35.38399982]
5,0.603887677192688,[56.90000153 26.21899986 19.38399982]
