,scores,centers
0,0.9989664554595947,[26.25300026 92.45700073 23.57299995]
1,0.9995079040527344,[24.25300026 66.45700073  5.57299995]
2,0.9996249675750732,[ 22.25300026 126.45700073  25.57299995]
