,scores,centers
0,0.9990155696868896,[ 0.53099823 46.94200134 15.50399971]
1,0.9989913105964661,[14.53099823 32.94200134 19.50399971]
