,scores,centers
0,0.9986225366592407,[ 42.00599957 -18.79899979 102.35500336]
1,0.9988213181495667,[ 56.00599957 -10.79899979 100.35500336]
2,0.9958978295326233,[ 54.00599957 -38.79899979 114.35500336]
