,scores,centers
0,0.9983585476875305,[22.45899963 -4.00600052  8.13999939]
1,0.9941113591194153,[6.45899963 1.99399948 4.13999939]
2,0.9982441663742065,[34.45899963  1.99399948 24.13999939]
