,scores,centers
0,0.9989954829216003,[58.9829998  27.95400047 29.31500006]
1,0.9956458210945129,[44.9829998  15.95400047 51.31500006]
2,0.9952312111854553,[32.9829998  41.95400047 43.31500006]
3,0.9812623858451843,[36.9829998  33.95400047 21.31500006]
