,scores,centers
0,0.9995608925819397,[ 2.95700073 15.01899719 38.23999977]
1,0.9993866682052612,[14.95700073  1.01899719 12.23999977]
