,scores,centers
0,0.9977694749832153,[56.70100021 57.38100052 -0.09700012]
1,0.987065851688385,[ 52.70100021  75.38100052 -16.09700012]
2,0.9631354212760925,[46.70100021 83.38100052 -6.09700012]
3,0.918021023273468,[52.70100021 73.38100052 -0.09700012]
