,scores,centers
0,0.9997003078460693,[-21.13499832  22.08500004 -17.69200134]
