,scores,centers
0,0.9997093081474304,[40.61899948 13.05400085 82.03699875]
1,0.9964439272880554,[36.61899948 13.05400085 88.03699875]
2,0.9032319784164429,[ 40.61899948   7.05400085 112.03699875]
3,0.9902400970458984,[54.61899948 11.05400085 94.03699875]
