,scores,centers
0,0.9993913173675537,[22.02600002 38.42300034 56.20399857]
1,0.9994200468063354,[22.02600002 38.42300034 58.20399857]
2,0.46149390935897827,[20.02600002 34.42300034 38.20399857]
