,scores,centers
0,0.9997480511665344,[31.15799999 19.31500006 48.10199928]
1,0.99822598695755,[25.15799999 37.31500006 48.10199928]
