,scores,centers
0,0.5275797843933105,[-3.33399963 22.63000011 46.47100067]
1,0.694503664970398,[-7.33399963 36.63000011 62.47100067]
2,0.6489475965499878,[-11.33399963  34.63000011  62.47100067]
3,0.4324275255203247,[-1.33399963 22.63000011 50.47100067]
