,scores,centers
0,0.9986652135848999,[17.36999893 63.96500015 58.72499847]
