,scores,centers
0,0.9997467398643494,[96.08000183 18.76399994 -3.03499985]
1,0.9991517066955566,[98.08000183 44.76399994 10.96500015]
