,scores,centers
0,0.999036431312561,[52.71700001 12.27099991 32.19000006]
1,0.9844077229499817,[20.71700001 30.27099991 28.19000006]
