,scores,centers
0,0.9983507394790649,[-4.84199905 56.1629982   9.31999969]
1,0.8506647348403931,[ 5.15800095 50.1629982  -8.68000031]
2,0.9365955591201782,[ 7.15800095 64.1629982  -6.68000031]
