,scores,centers
0,0.998565137386322,[62.6590004  23.97100067 24.66399956]
