,scores,centers
0,0.9991399049758911,[14.47999954 14.85000038 18.93199921]
1,0.9881567358970642,[ 2.47999954  2.85000038 26.93199921]
2,0.9392343163490295,[28.47999954 10.85000038  4.93199921]
3,0.9730139374732971,[26.47999954 10.85000038  4.93199921]
4,0.649711549282074,[ 8.47999954 10.85000038 10.93199921]
