,scores,centers
0,0.9942589998245239,[-11.74499893 -20.96300125   4.71500015]
1,0.9945801496505737,[-3.74499893 -8.96300125 -7.28499985]
