,scores,centers
0,0.998708963394165,[-3.8010025   2.1970005  14.92000008]
1,0.9978296160697937,[ 4.1989975  -5.8029995   4.92000008]
2,0.9801718592643738,[ -3.8010025  -11.8029995   24.92000008]
3,0.47286829352378845,[-15.8010025  -11.8029995    4.92000008]
4,0.6451291441917419,[-21.8010025   -9.8029995   14.92000008]
