,scores,centers
0,0.9985034465789795,[19.32600021  9.35099983 17.80699921]
1,0.9988540410995483,[33.32600021  9.35099983 17.80699921]
2,0.9965397119522095,[25.32600021 15.35099983  5.80699921]
