,scores,centers
0,0.9997966885566711,[11.9659996  -6.63999939 19.38899994]
1,0.9998062252998352,[ 3.9659996  25.36000061 35.38899994]
