,scores,centers
0,0.9983093738555908,[53.71899986  1.13400078 36.20800018]
1,0.8177399039268494,[45.71899986 19.13400078 22.20800018]
2,0.5337088108062744,[61.71899986 11.13400078 38.20800018]
