,scores,centers
0,0.9954038858413696,[-25.29899979 -10.25999832  19.9260006 ]
1,0.9931312203407288,[-15.29899979   1.74000168   9.9260006 ]
2,0.9832232594490051,[-33.29899979 -24.25999832  19.9260006 ]
