,scores,centers
0,0.9988407492637634,[41.84200001  6.48800087  3.63599968]
1,0.9960076808929443,[23.84200001 -7.51199913 11.63599968]
2,0.9887843132019043,[37.84200001 -9.51199913 21.63599968]
