,scores,centers
0,0.9981570839881897,[25.83600044 59.38399887 50.8219986 ]
1,0.9563279151916504,[ 7.83600044 55.38399887 50.8219986 ]
2,0.5623902082443237,[11.83600044 67.38399887 56.8219986 ]
3,0.7441768646240234,[17.83600044 51.38399887 62.8219986 ]
4,0.4355074167251587,[11.83600044 67.38399887 46.8219986 ]
