,scores,centers
0,0.9992062449455261,[-11.00499725  63.00999832 -41.65799713]
1,0.8016275763511658,[  0.99500275  73.00999832 -61.65799713]
