,scores,centers
0,0.9994612336158752,[ 40.67199993  44.18899918 124.15699768]
1,0.9971266388893127,[ 40.67199993  72.18899918 122.15699768]
2,0.9467624425888062,[ 32.67199993  38.18899918 114.15699768]
