,scores,centers
0,0.9985290765762329,[11.70499992  1.16200256  1.57799911]
1,0.9932416677474976,[ 25.70499992  -4.83799744 -10.42200089]
2,0.9567022323608398,[ 11.70499992   3.16200256 -18.42200089]
