,scores,centers
0,0.9992809891700745,[14.95199966 22.3579998  98.21900177]
1,0.999104917049408,[18.95199966 24.3579998  84.21900177]
2,0.9957855343818665,[  2.95199966  42.3579998  100.21900177]
