,scores,centers
0,0.9982520937919617,[  2.53100014 -10.17900085  -0.58399963]
1,0.997870922088623,[-3.46899986 13.82099915  1.41600037]
