,scores,centers
0,0.999336302280426,[-1.82799911 27.79300022  9.07900047]
1,0.9867037534713745,[10.17200089 19.79300022 35.07900047]
2,0.96662837266922,[-3.82799911 17.79300022 39.07900047]
