,scores,centers
0,0.9985944628715515,[134.26200104  33.33199978  28.74199963]
1,0.9949955940246582,[134.26200104  59.33199978  28.74199963]
