,scores,centers
0,0.9987620115280151,[19.27799988  3.7670002  13.7310009 ]
1,0.9987974166870117,[33.27799988 11.7670002  -6.2689991 ]
2,0.9935681223869324,[15.27799988 19.7670002  -6.2689991 ]
