,scores,centers
0,0.9978970289230347,[10.14800072 44.38199997 21.26900005]
1,0.9898161888122559,[ 4.14800072 28.38199997 39.26900005]
2,0.9856329560279846,[ 2.14800072 58.38199997 43.26900005]
