,scores,centers
0,0.9962672591209412,[28.36199999 17.11900043 13.69499969]
1,0.990231454372406,[32.36199999 21.11900043 21.69499969]
2,0.7452934980392456,[14.36199999 25.11900043 21.69499969]
