,scores,centers
0,0.9989569187164307,[10.28700256 39.87800026  3.68799973]
1,0.9991241097450256,[ 6.28700256 63.87800026  9.68799973]
