,scores,centers
0,0.9979234933853149,[53.57699966 36.70100021 11.8499999 ]
1,0.9980317950248718,[55.57699966 36.70100021 13.8499999 ]
2,0.6925156116485596,[59.57699966 28.70100021 27.8499999 ]
