,scores,centers
0,0.9988970756530762,[29.28800011 22.61600018 24.19400024]
1,0.9939034581184387,[15.28800011 16.61600018 50.19400024]
2,0.9863998889923096,[27.28800011 28.61600018 -7.80599976]
