,scores,centers
0,0.998813271522522,[-6.99399948 37.55499983  0.93199921]
1,0.9986132383346558,[ 13.00600052  25.55499983 -23.06800079]
2,0.9984748959541321,[ 33.00600052  35.55499983 -31.06800079]
