,scores,centers
0,0.999363362789154,[73.71899986 18.11199951 12.39799881]
1,0.9990876913070679,[49.71899986 26.11199951 12.39799881]
