,scores,centers
0,0.9879143834114075,[15.38500023 -3.13400078 87.16699982]
1,0.9848706126213074,[13.38500023  2.86599922 77.16699982]
2,0.777457058429718,[23.38500023 -5.13400078 69.16699982]
3,0.530754566192627,[27.38500023  8.86599922 85.16699982]
4,0.7167448997497559,[19.38500023  8.86599922 65.16699982]
5,0.43127697706222534,[33.38500023 -3.13400078 75.16699982]
6,0.5239045023918152,[31.38500023 10.86599922 75.16699982]
