,scores,centers
0,0.9997175335884094,[ 0.72299957 80.98899841 98.00299835]
1,0.9983972907066345,[-7.27700043 80.98899841 74.00299835]
