,scores,centers
0,0.9994809031486511,[ 48.06899977  53.73799992 126.39800262]
