,scores,centers
0,0.998189389705658,[13.21199989 24.00600052  5.36499977]
1,0.9984637498855591,[15.21199989 22.00600052  5.36499977]
2,0.6371129751205444,[ 17.21199989  16.00600052 -16.63500023]
3,0.49844250082969666,[11.21199989 38.00600052 21.36499977]
