,scores,centers
0,0.9987886548042297,[13.39599991 40.1329999  39.7840004 ]
