,scores,centers
0,0.9986134767532349,[-13.29800034   6.89800072   4.89599991]
1,0.9946637153625488,[-1.29800034  2.89800072 20.89599991]
