,scores,centers
0,0.999330997467041,[15.01099968 -0.93600082  5.24200058]
