,scores,centers
0,0.9983330368995667,[-22.2519989  -14.7859993   41.41800022]
1,0.9824222922325134,[-14.2519989   13.2140007   27.41800022]
2,0.9948831796646118,[-12.2519989   -4.7859993   47.41800022]
3,0.688349723815918,[-30.2519989    9.2140007   29.41800022]
4,0.9923617839813232,[-14.2519989   -4.7859993   47.41800022]
