,scores,centers
0,0.999535083770752,[ 8.89299965  3.51399994 57.76099968]
1,0.99934321641922,[10.89299965  1.51399994 27.76099968]
