,scores,centers
0,0.999028205871582,[  1.32799911  -4.62599945 -23.74399948]
1,0.9968082308769226,[-12.67200089 -22.62599945 -19.74399948]
