,scores,centers
0,0.9996703863143921,[-6.06500244 26.69400024  5.61600113]
1,0.9951133131980896,[-2.06500244 26.69400024 25.61600113]
