,scores,centers
0,0.9992766976356506,[55.67399979 48.03999996 -1.70199966]
1,0.9972642660140991,[53.67399979 46.03999996 26.29800034]
2,0.9892078042030334,[27.67399979 28.03999996 18.29800034]
