,scores,centers
0,0.9992393255233765,[13.65799999 19.83099937  5.28499985]
1,0.9974920749664307,[11.65799999  5.83099937 27.28499985]
