,scores,centers
0,0.9989744424819946,[21.43200016 26.7329998  32.10999966]
1,0.638538122177124,[23.43200016 38.7329998  24.10999966]
