,scores,centers
0,0.9990574717521667,[-39.72299957 110.69599915  41.13400078]
1,0.997988224029541,[-31.72299957  82.69599915  71.13400078]
