,scores,centers
0,0.9983160495758057,[46.62300014 55.98200035 -4.88800049]
1,0.998444139957428,[36.62300014 25.98200035 19.11199951]
2,0.998586893081665,[36.62300014 43.98200035 23.11199951]
