,scores,centers
0,0.9988883137702942,[40.36199951 17.82099915 14.38800049]
1,0.9985705614089966,[24.36199951 11.82099915 32.38800049]
