,scores,centers
0,0.9997382760047913,[29.32600021 14.5170002  -0.69799995]
1,0.9950437545776367,[17.32600021 18.5170002  -8.69799995]
