,scores,centers
0,0.9980119466781616,[ 8.67000008  8.16300011 20.35599995]
1,0.9940027594566345,[12.67000008  0.16300011 34.35599995]
2,0.9209205508232117,[ 4.67000008  2.16300011 10.35599995]
3,0.4170312285423279,[ 10.67000008 -13.83699989  22.35599995]
4,0.9684403538703918,[ 2.67000008  2.16300011 10.35599995]
