,scores,centers
0,0.9971007704734802,[47.17300034 11.68500137  3.80200005]
1,0.997334361076355,[57.17300034  9.68500137 23.80200005]
2,0.979337215423584,[25.17300034  7.68500137 17.80200005]
