,scores,centers
0,0.999407172203064,[-7.06299973 40.67700005 20.62400055]
1,0.6959300637245178,[-3.06299973 62.67700005 14.62400055]
