,scores,centers
0,0.9982837438583374,[ 23.625      113.20999908  24.25      ]
1,0.9983336329460144,[29.625      95.20999908 48.25      ]
2,0.9963124394416809,[33.625      93.20999908 -9.75      ]
