,scores,centers
0,0.9881763458251953,[60.79199982 40.30200005 37.33699989]
1,0.8709919452667236,[70.79199982 52.30200005 35.33699989]
2,0.6467587947845459,[58.79199982 28.30200005 39.33699989]
3,0.8480836153030396,[76.79199982 40.30200005 41.33699989]
4,0.4968588352203369,[74.79199982 44.30200005 17.33699989]
5,0.550449788570404,[56.79199982 26.30200005 19.33699989]
6,0.433743417263031,[74.79199982 28.30200005 27.33699989]
7,0.40614405274391174,[54.79199982 50.30200005 23.33699989]
