,scores,centers
0,0.9989439845085144,[78.13199997 35.28399992 -9.34300041]
1,0.9924157857894897,[84.13199997 29.28399992 20.65699959]
