,scores,centers
0,0.999091386795044,[25.89700031  6.23500061 46.91300011]
1,0.998717188835144,[25.89700031 22.23500061 30.91300011]
2,0.9991629123687744,[ 33.89700031 -11.76499939  60.91300011]
3,0.8864348530769348,[11.89700031  2.23500061 46.91300011]
