,scores,centers
0,0.9991388320922852,[17.1970005  37.44999981 15.8579998 ]
1,0.9962456822395325,[37.1970005  29.44999981 -0.1420002 ]
