,scores,centers
0,0.9983478784561157,[22.55599976  5.09500122 27.02899933]
1,0.9902787804603577,[ 20.55599976 -14.90499878  27.02899933]
