,scores,centers
0,0.995448648929596,[  9.30500031   4.66200256 -22.92599869]
1,0.9885672330856323,[  1.30500031 -17.33799744 -10.92599869]
2,0.9667205214500427,[-10.69499969  -3.33799744 -36.92599869]
3,0.8929601907730103,[  5.30500031  18.66200256 -34.92599869]
4,0.4874156713485718,[  7.30500031  -5.33799744 -44.92599869]
