,scores,centers
0,0.997665524482727,[ 8.77899933 16.57699966 22.86100006]
1,0.9956691265106201,[ 0.77899933  0.57699966 10.86100006]
2,0.9119710326194763,[10.77899933 -7.42300034 20.86100006]
