,scores,centers
0,0.9994712471961975,[44.48999977 37.6989994  23.95400047]
1,0.9994334578514099,[16.48999977 17.6989994  31.95400047]
2,0.9963576197624207,[38.48999977 17.6989994  19.95400047]
