,scores,centers
0,0.9990399479866028,[ 31.79599953  12.66799927 -32.62999725]
