,scores,centers
0,0.9995013475418091,[ 48.71100044 121.59799957  49.7670002 ]
1,0.9841051697731018,[46.71100044 95.59799957 55.7670002 ]
2,0.9652637243270874,[ 54.71100044 119.59799957  73.7670002 ]
