,scores,centers
0,0.9995679259300232,[-2.82699966  3.08699989 -5.74900055]
1,0.9972742199897766,[  5.17300034  -0.91300011 -23.74900055]
2,0.9790140986442566,[ 13.17300034  -6.91300011 -11.74900055]
