,scores,centers
0,0.9994193315505981,[17.42000008  6.4470005   1.53700256]
1,0.9788442254066467,[11.42000008 -1.5529995  -6.46299744]
