,scores,centers
0,0.9967683553695679,[13.41300011 15.95299911  4.85700035]
1,0.9976219534873962,[33.41300011 15.95299911  6.85700035]
2,0.9482925534248352,[15.41300011 -2.04700089 18.85700035]
3,0.9963206052780151,[25.41300011 -2.04700089  0.85700035]
4,0.6287999153137207,[29.41300011  3.95299911 28.85700035]
