,scores,centers
0,0.9983830451965332,[-4.11599731  4.19199944 14.61400032]
1,0.9986358284950256,[ 5.88400269 -5.80800056  6.61400032]
2,0.9785562753677368,[-4.11599731 -9.80800056 24.61400032]
3,0.952174961566925,[-14.11599731  -9.80800056  30.61400032]
4,0.4529891014099121,[-16.11599731 -11.80800056   4.61400032]
