,scores,centers
0,0.992828905582428,[-25.56499863  61.54299927  50.92200089]
1,0.9897837042808533,[-17.56499863  61.54299927  42.92200089]
2,0.4857776165008545,[-5.56499863 73.54299927 38.92200089]
