,scores,centers
0,0.9989259839057922,[47.58100033 10.10099983 37.77499962]
1,0.998371422290802,[39.58100033 32.10099983 15.77499962]
2,0.9975892305374146,[15.58100033 48.10099983  9.77499962]
3,0.9720607399940491,[27.58100033 30.10099983 -8.22500038]
