,scores,centers
0,0.9973944425582886,[ 55.52900028 110.39499664  96.49000168]
1,0.9928944706916809,[ 23.52900028 106.39499664  98.49000168]
2,0.9861353635787964,[45.52900028 98.39499664 92.49000168]
3,0.9803987145423889,[ 35.52900028 128.39499664  82.49000168]
4,0.5346940755844116,[ 47.52900028 104.39499664  68.49000168]
