,scores,centers
0,0.9991959929466248,[20.5510006  10.88199997  4.87299919]
1,0.9946181178092957,[12.5510006  34.88199997  2.87299919]
