,scores,centers
0,0.9992019534111023,[  2.95700073  -3.51100159 -25.78300095]
1,0.9958029389381409,[-17.04299927 -21.51100159 -19.78300095]
2,0.9808837175369263,[-21.04299927  -7.51100159 -13.78300095]
