,scores,centers
0,0.9998612403869629,[ 2.47999954 64.88999939 67.45899963]
1,0.9812073111534119,[-11.52000046  64.88999939  39.45899963]
