,scores,centers
0,0.9998457431793213,[-20.1780014   -7.81600189  10.02199936]
