,scores,centers
0,0.9993670582771301,[ 68.1609993   49.06900024 219.62399292]
1,0.982504665851593,[ 68.1609993   75.06900024 203.62399292]
2,0.9492893815040588,[ 84.1609993   83.06900024 213.62399292]
