,scores,centers
0,0.9989951252937317,[52.204       0.49200058 22.09000015]
1,0.9980267882347107,[78.204       6.49200058 26.09000015]
2,0.9983263611793518,[26.204       6.49200058 18.09000015]
