,scores,centers
0,0.9996613264083862,[10.75899887 28.20899963 27.50699997]
1,0.9995365142822266,[-1.24100113 28.20899963  1.50699997]
2,0.9991371035575867,[ 6.75899887 26.20899963 13.50699997]
