,scores,centers
0,0.9967877864837646,[47.02099991 29.80700016  0.20100021]
1,0.9950289130210876,[35.02099991 29.80700016 22.20100021]
2,0.9948201179504395,[27.02099991 19.80700016 22.20100021]
3,0.5650196075439453,[23.02099991 15.80700016 34.20100021]
