,scores,centers
0,0.9990757703781128,[65.39599991 51.99600029 36.7329998 ]
1,0.9982553124427795,[69.39599991 13.99600029 38.7329998 ]
