,scores,centers
0,0.9980837106704712,[-8.77599907 -1.9679985  19.39500046]
1,0.9984796643257141,[27.22400093 44.0320015  27.39500046]
