,scores,centers
0,0.998685896396637,[-6.2539978  -4.61600113 22.56099987]
1,0.9912124276161194,[ 5.7460022  -6.61600113 10.56099987]
2,0.9903247356414795,[ 9.7460022  -8.61600113 28.56099987]
3,0.9319373965263367,[ -4.2539978  -16.61600113  10.56099987]
