,scores,centers
0,0.9994133710861206,[ 6.23800087 33.73000002 31.33600044]
1,0.9850522875785828,[ 2.23800087 37.73000002 13.33600044]
2,0.975813627243042,[-9.76199913 33.73000002 29.33600044]
