,scores,centers
0,0.9994144439697266,[35.95800018 15.57799911  2.125     ]
1,0.9989325404167175,[33.95800018 -6.42200089 34.125     ]
