,scores,centers
0,0.9990084767341614,[-1.55400085  0.39799881  0.96500015]
