,scores,centers
0,0.9977737069129944,[-6.02400208  9.72700119 40.09700012]
1,0.9950276017189026,[-8.02400208 -8.27299881 40.09700012]
2,0.9826054573059082,[ 13.97599792 -12.27299881  48.09700012]
3,0.9697710871696472,[ 7.97599792 -2.27299881 30.09700012]
