,scores,centers
0,0.9919050931930542,[-40.34000015 -56.05400085  31.48500013]
1,0.9934980869293213,[-42.34000015 -42.05400085  27.48500013]
2,0.9966195821762085,[-32.34000015 -60.05400085  43.48500013]
3,0.9621176719665527,[-24.34000015 -40.05400085  31.48500013]
4,0.9720571041107178,[-18.34000015 -52.05400085  21.48500013]
