,scores,centers
0,0.9986451268196106,[13.24900055 23.89999962  5.62899971]
1,0.998763918876648,[17.24900055 21.89999962  5.62899971]
2,0.7593069076538086,[13.24900055 37.89999962 21.62899971]
3,0.7064311504364014,[23.24900055 17.89999962 -4.37100029]
