,scores,centers
0,0.998777449131012,[ 41.87899971 -14.39699936  44.18400002]
1,0.998422384262085,[29.87899971 -8.39699936 62.18400002]
2,0.9883032441139221,[ 51.87899971 -24.39699936  64.18400002]
3,0.9873244762420654,[47.87899971 -0.39699936 68.18400002]
