,scores,centers
0,0.9993940591812134,[ 16.8030014  -12.71800232  21.39599991]
1,0.9935146570205688,[16.8030014   5.28199768 33.39599991]
2,0.8679138422012329,[4.8030014  1.28199768 9.39599991]
