,scores,centers
0,0.9995379447937012,[69.74000168 21.64400101 -5.89900208]
1,0.9993880987167358,[101.74000168   5.64400101   4.10099792]
