,scores,centers
0,0.9979920387268066,[-7.4640007  37.7869997  17.22999954]
1,0.9987413287162781,[-11.4640007   53.7869997   -2.77000046]
2,0.9875043034553528,[ 2.5359993  31.7869997  -0.77000046]
3,0.8326457738876343,[-25.4640007   43.7869997   17.22999954]
