,scores,centers
0,0.9990692734718323,[17.16499996 26.88800049 82.10800171]
1,0.999627947807312,[27.16499996 48.88800049 76.10800171]
