,scores,centers
0,0.9992434978485107,[22.77600002 52.8939991  92.06099701]
1,0.9476932287216187,[20.77600002 40.8939991  92.06099701]
