,scores,centers
0,0.9983838796615601,[ 1.71199989 27.13800049 11.70199966]
1,0.9930328130722046,[-8.28800011 17.13800049 13.70199966]
2,0.9932305812835693,[-2.28800011 13.13800049 -2.29800034]
3,0.8670952320098877,[19.71199989 11.13800049 21.70199966]
4,0.665648877620697,[11.71199989 13.13800049 39.70199966]
