,scores,centers
0,0.998422384262085,[95.48300171 59.2840004  -4.80699921]
1,0.9985142350196838,[113.48300171  61.2840004   13.19300079]
2,0.9815130233764648,[97.48300171 65.2840004   9.19300079]
