,scores,centers
0,0.9964454770088196,[41.72000027 32.67300034 55.5720005 ]
1,0.9922103881835938,[25.72000027 48.67300034 39.5720005 ]
2,0.9849560856819153,[41.72000027 54.67300034 39.5720005 ]
3,0.9613847732543945,[39.72000027 52.67300034 57.5720005 ]
