,scores,centers
0,0.9131096601486206,[39.26599979 42.49300003 13.40999985]
1,0.9646579623222351,[37.26599979 42.49300003 13.40999985]
2,0.833272397518158,[47.26599979 38.49300003 17.40999985]
3,0.9134992361068726,[37.26599979 42.49300003 11.40999985]
