,scores,centers
0,0.999049723148346,[60.43299866 55.71699905 18.58499908]
1,0.9984902143478394,[72.43299866 43.71699905 36.58499908]
2,0.9944325089454651,[60.43299866 33.71699905 28.58499908]
