,scores,centers
0,0.9986807703971863,[-8.38199997 15.47000122 -8.8219986 ]
1,0.9886159300804138,[-22.38199997  11.47000122 -20.8219986 ]
2,0.9802796840667725,[ -6.38199997  27.47000122 -22.8219986 ]
