,scores,centers
0,0.9996370077133179,[99.10600281 24.12100029 33.73699951]
