,scores,centers
0,0.9993764758110046,[ -9.50499916 -15.3409996   52.56500053]
1,0.9996060729026794,[ 20.49500084 -35.3409996   52.56500053]
