,scores,centers
0,0.9809274673461914,[17.00099993 -0.73500061 67.52799988]
1,0.9816011190414429,[15.00099993 -0.73500061 67.52799988]
2,0.4144744575023651,[ 29.00099993 -10.73500061  79.52799988]
