,scores,centers
0,0.9981429576873779,[10.37599945 35.15100002 53.91500092]
1,0.9979550838470459,[ 0.37599945 11.15100002 73.91500092]
2,0.9814056754112244,[-11.62400055  33.15100002  41.91500092]
