,scores,centers
0,0.999196469783783,[87.07699966 70.54399872 22.17700005]
1,0.9954348206520081,[99.07699966 76.54399872  0.17700005]
2,0.9782455563545227,[59.07699966 58.54399872 -1.82299995]
3,0.9056753516197205,[81.07699966 66.54399872  4.17700005]
4,0.9163169860839844,[103.07699966  52.54399872  18.17700005]
