,scores,centers
0,0.9988210797309875,[33.34599972 21.10400009 57.04500008]
1,0.9988260865211487,[53.34599972 37.10400009 45.04500008]
2,0.9986557960510254,[35.34599972 41.10400009 65.04500008]
3,0.9964826107025146,[31.34599972 29.10400009 85.04500008]
