,scores,centers
0,0.9994803071022034,[45.87199974 13.08699989 41.5       ]
1,0.9993157386779785,[27.87199974 29.08699989 49.5       ]
