,scores,centers
0,0.9996066689491272,[15.60099983  5.49900055 13.00699997]
1,0.9977572560310364,[ 9.60099983 11.49900055 27.00699997]
