,scores,centers
0,0.997387707233429,[38.68200016 13.53899956 30.56999969]
1,0.996208667755127,[28.68200016 13.53899956 30.56999969]
2,0.9546829462051392,[36.68200016 25.53899956 48.56999969]
3,0.7658617496490479,[38.68200016 11.53899956 46.56999969]
4,0.6613298654556274,[46.68200016 23.53899956 52.56999969]
5,0.5783334970474243,[54.68200016 21.53899956 46.56999969]
