,scores,centers
0,0.9985248446464539,[27.55599976 18.12699986 60.81200027]
1,0.9979960918426514,[19.55599976  8.12699986 70.81200027]
2,0.9873950481414795,[19.55599976 24.12699986 66.81200027]
3,0.8993256092071533,[ 3.55599976 24.12699986 62.81200027]
4,0.9568163752555847,[13.55599976 10.12699986 44.81200027]
5,0.4889202415943146,[19.55599976 36.12699986 46.81200027]
