,scores,centers
0,0.9990416169166565,[29.61400032 27.32299995 -8.19499969]
