,scores,centers
0,0.999110996723175,[ 8.92199993 -6.13999939  6.60400009]
1,0.9990536570549011,[ 18.92199993 -16.13999939  18.60400009]
2,0.962208092212677,[22.92199993  1.86000061 34.60400009]
3,0.8299237489700317,[ 12.92199993 -22.13999939  -9.39599991]
