,scores,centers
0,0.9995772242546082,[10.75       17.02099991 40.05799961]
1,0.9990280866622925,[12.75       11.02099991 56.05799961]
2,0.8676720261573792,[22.75       15.02099991 24.05799961]
