,scores,centers
0,0.9995286464691162,[ 26.22399998  19.48699951 130.23999786]
1,0.9986215829849243,[12.22399998 11.48699951 84.23999786]
2,0.9915940761566162,[ 16.22399998 -10.51300049 100.23999786]
3,0.9370329976081848,[ 40.22399998   9.48699951 152.23999786]
4,0.9810570478439331,[ 42.22399998  31.48699951 144.23999786]
5,0.9714980721473694,[ 8.22399998  9.48699951 98.23999786]
