,scores,centers
0,0.9993333220481873,[ 40.59300041  45.28700066 122.38500214]
1,0.9988455772399902,[ 40.59300041  71.28700066 122.38500214]
2,0.9762702584266663,[ 32.59300041  37.28700066 114.38500214]
