,scores,centers
0,0.9935042262077332,[ 3.42200089 13.13599968  0.58200073]
1,0.9224391579627991,[-0.57799911  1.13599968 -1.41799927]
2,0.9213891625404358,[ 5.42200089  9.13599968 10.58200073]
3,0.6490231156349182,[ 5.42200089  5.13599968 -9.41799927]
4,0.52918940782547,[ 19.42200089  -4.86400032 -25.41799927]
