,scores,centers
0,0.9984560012817383,[18.70699978 38.40999985 65.22499847]
1,0.9986037611961365,[32.70699978 52.40999985 95.22499847]
2,0.9892673492431641,[34.70699978 40.40999985 67.22499847]
3,0.9791171550750732,[18.70699978 24.40999985 67.22499847]
