,scores,centers
0,0.9990886449813843,[ 1.94200134 48.75200081 43.87100029]
1,0.9985999464988708,[-12.05799866  52.75200081  49.87100029]
