,scores,centers
0,0.9988691210746765,[ 4.34000015  0.91699982 14.0170002 ]
1,0.999037504196167,[ 6.34000015 -3.08300018 16.0170002 ]
2,0.613307774066925,[12.34000015 -1.08300018 28.0170002 ]
