,scores,centers
0,0.988444447517395,[26.32000017 16.13500023 22.77299976]
1,0.9790288209915161,[30.32000017  4.13500023 34.77299976]
2,0.9818404316902161,[ 26.32000017 -13.86499977  40.77299976]
3,0.8709009885787964,[18.32000017 10.13500023 36.77299976]
