,scores,centers
0,0.9995337724685669,[-10.72100067  41.15399981  24.13599968]
1,0.9991975426673889,[21.27899933 43.15399981 32.13599968]
