,scores,centers
0,0.9994276165962219,[25.36200047 15.45999908  1.79000092]
1,0.9937710165977478,[ 33.36200047 -18.54000092   5.79000092]
