,scores,centers
0,0.9984875917434692,[ 1.77799988 29.11800003 36.47399998]
1,0.9908888339996338,[21.77799988 19.11800003  8.47399998]
2,0.993660032749176,[25.77799988 23.11800003 24.47399998]
