,scores,centers
0,0.9972525238990784,[36.41399956  6.29299927 47.9829998 ]
1,0.9970881342887878,[38.41399956  8.29299927 21.9829998 ]
2,0.9921532273292542,[36.41399956  2.29299927 33.9829998 ]
3,0.9678154587745667,[ 4.24139996e+01  2.92999268e-01 -1.70001984e-02]
4,0.7814463973045349,[ 56.41399956  -5.70700073 -10.0170002 ]
