,scores,centers
0,0.9996871948242188,[ 0.93700027 80.94800186 98.31299973]
1,0.998776376247406,[-7.06299973 82.94800186 74.31299973]
