,scores,centers
0,0.9974695444107056,[44.97200012 82.37900162 11.52199936]
1,0.9773885011672974,[44.97200012 50.37900162  7.52199936]
2,0.9123280048370361,[64.97200012 68.37900162  7.52199936]
3,0.9382522106170654,[34.97200012 58.37900162 25.52199936]
