,scores,centers
0,0.9990085959434509,[14.38500023 14.98600006 18.9659996 ]
1,0.9881773591041565,[ 2.38500023  2.98600006 26.9659996 ]
2,0.961284875869751,[26.38500023 10.98600006  4.9659996 ]
3,0.9225927591323853,[28.38500023  2.98600006 22.9659996 ]
