,scores,centers
0,0.9990648627281189,[-52.52100372   6.27099991  12.40500069]
1,0.9328571557998657,[-50.52100372   8.27099991  -7.59499931]
2,0.9491310119628906,[-50.52100372 -13.72900009   0.40500069]
