,scores,centers
0,0.9996832609176636,[ 16.8130002   39.07999992 101.52200317]
1,0.9972144961357117,[ 26.8130002   13.07999992 103.52200317]
2,0.9925251007080078,[ 40.8130002   39.07999992 105.52200317]
