,scores,centers
0,0.9984747767448425,[ 8.9470005  48.86999989  3.08599854]
1,0.9899952411651611,[ 6.9470005  26.86999989 -6.91400146]
2,0.9933033585548401,[ 16.9470005   42.86999989 -22.91400146]
