,scores,centers
0,0.999154806137085,[ 24.04399967  16.28800011 -19.74200058]
1,0.9993767142295837,[22.04399967 14.28800011 -1.74200058]
