,scores,centers
0,0.9988961219787598,[  9.46199989 -37.77399826   0.71500015]
1,0.998920202255249,[  7.46199989 -37.77399826   0.71500015]
