,scores,centers
0,0.9986951947212219,[-30.94900131  13.77799988  -6.69499969]
1,0.9378436207771301,[-12.94900131  17.77799988 -14.69499969]
2,0.9846216440200806,[-36.94900131   5.77799988   7.30500031]
3,0.8682777881622314,[-44.94900131   7.77799988  -8.69499969]
