,scores,centers
0,0.9891342520713806,[-22.09999847  -9.46099854   7.47999954]
1,0.9084991812705994,[13.90000153  0.53900146  9.47999954]
2,0.8895448446273804,[-6.09999847 -1.46099854  9.47999954]
3,0.7913336157798767,[ 9.90000153 12.53900146 -0.52000046]
4,0.945637583732605,[ -2.09999847 -19.46099854  13.47999954]
