,scores,centers
0,0.9997835755348206,[-0.06900024 -6.06299973 44.08899975]
1,0.9937177896499634,[-4.06900024  9.93700027 38.08899975]
2,0.9324899911880493,[-4.06900024  7.93700027 34.08899975]
