,scores,centers
0,0.9993739724159241,[22.61700058  9.65999985 22.08100033]
1,0.9534910321235657,[38.61700058 -2.34000015 30.08100033]
2,0.9698420166969299,[ 6.61700058  9.65999985 26.08100033]
3,0.6585866808891296,[16.61700058 -6.34000015 36.08100033]
