,scores,centers
0,0.9997448325157166,[20.49900055 -2.58300018  0.70700073]
1,0.9961071610450745,[-13.50099945  21.41699982  -9.29299927]
