,scores,centers
0,0.9930632710456848,[ 8.51499939  7.24900055 -3.55800056]
1,0.9940658807754517,[ 8.51499939  9.24900055 -5.55800056]
2,0.9958053827285767,[ 8.51499939  7.24900055 -5.55800056]
