,scores,centers
0,0.9988642930984497,[20.77400017 -1.21699905 18.10000038]
1,0.8218424916267395,[0.77400017 2.78300095 8.10000038]
2,0.5727394819259644,[40.77400017  4.78300095 22.10000038]
