,scores,centers
0,0.999566376209259,[44.12800026 37.10400009 23.24699974]
1,0.9991083741188049,[16.12800026 19.10400009 31.24699974]
2,0.9948175549507141,[40.12800026 25.10400009 39.24699974]
3,0.9751307368278503,[32.12800026 49.10400009 35.24699974]
