,scores,centers
0,0.9989838004112244,[ -6.73600006  24.96300125 -34.68099976]
1,0.998302698135376,[ 19.26399994 -37.03699875  -6.68099976]
