,scores,centers
0,0.9989272952079773,[ 6.7840004  41.49300003 52.6079998 ]
1,0.9991452693939209,[20.7840004  21.49300003 46.6079998 ]
