,scores,centers
0,0.9981854557991028,[25.63000011 59.36800003 50.63999939]
1,0.9696453809738159,[ 7.63000011 57.36800003 50.63999939]
2,0.757541298866272,[17.63000011 51.36800003 62.63999939]
3,0.5738423466682434,[ 7.63000011 67.36800003 46.63999939]
