,scores,centers
0,0.9984152317047119,[20.62699986 16.71199989 11.21800041]
1,0.9988731741905212,[18.62699986 16.71199989  9.21800041]
2,0.4489010274410248,[ 8.62699986 20.71199989  3.21800041]
