,scores,centers
0,0.9988856911659241,[ 89.76599884 -66.80999756  -3.102005  ]
1,0.9945600628852844,[101.76599884 -58.80999756 -33.102005  ]
2,0.9981288313865662,[ 67.76599884 -56.80999756 -15.102005  ]
3,0.9707631468772888,[ 71.76599884 -90.80999756 -37.102005  ]
