,scores,centers
0,0.9987305998802185,[-18.44499969  32.21899986 113.28600311]
1,0.998405396938324,[ -6.44499969  12.21899986 107.28600311]
2,0.9985044002532959,[-36.44499969  22.21899986 111.28600311]
3,0.5040973424911499,[-32.44499969  42.21899986 107.28600311]
