,scores,centers
0,0.9983364939689636,[13.26099968 58.94499969 13.86000061]
1,0.9976131916046143,[19.26099968 54.94499969 17.86000061]
2,0.6971166133880615,[29.26099968 36.94499969 21.86000061]
3,0.7566903829574585,[11.26099968 60.94499969 -2.13999939]
4,0.6950821280479431,[35.26099968 38.94499969 47.86000061]
5,0.6734585762023926,[33.26099968 48.94499969 33.86000061]
6,0.5435333251953125,[27.26099968 36.94499969 47.86000061]
7,0.41267967224121094,[-4.73900032 76.94499969  5.86000061]
