,scores,centers
0,0.9995658993721008,[-49.48000336  60.95999908  17.93700027]
1,0.9992350339889526,[-35.48000336  94.95999908  19.93700027]
