,scores,centers
0,0.9988301396369934,[ 26.04400063 104.92900085  46.23499966]
1,0.9991446733474731,[46.04400063 96.92900085 36.23499966]
2,0.9991582632064819,[ 2.04400063 94.92900085 36.23499966]
