,scores,centers
0,0.9987414479255676,[101.50900269  31.05599976 126.05200195]
1,0.959120512008667,[101.50900269  45.05599976  96.05200195]
2,0.9894617199897766,[115.50900269  23.05599976 184.05200195]
