,scores,centers
0,0.9993698000907898,[42.31799984 -4.0359993  15.15400028]
1,0.9901740550994873,[38.31799984  9.9640007  19.15400028]
2,0.9615897536277771,[38.31799984  9.9640007  13.15400028]
3,0.9153332114219666,[38.31799984 13.9640007  13.15400028]
4,0.7626890540122986,[28.31799984  5.9640007  41.15400028]
5,0.5733141899108887,[42.31799984  9.9640007  23.15400028]
