,scores,centers
0,0.9706451892852783,[16.05700016 16.31099987  2.43400002]
1,0.9187256097793579,[20.05700016 20.31099987 10.43400002]
2,0.5805591940879822,[ 8.05700016 10.31099987  8.43400002]
