,scores,centers
0,0.9986560344696045,[20.50600052 11.18600082 21.46199989]
