,scores,centers
0,0.9958414435386658,[42.02900028 53.85200119 53.24799919]
1,0.9972885847091675,[20.02900028 79.85200119 79.24799919]
2,0.9981100559234619,[36.02900028 75.85200119 59.24799919]
