,scores,centers
0,0.9960036873817444,[25.1420002  -0.64099884 36.70499992]
1,0.8816875219345093,[23.1420002  -2.64099884 20.70499992]
2,0.8355416059494019,[27.1420002  -0.64099884 28.70499992]
3,0.7097880840301514,[35.1420002  15.35900116 26.70499992]
4,0.4958852529525757,[27.1420002  19.35900116 40.70499992]
