,scores,centers
0,0.9990028738975525,[-0.13400269  2.41600037 -0.7179985 ]
1,0.9989044666290283,[  9.86599731 -17.58399963  21.2820015 ]
