,scores,centers
0,0.9993601441383362,[ 11.50600052 -45.64300537 -13.47100067]
1,0.9989060163497925,[ 25.50600052 -31.64300537 -37.47100067]
2,0.9749406576156616,[ 13.50600052 -37.64300537 -29.47100067]
3,0.45758703351020813,[ 13.50600052 -43.64300537 -43.47100067]
