,scores,centers
0,0.9994515776634216,[28.76499939  1.80400085  0.26800156]
1,0.9971032738685608,[30.76499939 -2.19599915  2.26800156]
