,scores,centers
0,0.9992018342018127,[22.29599953 42.00099945  6.86199951]
1,0.994610071182251,[14.29599953 40.00099945 30.86199951]
