,scores,centers
0,0.9974163770675659,[-0.55800056 23.97700024 15.1079998 ]
1,0.9866868257522583,[ 1.44199944 33.97700024  5.1079998 ]
2,0.9387897253036499,[11.44199944 19.97700024  9.1079998 ]
3,0.969713568687439,[15.44199944 23.97700024 21.1079998 ]
4,0.6435895562171936,[13.44199944 37.97700024 15.1079998 ]
