,scores,centers
0,0.9987855553627014,[52.11399984  0.65200043 21.48600006]
1,0.9981158971786499,[78.11399984  6.65200043 33.48600006]
2,0.9985452890396118,[26.11399984  6.65200043 17.48600006]
