,scores,centers
0,0.9984190464019775,[71.32200003 55.4119997  51.01200104]
1,0.9990161657333374,[27.32200003 43.4119997  23.01200104]
2,0.9967183470726013,[25.32200003 89.4119997  33.01200104]
