,scores,centers
0,0.9994533658027649,[31.78399992  4.58099937  7.81700134]
1,0.998039186000824,[49.78399992 12.58099937 31.81700134]
2,0.9978052973747253,[39.78399992  6.58099937 49.81700134]
3,0.998967170715332,[27.78399992  4.58099937 29.81700134]
