,scores,centers
0,0.999136745929718,[-17.72900009  15.52700043  -8.41799927]
1,0.9988489151000977,[2.27099991 7.52700043 1.58200073]
2,0.9987302422523499,[-31.72900009  15.52700043 -16.41799927]
3,0.9411369562149048,[-15.72900009  15.52700043  11.58200073]
