,scores,centers
0,0.9991509914398193,[25.5909996  25.42399979 46.1420002 ]
1,0.9997932314872742,[31.5909996   5.42399979 28.1420002 ]
2,0.9997528195381165,[19.5909996  47.42399979 60.1420002 ]
