,scores,centers
0,0.9981462955474854,[ 38.27600098 -29.86999512   5.62899971]
1,0.9993830919265747,[ -1.72399902 -33.86999512  23.62899971]
2,0.9992139339447021,[32.27600098  0.13000488  1.62899971]
