,scores,centers
0,0.9995208978652954,[-47.22699738  70.24499893  -6.85000038]
1,0.8013076186180115,[-39.22699738  66.24499893  -4.85000038]
