,scores,centers
0,0.9976305961608887,[-6.45800018 34.64499998 26.36100006]
1,0.9941971302032471,[15.54199982 34.64499998 18.36100006]
2,0.981892466545105,[23.54199982 34.64499998 32.36100006]
