,scores,centers
0,0.997701108455658,[29.94199991 39.81900024 72.61800003]
1,0.9959797859191895,[13.94199991 31.81900024 78.61800003]
2,0.9882601499557495,[39.94199991 49.81900024 84.61800003]
