,scores,centers
0,0.9996844530105591,[20.375      31.2159996  20.44799995]
1,0.9993984699249268,[ 2.375      -2.7840004  28.44799995]
2,0.999474823474884,[-7.625      37.2159996  -5.55200005]
3,0.9994378685951233,[26.375      -0.7840004  56.44799995]
