,scores,centers
0,0.9984941482543945,[55.94999981 37.71999979  9.68500137]
1,0.9873588681221008,[43.94999981 23.71999979  1.68500137]
2,0.8617736101150513,[57.94999981 27.71999979 -4.31499863]
3,0.8510633707046509,[45.94999981 17.71999979 15.68500137]
4,0.6590681076049805,[41.94999981 27.71999979 25.68500137]
5,0.8741982579231262,[31.94999981 31.71999979  9.68500137]
