,scores,centers
0,0.999037504196167,[ 12.65200043  16.81000137 -26.4280014 ]
1,0.9911876916885376,[ 28.65200043  14.81000137 -12.4280014 ]
2,0.9967238306999207,[ 8.65200043  8.81000137 -2.4280014 ]
3,0.9916425943374634,[-9.34799957 14.81000137 -8.4280014 ]
