,scores,centers
0,0.9988498687744141,[ 42.80799961 -14.95899963  44.40999985]
1,0.9973873496055603,[ 30.80799961 -10.95899963  62.40999985]
2,0.9858055710792542,[ 46.80799961 -18.95899963  72.40999985]
3,0.9857182502746582,[48.80799961 -0.95899963 68.40999985]
4,0.9086194038391113,[ 24.80799961 -32.95899963  56.40999985]
