,scores,centers
0,0.9995361566543579,[38.45100021 64.95100021  9.46100044]
1,0.9992602467536926,[28.45100021 42.95100021 27.46100044]
2,0.99954754114151,[ 8.45100021 14.95100021 15.46100044]
3,0.9993762373924255,[62.45100021 94.95100021 21.46100044]
