,scores,centers
0,0.9945662021636963,[-1.00200081 -0.07699966 11.07600021]
1,0.9649551510810852,[-3.00200081  9.92300034 19.07600021]
2,0.9434342384338379,[10.99799919  1.92300034 27.07600021]
3,0.8981243371963501,[10.99799919 21.92300034 17.07600021]
