,scores,centers
0,0.9991745352745056,[ 3.22900009  2.0739994  23.61899948]
