,scores,centers
0,0.9992178678512573,[-11.73099899   9.65499878   6.66300011]
1,0.9077940583229065,[-3.73099899 13.65499878 26.66300011]
2,0.9061568975448608,[-23.73099899   3.65499878  -5.33699989]
3,0.8817337155342102,[ 0.26900101 15.65499878  2.66300011]
