,scores,centers
0,0.9992528557777405,[39.81099987 29.50699997 50.40600014]
1,0.999211311340332,[33.81099987 23.50699997 60.40600014]
2,0.7382411956787109,[11.81099987 29.50699997 46.40600014]
