,scores,centers
0,0.9994364380836487,[ 5.99200058 23.48800087 16.41300011]
1,0.9989562034606934,[-4.00799942  3.48800087 20.41300011]
2,0.980987548828125,[-18.00799942  15.48800087  10.41300011]
