,scores,centers
0,0.9984660148620605,[80.94100189 22.41800022 16.24399948]
1,0.9989303946495056,[68.94100189 54.41800022 16.24399948]
