,scores,centers
0,0.9995970129966736,[14.16799927  5.62299919 13.60299969]
1,0.9985032081604004,[10.16799927 11.62299919 27.60299969]
