,scores,centers
0,0.9994468092918396,[47.36499977 86.30699921 55.1779995 ]
1,0.994560182094574,[53.36499977 62.30699921 43.1779995 ]
2,0.9806600213050842,[45.36499977 74.30699921 45.1779995 ]
3,0.6057964563369751,[29.36499977 66.30699921 59.1779995 ]
4,0.7196763157844543,[23.36499977 74.30699921 65.1779995 ]
