,scores,centers
0,0.9994211196899414,[28.40400028  5.95199966 14.32799911]
1,0.9973334074020386,[58.40400028 13.95199966  8.32799911]
