,scores,centers
0,0.9903050661087036,[10.53800011 18.18299961 20.89900017]
1,0.9866342544555664,[ 2.53800011 20.18299961 34.89900017]
2,0.8970522880554199,[22.53800011 10.18299961 34.89900017]
3,0.541053831577301,[18.53800011 10.18299961 16.89900017]
