,scores,centers
0,0.9990672469139099,[ -2.78900146 -12.43799973  56.6970005 ]
1,0.998801589012146,[-28.78900146   5.56200027  50.6970005 ]
2,0.9983289837837219,[-14.78900146   1.56200027   8.6970005 ]
