,scores,centers
0,0.9970640540122986,[34.06400013 13.96000004 12.40299988]
1,0.994577169418335,[28.06400013 15.96000004  8.40299988]
