,scores,centers
0,0.9992583394050598,[32.04100037  4.67200089 40.73400021]
1,0.9898344278335571,[16.04100037  8.67200089 28.73400021]
2,0.9686042666435242,[20.04100037  6.67200089 52.73400021]
