,scores,centers
0,0.9898754954338074,[ 75.02399826 -29.8809967   94.04999924]
1,0.9762365221977234,[ 73.02399826 -31.8809967  150.04999924]
2,0.9752658605575562,[ 83.02399826 -35.8809967  108.04999924]
