,scores,centers
0,0.9989765882492065,[148.66899872  15.68000031  -5.14500046]
1,0.9922284483909607,[148.66899872  31.68000031  12.85499954]
