,scores,centers
0,0.9989120960235596,[14.20999908 14.7670002  16.91500092]
1,0.9893758296966553,[ 2.20999908  2.7670002  26.91500092]
2,0.8914629817008972,[14.20999908  0.7670002   4.91500092]
3,0.8295883536338806,[30.20999908  4.7670002  22.91500092]
