,scores,centers
0,0.9981866478919983,[17.18099976 -4.29399872 -2.80699921]
1,0.9666057825088501,[29.18099976  7.70600128  3.19300079]
2,0.9054532647132874,[29.18099976 -2.29399872  5.19300079]
3,0.7803415656089783,[ 17.18099976 -18.29399872  -2.80699921]
4,0.6398721933364868,[  5.18099976 -10.29399872  11.19300079]
