,scores,centers
0,0.9789767265319824,[ 7.82799911 23.19200039 10.23200035]
1,0.9784601330757141,[15.82799911 27.19200039 30.23200035]
2,0.8629685044288635,[25.82799911 27.19200039 18.23200035]
3,0.698753833770752,[ 9.82799911 37.19200039 24.23200035]
4,0.7757207751274109,[ 5.82799911 33.19200039 10.23200035]
