,scores,centers
0,0.9991287589073181,[11.30000019 20.6760006   2.5019989 ]
1,0.9985209107398987,[ 7.30000019  0.6760006  30.5019989 ]
