,scores,centers
0,0.9994857311248779,[17.88100052 59.35499954 24.97299957]
1,0.9992768168449402,[19.88100052 67.35499954 44.97299957]
