,scores,centers
0,0.9996106028556824,[10.76199913 16.44200134 39.01200008]
1,0.9988110065460205,[10.76199913 12.44200134 55.01200008]
2,0.9956386685371399,[ 2.76199913 -1.55799866 35.01200008]
3,0.898486316204071,[24.76199913  8.44200134 41.01200008]
4,0.49635347723960876,[24.76199913  4.44200134 17.01200008]
