,scores,centers
0,0.9993205070495605,[ 0.83499908 -2.39500046 16.84799957]
1,0.9965969920158386,[34.83499908 -0.39500046 14.84799957]
2,0.9613223075866699,[ 16.83499908 -14.39500046  30.84799957]
