,scores,centers
0,0.9996463060379028,[60.1590004  35.38599968 77.31200027]
1,0.9994476437568665,[108.1590004   73.38599968  29.31200027]
