,scores,centers
0,0.99965500831604,[95.89899826 16.72399902 -3.50799942]
1,0.9990329742431641,[99.89899826 44.72399902 12.49200058]
