,scores,centers
0,0.9996929168701172,[17.52799988 -4.42000008 21.66300011]
1,0.9949877262115479,[25.52799988 -4.42000008 33.66300011]
