,scores,centers
0,0.9996194839477539,[72.9640007  91.39199829 47.23399925]
1,0.992682158946991,[74.9640007  73.39199829 27.23399925]
2,0.960414707660675,[92.9640007  89.39199829 61.23399925]
