,scores,centers
0,0.9980419874191284,[ 30.39599991   5.51800156 -10.63700104]
1,0.9984048008918762,[ 44.39599991 -24.48199844 -20.63700104]
2,0.9980059266090393,[ 44.39599991  19.51800156 -22.63700104]
