,scores,centers
0,0.9995793700218201,[84.59899902 27.67000008 16.24900055]
