,scores,centers
0,0.9992163181304932,[17.73099995  8.63299942 34.75199986]
1,0.9960565567016602,[33.73099995  2.63299942 40.75199986]
