,scores,centers
0,0.9925222992897034,[21.29100037 25.00099945 33.81400013]
1,0.9838787317276001,[17.29100037  3.00099945 23.81400013]
2,0.9782888889312744,[37.29100037 21.00099945 43.81400013]
3,0.8752981424331665,[25.29100037 15.00099945 49.81400013]
4,0.887921929359436,[ 3.29100037 19.00099945 31.81400013]
5,0.667717456817627,[15.29100037 21.00099945 13.81400013]
