,scores,centers
0,0.9995213747024536,[31.91599989  3.55500031 17.50399971]
1,0.9090451598167419,[17.91599989  1.55500031  7.50399971]
2,0.9858848452568054,[37.91599989 19.55500031 19.50399971]
