,scores,centers
0,0.9995735287666321,[14.70100021  5.625      -7.26300049]
1,0.987578809261322,[18.70100021 -4.375       6.73699951]
2,0.9887630939483643,[16.70100021 -6.375       6.73699951]
