,scores,centers
0,0.9994891881942749,[-44.18099976 -18.32499695  -9.42200089]
1,0.9990679621696472,[-28.18099976 -46.32499695  -5.42200089]
2,0.9995057582855225,[-20.18099976 -22.32499695  14.57799911]
