,scores,centers
0,0.9996340274810791,[ 52.40500069 151.01899719  23.76499939]
1,0.9996297359466553,[ 20.40500069 127.01899719  17.76499939]
