,scores,centers
0,0.9998142123222351,[10.46800041 11.6609993  11.72599983]
1,0.9995854496955872,[ 6.46800041  9.6609993  11.72599983]
2,0.7208884358406067,[-5.53199959 23.6609993  -8.27400017]
