,scores,centers
0,0.9988139867782593,[17.08600044 -3.88400269 -2.79999924]
1,0.8648016452789307,[11.08600044 -7.88400269 -0.79999924]
2,0.7727413177490234,[23.08600044 -5.88400269 13.20000076]
3,0.6509379148483276,[ 17.08600044 -11.88400269  13.20000076]
4,0.8229174613952637,[27.08600044  6.11599731  3.20000076]
