,scores,centers
0,0.9990928173065186,[  0.85200119   2.01799965 -21.06499863]
1,0.9718624949455261,[-17.14799881  14.01799965  -1.06499863]
2,0.9675805568695068,[-3.14799881 -3.98200035 -1.06499863]
