,scores,centers
0,0.9987682700157166,[10.05900002 33.38800001 20.69499969]
1,0.9964267611503601,[ 6.05900002 29.38800001 24.69499969]
2,0.7777908444404602,[12.05900002 17.38800001 18.69499969]
