,scores,centers
0,0.9715421795845032,[-5.22200012  0.14900017 55.86899948]
1,0.9017155170440674,[16.77799988 -1.85099983 61.86899948]
2,0.7833065986633301,[ 4.77799988 -3.85099983 61.86899948]
3,0.7406485080718994,[-5.22200012 14.14900017 63.86899948]
