,scores,centers
0,0.997265100479126,[-16.6760025   38.16199875  20.73699951]
1,0.9981728792190552,[ 7.3239975  12.16199875 10.73699951]
2,0.995211660861969,[27.3239975  34.16199875 20.73699951]
3,0.9706507325172424,[ 1.3239975  54.16199875 12.73699951]
