,scores,centers
0,0.9989176988601685,[31.7159996  12.75300026 60.14400101]
1,0.9931387305259705,[31.7159996   2.75300026 46.14400101]
