,scores,centers
0,0.9990326166152954,[ 7.09799957 50.09600067  7.32699966]
1,0.9982584118843079,[23.09799957 56.09600067 19.32699966]
2,0.5928887724876404,[11.09799957 46.09600067 35.32699966]
