,scores,centers
0,0.9994631409645081,[ 4.38500023  1.63199997 13.09600067]
1,0.9995997548103333,[ 4.38500023 -0.36800003 11.09600067]
