,scores,centers
0,0.9970321655273438,[33.25300026 14.00399971 12.74499989]
1,0.9945401549339294,[31.25300026 14.00399971 10.74499989]
2,0.43454474210739136,[35.25300026 24.00399971 20.74499989]
