,scores,centers
0,0.9950234889984131,[11.53899956 14.93599987 27.53499985]
1,0.9584301114082336,[23.53899956 10.93599987 33.53499985]
2,0.9283332824707031,[21.53899956 28.93599987 43.53499985]
3,0.6993740200996399,[13.53899956 34.93599987 31.53499985]
4,0.5646184086799622,[19.53899956 14.93599987 47.53499985]
