,scores,centers
0,0.9994636178016663,[ 8.79500008  5.80400085 59.6970005 ]
1,0.9993100166320801,[12.79500008  3.80400085 23.6970005 ]
