,scores,centers
0,0.999294638633728,[ 4.34900093  0.51100159 -5.04700089]
