,scores,centers
0,0.9995751976966858,[37.36400032 41.61999989 25.70100021]
1,0.9897998571395874,[33.36400032 31.61999989 37.70100021]
