,scores,centers
0,0.9987733960151672,[56.15100002 39.92000008  9.43600082]
1,0.994218111038208,[34.15100002 33.92000008  9.43600082]
2,0.9736353754997253,[42.15100002 25.92000008  1.43600082]
3,0.8799847960472107,[42.15100002 27.92000008 25.43600082]
4,0.7707412838935852,[42.15100002 15.92000008 17.43600082]
5,0.6759860515594482,[22.15100002 29.92000008 19.43600082]
6,0.7747812271118164,[56.15100002 27.92000008 -4.56399918]
