,scores,centers
0,0.9994494318962097,[-0.18700027  6.82500076  6.0719986 ]
1,0.9877540469169617,[-2.18700027 18.82500076 10.0719986 ]
2,0.9964082837104797,[-0.18700027 14.82500076 18.0719986 ]
3,0.6891390085220337,[15.81299973 16.82500076 -3.9280014 ]
