,scores,centers
0,0.9995290040969849,[46.71500015 24.84899998 30.89299965]
1,0.9996401071548462,[46.71500015 24.84899998 28.89299965]
