,scores,centers
0,0.9986944794654846,[32.69999981 18.63299942 10.23900032]
1,0.9612415432929993,[34.69999981  2.63299942 10.23900032]
2,0.9630872011184692,[22.69999981  8.63299942  2.23900032]
