,scores,centers
0,0.9985287189483643,[42.91900063 32.86899948 52.67300034]
1,0.9960696697235107,[40.91900063 56.86899948 38.67300034]
2,0.9668521285057068,[26.91900063 48.86899948 40.67300034]
3,0.7066728472709656,[30.91900063 34.86899948 62.67300034]
4,0.496157705783844,[44.91900063 52.86899948 56.67300034]
