,scores,centers
0,0.999151349067688,[30.68999863  4.11899948 51.31900024]
