,scores,centers
0,0.9992027878761292,[15.34300041  9.32299805 -3.8710022 ]
1,0.9988192915916443,[-4.65699959 -8.67700195 -7.8710022 ]
2,0.9909197092056274,[ 25.34300041 -12.67700195   6.1289978 ]
