,scores,centers
0,0.9992862343788147,[21.97999954 94.53299713 52.18700027]
1,0.9985489249229431,[25.97999954 78.53299713 42.18700027]
2,0.9918949007987976,[27.97999954 96.53299713 68.18700027]
