,scores,centers
0,0.9994562268257141,[-0.74099922  1.56299973  4.13299942]
1,0.9996901750564575,[25.25900078  3.56299973  4.13299942]
