,scores,centers
0,0.9982367753982544,[20.45299911 11.54700089  2.94400024]
1,0.9985550045967102,[20.45299911 -2.45299911 28.94400024]
2,0.9959982633590698,[ 24.45299911 -18.45299911  16.94400024]
