,scores,centers
0,0.9986556768417358,[73.89300156 43.48799992 52.20700073]
1,0.9983021020889282,[93.89300156 29.48799992 44.20700073]
2,0.9642809629440308,[83.89300156 41.48799992 36.20700073]
