,scores,centers
0,0.9980758428573608,[ 6.35700035  7.32799911 27.92700005]
1,0.9970867037773132,[-3.64299965 29.32799911 11.92700005]
2,0.9854686856269836,[ 6.35700035 19.32799911 37.92700005]
3,0.973414957523346,[10.35700035 31.32799911 23.92700005]
