,scores,centers
0,0.9992600083351135,[ 64.42300034 102.88899994  86.19300079]
