,scores,centers
0,0.9992263317108154,[ 4.46500015 18.12400007 39.11600018]
1,0.9743271470069885,[-11.53499985  30.12400007  43.11600018]
