,scores,centers
0,0.9985128045082092,[ 5.625      -3.20500183 86.5719986 ]
1,0.9977645874023438,[ -8.375      -23.20500183 104.5719986 ]
