,scores,centers
0,0.997281551361084,[71.99599838  5.87400055 17.58599997]
1,0.9841288328170776,[57.99599838 -8.12599945 19.58599997]
2,0.9815124273300171,[65.99599838  7.87400055 43.58599997]
