,scores,centers
0,0.9990519881248474,[68.32299995 41.64800072 29.43899918]
1,0.9986321330070496,[24.32299995 71.64800072 17.43899918]
2,0.9982264637947083,[38.32299995 53.64800072 21.43899918]
