,scores,centers
0,0.9993000030517578,[29.66100025 27.57600021 -8.33399963]
