,scores,centers
0,0.9962353110313416,[69.66699982  9.38399887 10.6079998 ]
1,0.9444734454154968,[63.66699982 15.38399887 32.6079998 ]
2,0.9885750412940979,[65.66699982 -6.61600113 12.6079998 ]
