,scores,centers
0,0.998363196849823,[50.6170001  -1.09999847 22.57900047]
1,0.9985073208808899,[72.6170001   8.90000153 16.57900047]
2,0.998719334602356,[28.6170001   8.90000153 26.57900047]
