,scores,centers
0,0.9989174604415894,[ 20.88500023  34.11600018 153.88200378]
1,0.9921358823776245,[ 42.88500023  22.11600018 123.88200378]
2,0.9971638321876526,[ 28.88500023  48.11600018 129.88200378]
