,scores,centers
0,0.9993201494216919,[51.40399933 26.08699989  9.13299942]
1,0.9990078806877136,[-6.59600067 24.08699989 13.13299942]
2,0.902578592300415,[47.40399933 24.08699989 -4.86700058]
3,0.8438928723335266,[43.40399933 26.08699989 -4.86700058]
