,scores,centers
0,0.9979478716850281,[-37.94599915  23.88199997  -2.47200012]
1,0.9943676590919495,[-41.94599915   9.88199997  13.52799988]
