,scores,centers
0,0.9987173080444336,[88.46199989 23.73799896  5.61199951]
1,0.9991599321365356,[50.46199989 25.73799896 15.61199951]
