,scores,centers
0,0.999677300453186,[20.60699987 34.21100044 57.13199997]
1,0.9995326995849609,[22.60699987 34.21100044 57.13199997]
