,scores,centers
0,0.9986135959625244,[87.5        23.92399979  5.67399979]
1,0.9993270635604858,[49.5        27.92399979 13.67399979]
