,scores,centers
0,0.9993463158607483,[ 6.80899811  4.5530014  31.25300026]
1,0.9962902069091797,[18.80899811 12.5530014  59.25300026]
2,0.9738507270812988,[-41.19100189 -21.4469986    1.25300026]
