,scores,centers
0,0.9984419941902161,[ 3.64100075 24.60099983 12.88899994]
1,0.9931071400642395,[ 3.64100075 22.60099983 32.88899994]
2,0.9960489869117737,[19.64100075 30.60099983 -5.11100006]
