,scores,centers
0,0.9989365935325623,[ 7.79199982 12.10900116 26.05200005]
1,0.9868148565292358,[17.79199982 38.10900116 32.05200005]
