,scores,centers
0,0.9994088411331177,[-8.80400085 81.46500015 69.87299919]
