,scores,centers
0,0.9764732122421265,[15.30699921 48.81699944 59.3220005 ]
1,0.9727497696876526,[ 5.30699921 42.81699944 57.3220005 ]
2,0.9217947721481323,[13.30699921 38.81699944 57.3220005 ]
3,0.7158187031745911,[21.30699921 32.81699944 47.3220005 ]
4,0.4320083260536194,[ 7.30699921 26.81699944 53.3220005 ]
