,scores,centers
0,0.9915921688079834,[10.44000053 18.26000023 17.05800056]
1,0.9898881316184998,[26.44000053 10.26000023 19.05800056]
2,0.981245756149292,[18.44000053 32.26000023 21.05800056]
