,scores,centers
0,0.9992017149925232,[21.84000015 26.66699982 22.03499985]
1,0.9959138035774231,[41.84000015 28.66699982 44.03499985]
2,0.9987762570381165,[25.84000015 32.66699982 56.03499985]
