,scores,centers
0,0.9983940720558167,[ 6.61700058 13.15800095 18.64400101]
1,0.9923924207687378,[-7.38299942 31.15800095  2.64400101]
2,0.9836375117301941,[12.61700058 -0.84199905 36.64400101]
3,0.9801662564277649,[-5.38299942 13.15800095 34.64400101]
