,scores,centers
0,0.9994382262229919,[ 16.38599968 -11.22999954  21.4090004 ]
1,0.9889810085296631,[12.38599968 -3.22999954 35.4090004 ]
2,0.9832898378372192,[28.38599968  2.77000046 23.4090004 ]
3,0.9466294646263123,[ 0.38599968 -5.22999954 25.4090004 ]
