,scores,centers
0,0.9989315867424011,[84.47100067 20.48500013 24.95100021]
1,0.9980925917625427,[58.47100067 58.48500013 12.95100021]
2,0.9976262450218201,[66.47100067 46.48500013 16.95100021]
