,scores,centers
0,0.9994527697563171,[26.62400007 25.12100029 45.91599989]
1,0.9976624250411987,[12.62400007 31.12100029 53.91599989]
