,scores,centers
0,0.9976867437362671,[47.29999924 24.02000046 42.91199875]
1,0.972209632396698,[43.29999924 20.02000046 68.91199875]
2,0.9802049994468689,[41.29999924 14.02000046 18.91199875]
