,scores,centers
0,0.9984762072563171,[  8.94300079  -7.14400101 -11.9070015 ]
1,0.9986573457717896,[  8.94300079 -21.14400101  24.0929985 ]
