,scores,centers
0,0.9995864033699036,[22.20999908 63.25199986 54.23400116]
1,0.9996254444122314,[-15.79000092  17.25199986   2.23400116]
