,scores,centers
0,0.9976693987846375,[6.35900116 2.19499969 1.38600159]
1,0.9779230356216431,[  6.35900116   0.19499969 -10.61399841]
