,scores,centers
0,0.9997665286064148,[31.85299969 16.4460001  -0.72800064]
1,0.9891401529312134,[17.85299969 20.4460001  -8.72800064]
