,scores,centers
0,0.9986425042152405,[151.35199738  -1.40899658 -62.98400116]
1,0.9984471201896667,[151.35199738 -27.40899658 -66.98400116]
