,scores,centers
0,0.9991375207901001,[29.41499996 76.1570015  44.69400024]
1,0.9985790252685547,[19.41499996 88.1570015  36.69400024]
