,scores,centers
0,0.9994937181472778,[12.99300003 78.88899994 23.96000004]
1,0.9946854114532471,[ 4.99300003 68.88899994 33.96000004]
2,0.926317572593689,[-7.00699997 74.88899994 15.96000004]
3,0.9228957295417786,[-7.00699997 64.88899994 11.96000004]
