,scores,centers
0,0.9988439083099365,[-135.60400391    8.14900208   65.38299942]
1,0.99760901927948,[-121.60400391  -13.85099792   65.38299942]
2,0.9881597757339478,[-135.60400391  -17.85099792   67.38299942]
