,scores,centers
0,0.9991744160652161,[-9.17200089 16.76999998 28.62800026]
1,0.623340368270874,[-1.17200089 28.76999998 44.62800026]
2,0.5440711379051208,[-17.17200089  18.76999998  28.62800026]
