,scores,centers
0,0.9996331930160522,[50.81399918  9.41699982  9.06100082]
1,0.9969603419303894,[74.81399918 -6.58300018 29.06100082]
2,0.9959355592727661,[ 80.81399918 -14.58300018   9.06100082]
