,scores,centers
0,0.9990741014480591,[24.79299927 16.46900177 21.41699982]
1,0.999068558216095,[  6.79299927 -15.53099823  -4.58300018]
