,scores,centers
0,0.9988126754760742,[ 4.12899971  0.86899948 11.80700016]
1,0.9006065726280212,[12.12899971 -1.13100052 27.80700016]
2,0.6791173219680786,[26.12899971  2.86899948 23.80700016]
