,scores,centers
0,0.997077465057373,[-54.1269989  -12.93499756 -31.59999847]
1,0.9840022325515747,[-52.1269989   -6.93499756 -15.59999847]
2,0.9121765494346619,[-44.1269989  -12.93499756 -41.59999847]
3,0.8351759314537048,[-58.1269989  -16.93499756 -21.59999847]
