,scores,centers
0,0.9996726512908936,[21.38500023 28.02799988 30.94299984]
1,0.9994794726371765,[-4.61499977  2.02799988 32.94299984]
