,scores,centers
0,0.9990174770355225,[-5.38100052 32.25900078 42.3390007 ]
1,0.9994376301765442,[ 8.61899948 42.25900078 14.3390007 ]
2,0.9644030332565308,[24.61899948 50.25900078 16.3390007 ]
