,scores,centers
0,0.999517560005188,[ 21.9090004    7.36700058 -11.36399841]
1,0.9977211356163025,[ 37.9090004  -12.63299942 -13.36399841]
2,0.9870398640632629,[ 21.9090004  -10.63299942  -9.36399841]
