,scores,centers
0,0.9994392991065979,[ 17.72000122 -12.0340004   21.37599945]
1,0.9915801882743835,[17.72000122 11.9659996  21.37599945]
