,scores,centers
0,0.9990366697311401,[ 6.16500092 -5.27000046 16.25699997]
1,0.7410470843315125,[12.16500092 -1.27000046 28.25699997]
