,scores,centers
0,0.9993234872817993,[ 40.4279995  -12.2179985   49.42500019]
1,0.999127209186554,[18.4279995  11.7820015  15.42500019]
