,scores,centers
0,0.9996229410171509,[ 29.86000061  53.63299942 115.48500061]
1,0.9986786246299744,[  7.86000061  19.63299942 117.48500061]
