,scores,centers
0,0.9991806149482727,[ 8.97100067  8.74100113 37.88599968]
