,scores,centers
0,0.9990035891532898,[ 31.34500122 -20.60699844 112.81100082]
1,0.9991148114204407,[-22.65499878  39.39300156  -5.18899918]
