,scores,centers
0,0.9986774325370789,[36.19099998 45.45599937  3.8769989 ]
1,0.9737719297409058,[32.19099998 39.45599937 19.8769989 ]
2,0.7276855707168579,[20.19099998 53.45599937  3.8769989 ]
3,0.830718457698822,[46.19099998 49.45599937 17.8769989 ]
