,scores,centers
0,0.9991236329078674,[13.66300201 17.28900146 19.51200104]
