,scores,centers
0,0.9982630610466003,[44.16900063  6.87300014 12.41899872]
1,0.9972063899040222,[60.16900063 18.87300014 22.41899872]
2,0.9303753972053528,[64.16900063  2.87300014 26.41899872]
