,scores,centers
0,0.999269425868988,[ 15.72200012  49.59399986 -49.19499969]
1,0.9506188631057739,[ -6.27799988  45.59399986 -39.19499969]
