,scores,centers
0,0.9991936087608337,[18.55299997 33.19400024 19.00699997]
1,0.9935181736946106,[28.55299997 33.19400024 23.00699997]
