,scores,centers
0,0.9996236562728882,[18.45899963  9.76199913  7.91899872]
1,0.9849774837493896,[4.45899963 3.76199913 3.91899872]
2,0.9897722601890564,[16.45899963  3.76199913 23.91899872]
