,scores,centers
0,0.9993419051170349,[22.80700016 19.44499969 43.28300095]
1,0.9993360638618469,[32.80700016 35.44499969 11.28300095]
