,scores,centers
0,0.9981060028076172,[34.22599983 20.20499992 43.02000046]
1,0.9943324327468872,[36.22599983 26.20499992 53.02000046]
2,0.9879708886146545,[52.22599983 38.20499992 47.02000046]
