,scores,centers
0,0.9988371729850769,[23.68700027 35.97299957 26.10000038]
1,0.9989352822303772,[23.68700027 35.97299957 24.10000038]
