,scores,centers
0,0.9969310164451599,[49.01000023 13.63700104 19.80599976]
1,0.9794288277626038,[37.01000023 19.63700104 15.80599976]
2,0.9837642312049866,[33.01000023  9.63700104 33.80599976]
3,0.9826268553733826,[55.01000023 11.63700104  3.80599976]
