,scores,centers
0,0.9992926120758057,[15.91100025 17.60000038 32.28600025]
1,0.9995094537734985,[43.91100025 35.60000038 22.28600025]
2,0.9945247173309326,[39.91100025 17.60000038 20.28600025]
3,0.9886733889579773,[21.91100025 27.60000038 16.28600025]
