,scores,centers
0,0.9992271661758423,[31.02499962 46.84599972 49.99799919]
1,0.9986672401428223,[19.02499962 24.84599972 37.99799919]
2,0.9860115051269531,[23.02499962 40.84599972 35.99799919]
3,0.9102854132652283,[23.02499962  6.84599972 37.99799919]
