,scores,centers
0,0.9979811310768127,[ 5.85400009 -8.95399857 20.4659996 ]
1,0.9987244009971619,[-4.14599991 11.04600143 20.4659996 ]
