,scores,centers
0,0.9989370703697205,[63.29000092 69.87799835 -0.20600128]
1,0.967480480670929,[ 65.29000092  59.87799835 -12.20600128]
2,0.9685214161872864,[73.29000092 69.87799835 17.79399872]
3,0.8885535001754761,[73.29000092 71.87799835  3.79399872]
4,0.6404607892036438,[75.29000092 55.87799835  7.79399872]
