,scores,centers
0,0.9909958243370056,[15.27499962 50.73500061 58.70299911]
1,0.9724120497703552,[-2.72500038 34.73500061 50.70299911]
2,0.8591104745864868,[17.27499962 36.73500061 56.70299911]
3,0.46638596057891846,[17.27499962 34.73500061 40.70299911]
