,scores,centers
0,0.9985117316246033,[11.71199799 13.68899918 -4.29299927]
1,0.9926345944404602,[-2.28800201 17.68899918 13.70700073]
2,0.970920979976654,[ 3.71199799 -6.31100082  3.70700073]
3,0.9519668221473694,[37.71199799 29.68899918 -2.29299927]
4,0.9824575781822205,[ 9.71199799 -4.31100082 23.70700073]
