,scores,centers
0,0.9794225096702576,[18.03399992 31.94799995 16.55900002]
1,0.8038780093193054,[28.03399992 17.94799995  4.55900002]
2,0.4613051414489746,[24.03399992 33.94799995 24.55900002]
3,0.41958504915237427,[36.03399992 25.94799995 16.55900002]
