,scores,centers
0,0.9998527765274048,[ 3.76899719 66.56700134 69.15800095]
1,0.9912768602371216,[-12.23100281  64.56700134  41.15800095]
2,0.9961839318275452,[21.76899719 56.56700134 55.15800095]
