,scores,centers
0,0.9989011287689209,[ 9.04599953 34.54199982 23.71300125]
1,0.9940299987792969,[27.04599953 12.54199982  9.71300125]
2,0.989648699760437,[ 9.04599953 20.54199982 21.71300125]
3,0.9250842928886414,[37.04599953 28.54199982 29.71300125]
