,scores,centers
0,0.9991989731788635,[-20.82699585  58.13400078  99.52400208]
1,0.9953923225402832,[-28.82699585  56.13400078 117.52400208]
2,0.9965215921401978,[-18.82699585  30.13400078 103.52400208]
