,scores,centers
0,0.9980252981185913,[72.91600037 48.2310009  53.68700027]
1,0.9852293133735657,[58.91600037 50.2310009  51.68700027]
2,0.984896183013916,[102.91600037  36.2310009   63.68700027]
3,0.959331750869751,[92.91600037 42.2310009  47.68700027]
4,0.733860433101654,[44.91600037 30.2310009  43.68700027]
