,scores,centers
0,0.999251663684845,[43.59200001 42.50900078 40.07900047]
1,0.9963237047195435,[31.59200001 34.50900078 38.07900047]
2,0.9959535598754883,[41.59200001 42.50900078 20.07900047]
