,scores,centers
0,0.998522937297821,[43.23200035 74.9620018  70.47200012]
1,0.9898410439491272,[25.23200035 92.9620018  80.47200012]
2,0.9834492802619934,[21.23200035 82.9620018  66.47200012]
