,scores,centers
0,0.9991878867149353,[30.43099976 39.73400021 26.86600018]
1,0.9993962049484253,[14.43099976 29.73400021 50.86600018]
2,0.9944906234741211,[ 2.43099976 23.73400021 36.86600018]
