,scores,centers
0,0.9998626708984375,[ 2.18499756 64.80899811 67.89900017]
1,0.9961574673652649,[-11.81500244  64.80899811  39.89900017]
2,0.9649887681007385,[ 6.18499756 80.80899811 61.89900017]
3,0.620018482208252,[-19.81500244  56.80899811  61.89900017]
