,scores,centers
0,0.9964635968208313,[ 31.48700047 -19.19499969  24.33699989]
1,0.9769800901412964,[ 47.48700047 -21.19499969  30.33699989]
2,0.9696339964866638,[49.48700047 -9.19499969 34.33699989]
