,scores,centers
0,0.9995505213737488,[29.25099993 12.45800018  0.74300003]
1,0.9956195950508118,[19.25099993 20.45800018 -9.25699997]
2,0.9853298664093018,[21.25099993 10.45800018 12.74300003]
