,scores,centers
0,0.9993095397949219,[ 45.06099987  44.31499958 -14.32299805]
1,0.9970155954360962,[ 17.06099987  44.31499958 -38.32299805]
2,0.9925671815872192,[17.06099987 40.31499958 -2.32299805]
