,scores,centers
0,0.9936667084693909,[50.91500092 22.19299984 41.50200081]
1,0.9901249408721924,[44.91500092 18.19299984 51.50200081]
2,0.8945136070251465,[42.91500092  4.19299984 47.50200081]
3,0.8603929281234741,[34.91500092 22.19299984 31.50200081]
4,0.696463942527771,[42.91500092 10.19299984 59.50200081]
5,0.8487161993980408,[48.91500092  8.19299984 53.50200081]
