,scores,centers
0,0.9986481070518494,[20.77799988 30.57600021 49.99900055]
1,0.9987126588821411,[18.77799988 18.57600021 61.99900055]
2,0.997266411781311,[50.77799988 46.57600021 45.99900055]
