,scores,centers
0,0.9990873336791992,[26.78999996 17.55599976 30.42300034]
1,0.99839848279953,[44.78999996 25.55599976 24.42300034]
2,0.893034040927887,[12.78999996 35.55599976 14.42300034]
3,0.7274577617645264,[28.78999996 33.55599976  6.42300034]
4,0.7392590045928955,[24.78999996 17.55599976 12.42300034]
5,0.8349411487579346,[28.78999996 39.55599976 24.42300034]
