,scores,centers
0,0.5552483797073364,[ 2.12100029 26.33199978  8.38599968]
1,0.691352128982544,[ 0.12100029 24.33199978 10.38599968]
2,0.7191776037216187,[-1.87899971 24.33199978  8.38599968]
3,0.40627142786979675,[ 0.12100029 28.33199978 10.38599968]
