,scores,centers
0,0.999015212059021,[32.27899933 46.60000038 36.12200022]
