,scores,centers
0,0.9949712753295898,[21.11199951  1.79800034 25.33500004]
1,0.9913800358772278,[ 7.11199951 -0.20199966 37.33500004]
2,0.867911696434021,[ 19.11199951 -14.20199966  37.33500004]
3,0.9364579916000366,[ 27.11199951 -10.20199966  33.33500004]
4,0.43759214878082275,[ 27.11199951 -14.20199966  23.33500004]
5,0.4993955194950104,[ 5.11199951 -6.20199966 21.33500004]
