,scores,centers
0,0.9981813430786133,[ 37.48699999 -17.48199844  33.19299984]
1,0.9932522177696228,[17.48699999  2.51800156 31.19299984]
2,0.6264336705207825,[ 9.48699999 20.51800156 23.19299984]
