,scores,centers
0,0.9984099864959717,[24.82500076 27.06500053 34.38500023]
1,0.9962399005889893,[24.82500076 17.06500053 54.38500023]
2,0.9814792275428772,[16.82500076  3.06500053 26.38500023]
3,0.9875961542129517,[14.82500076 37.06500053 52.38500023]
4,0.9493054747581482,[ 2.82500076 19.06500053 32.38500023]
5,0.9259496927261353,[36.82500076  9.06500053 32.38500023]
