,scores,centers
0,0.9991723299026489,[45.89999962  2.47800064 14.35600281]
1,0.5395475029945374,[79.89999962 -9.52199936 -3.64399719]
