,scores,centers
0,0.9995455145835876,[19.60599995 59.06100082 24.70800018]
1,0.9993175268173218,[19.60599995 67.06100082 44.70800018]
2,0.9978140592575073,[21.60599995 51.06100082 40.70800018]
