,scores,centers
0,0.9989686012268066,[28.78299999 -4.05699921 19.41300011]
1,0.9940757751464844,[14.78299999 -2.05699921 25.41300011]
2,0.9303557872772217,[8.78299999 1.94300079 3.41300011]
3,0.5814457535743713,[ 2.78299999  1.94300079 27.41300011]
