,scores,centers
0,0.9998214840888977,[46.96699905 -0.72100067 11.25099945]
1,0.999795138835907,[58.96699905 -4.72100067 41.25099945]
