,scores,centers
0,0.9992777705192566,[29.69200039 53.15299988 22.99200058]
1,0.9991554021835327,[29.69200039 45.15299988 18.99200058]
2,0.8775281310081482,[35.69200039 53.15299988  8.99200058]
3,0.5054072737693787,[15.69200039 57.15299988  4.99200058]
4,0.7452865839004517,[23.69200039 43.15299988 10.99200058]
