,scores,centers
0,0.9917284846305847,[ 1.42200089 29.04199982 19.17700005]
1,0.9924996495246887,[-6.57799911 25.04199982 17.17700005]
2,0.8400551676750183,[13.42200089 23.04199982  7.17700005]
3,0.8954405784606934,[15.42200089 13.04199982 15.17700005]
4,0.8793224692344666,[ 9.42200089 17.04199982 27.17700005]
