,scores,centers
0,0.9985792636871338,[-1.05900002 28.41499996 -0.49399948]
1,0.9671119451522827,[12.94099998 28.41499996 -0.49399948]
2,0.9047291278839111,[10.94099998 20.41499996 -6.49399948]
