,scores,centers
0,0.9990139007568359,[-4.01800156 -6.11899948 18.81999969]
1,0.9990984201431274,[17.98199844  5.88100052 78.81999969]
