,scores,centers
0,0.999233603477478,[ 49.37800026 111.17500305  32.87599993]
1,0.9994057416915894,[27.37800026 97.17500305 42.87599993]
