,scores,centers
0,0.9985944628715515,[-7.35900116  5.74200058 16.9119997 ]
