,scores,centers
0,0.9987717270851135,[4.9829998  1.87800026 4.11199951]
1,0.9954653382301331,[16.9829998  -0.12199974 22.11199951]
2,0.9271687269210815,[30.9829998   5.87800026 14.11199951]
