,scores,centers
0,0.9992863535881042,[11.09300041 55.44199991  9.37400055]
1,0.9995806813240051,[15.09300041 19.44199991 13.37400055]
