,scores,centers
0,0.9984377026557922,[55.67700005 37.29099989  9.67700005]
1,0.991376519203186,[43.67700005 25.29099989  1.67700005]
2,0.9575411081314087,[33.67700005 31.29099989  7.67700005]
3,0.9733195304870605,[21.67700005 31.29099989 19.67700005]
4,0.8646754026412964,[43.67700005 17.29099989 17.67700005]
5,0.615877628326416,[45.67700005 27.29099989 25.67700005]
