,scores,centers
0,0.9942958950996399,[45.31100082 18.18700027 51.77799988]
1,0.9918878674507141,[51.31100082 22.18700027 41.77799988]
2,0.9002225995063782,[43.31100082  4.18700027 47.77799988]
3,0.7613078355789185,[33.31100082  8.18700027 55.77799988]
4,0.4597757160663605,[35.31100082 22.18700027 31.77799988]
