,scores,centers
0,0.9993425011634827,[ 8.97900009 40.82900047 31.88700104]
1,0.9917900562286377,[ 8.97900009  6.82900047 35.88700104]
