,scores,centers
0,0.9988176226615906,[19.56099987 23.98899984 17.54399872]
1,0.998298704624176,[ 7.56099987 29.98899984 -4.45600128]
