,scores,centers
0,0.9977856874465942,[ 8.97800064 30.93599987 26.35299969]
1,0.9861350655555725,[ 0.97800064 34.93599987 42.35299969]
2,0.9791533946990967,[22.97800064 36.93599987 36.35299969]
