,scores,centers
0,0.9996160268783569,[15.66600037  6.25799942 12.74600029]
1,0.9616393446922302,[-2.33399963  6.25799942 12.74600029]
2,0.9953773021697998,[ 9.66600037 12.25799942 24.74600029]
