,scores,centers
0,0.99924635887146,[32.03299999  4.79199982 40.67199993]
1,0.9650352001190186,[22.03299999  4.79199982 26.67199993]
2,0.9698389172554016,[20.03299999  4.79199982 52.67199993]
3,0.9547076225280762,[22.03299999 16.79199982 10.67199993]
