,scores,centers
0,0.9985862970352173,[19.02400017 13.63800049 26.33300018]
1,0.9839726686477661,[13.02400017 21.63800049 50.33300018]
2,0.9539793133735657,[19.02400017 17.63800049 -1.66699982]
3,0.8444051742553711,[ 9.02400017 39.63800049 36.33300018]
