,scores,centers
0,0.9985595345497131,[27.10499954  2.06200027  4.47100067]
1,0.9956627488136292,[31.10499954  2.06200027 26.47100067]
2,0.9913138747215271,[ 7.10499954  8.06200027 22.47100067]
