,scores,centers
0,0.9990981817245483,[17.25699997 41.23600006 33.77600098]
1,0.9969913959503174,[27.25699997 45.23600006 -0.22399902]
