,scores,centers
0,0.9996821880340576,[15.38599968  5.74500084 13.47299957]
