,scores,centers
0,0.9988456964492798,[50.95899963 36.26399994 45.89100075]
1,0.9880309700965881,[44.95899963 46.26399994 53.89100075]
2,0.8817083835601807,[50.95899963 20.26399994 41.89100075]
