,scores,centers
0,0.9962629675865173,[33.83699989 23.26099968 33.22699928]
1,0.9907599687576294,[31.83699989 19.26099968  7.22699928]
2,0.9877497553825378,[21.83699989 11.26099968 11.22699928]
3,0.974831223487854,[35.83699989  3.26099968 11.22699928]
4,0.519773542881012,[23.83699989  3.26099968 -8.77300072]
