,scores,centers
0,0.995322048664093,[96.8789978  47.92800045 26.14499998]
1,0.9857799410820007,[116.8789978   45.92800045  32.14499998]
2,0.9684401154518127,[88.8789978  63.92800045 30.14499998]
