,scores,centers
0,0.9995146989822388,[12.97200012 21.25499916  9.47900009]
1,0.9816554188728333,[10.97200012 -2.74500084  9.47900009]
