,scores,centers
0,0.998835027217865,[31.94400024 33.45199966  9.67599869]
1,0.9031280279159546,[43.94400024 15.45199966  9.67599869]
2,0.9811304211616516,[33.94400024 21.45199966 25.67599869]
