,scores,centers
0,0.9989370703697205,[16.63299942  5.4659996  21.45400047]
1,0.9989424347877502,[10.63299942 47.4659996  21.45400047]
