,scores,centers
0,0.9993816614151001,[22.23799992  0.63199997 21.61499977]
