,scores,centers
0,0.9949148893356323,[44.35700035 28.45499992 46.52300072]
1,0.9275032877922058,[50.35700035 44.45499992 58.52300072]
2,0.9127609133720398,[52.35700035 42.45499992 44.52300072]
