,scores,centers
0,0.9968417882919312,[ 3.06100082  7.6609993  10.9659996 ]
1,0.9985199570655823,[13.06100082  7.6609993  -3.0340004 ]
2,0.9765124320983887,[13.06100082  5.6609993  30.9659996 ]
