,scores,centers
0,0.9992246627807617,[13.47000122 37.36600018 41.76399994]
1,0.9980523586273193,[21.47000122 43.36600018 15.76399994]
