,scores,centers
0,0.998333752155304,[ 3.69900131 51.63800049 14.81299973]
1,0.9982489347457886,[21.69900131 55.63800049 18.81299973]
2,0.7027348279953003,[ 5.69900131 57.63800049 26.81299973]
