,scores,centers
0,0.9985544085502625,[-2.62599945 68.76799965 10.67099762]
1,0.9866098761558533,[ 1.37400055 48.76799965 -7.32900238]
2,0.9697180390357971,[27.37400055 48.76799965  2.67099762]
3,0.99112868309021,[19.37400055 56.76799965 -5.32900238]
