,scores,centers
0,0.9998481273651123,[  2.55899811 -46.11000061  27.06299973]
1,0.9990401864051819,[-11.44100189 -36.11000061  -0.93700027]
2,0.9987468719482422,[  2.55899811 -36.11000061  15.06299973]
