,scores,centers
0,0.9985243678092957,[13.42300034 29.72999954 41.60400009]
1,0.9987565279006958,[19.42300034 17.72999954 43.60400009]
2,0.9980124235153198,[27.42300034 35.72999954 41.60400009]
3,0.991713285446167,[39.42300034 25.72999954 53.60400009]
4,0.4684751629829407,[33.42300034 13.72999954 29.60400009]
