,scores,centers
0,0.99774169921875,[13.32099915 55.91300011 53.76399994]
1,0.997044026851654,[27.32099915 43.91300011 63.76399994]
2,0.8150653839111328,[-0.67900085 69.91300011 41.76399994]
