,scores,centers
0,0.9991588592529297,[34.90699959 13.52000046 33.20899963]
1,0.9994018077850342,[ 58.90699959 -14.47999954   3.20899963]
2,0.9988868832588196,[  4.90699959 -20.47999954 -14.79100037]
3,0.9990469813346863,[ 26.90699959  15.52000046 -26.79100037]
