,scores,centers
0,0.9939561486244202,[43.3939991  18.35200024 53.79000092]
1,0.9909512996673584,[49.3939991  22.35200024 43.79000092]
2,0.7819066643714905,[43.3939991   4.35200024 47.79000092]
3,0.47693145275115967,[41.3939991   4.35200024 41.79000092]
4,0.4833807647228241,[35.3939991  22.35200024 31.79000092]
5,0.47914832830429077,[31.3939991   8.35200024 39.79000092]
