,scores,centers
0,0.9995399713516235,[41.39900017 13.34600067 82.38700104]
1,0.9934948086738586,[35.39900017 13.34600067 86.38700104]
2,0.9726410508155823,[45.39900017  5.34600067 96.38700104]
3,0.7303333878517151,[41.39900017  1.34600067 96.38700104]
