,scores,centers
0,0.9986749291419983,[33.12100029 34.18400002 14.7859993 ]
1,0.9939616322517395,[39.12100029 14.18400002 12.7859993 ]
2,0.971727192401886,[47.12100029 30.18400002 28.7859993 ]
3,0.8547965288162231,[23.12100029 38.18400002 16.7859993 ]
