,scores,centers
0,0.9981775283813477,[21.78100014 -4.26300049 -0.61899948]
1,0.9986995458602905,[  5.78100014 -20.26300049   7.38100052]
