,scores,centers
0,0.999478280544281,[17.87899971 35.21600008 15.31100082]
1,0.9715671539306641,[-0.12100029 29.21600008 29.31100082]
2,0.9378992319107056,[-0.12100029 21.21600008 19.31100082]
3,0.9505336880683899,[35.87899971 21.21600008 23.31100082]
4,0.9677653908729553,[31.87899971 21.21600008 23.31100082]
5,0.9352015256881714,[ 9.87899971 35.21600008  9.31100082]
