,scores,centers
0,0.9995893836021423,[53.86899948 24.49800014 38.27399826]
1,0.999255359172821,[49.86899948 24.49800014  0.27399826]
