,scores,centers
0,0.9991680383682251,[20.54300022 95.04599762 51.15500069]
1,0.9985212683677673,[24.54300022 79.04599762 41.15500069]
2,0.9847857356071472,[ 8.54300022 89.04599762 63.15500069]
