,scores,centers
0,0.9985004663467407,[ 9.88899994 22.22399998 23.79899979]
1,0.9932250380516052,[-12.11100006  22.22399998  23.79899979]
2,0.9868782162666321,[25.88899994 36.22399998 19.79899979]
