,scores,centers
0,0.9992806315422058,[ 15.46500015  51.23699951 -49.80999756]
1,0.9921262264251709,[ -4.53499985  45.23699951 -39.80999756]
2,0.8861002326011658,[ -8.53499985  43.23699951 -49.80999756]
