,scores,centers
0,0.9993211030960083,[93.24499893 30.16900063 44.09700012]
1,0.9935605525970459,[71.24499893 12.16900063 46.09700012]
2,0.9675841331481934,[101.24499893  28.16900063  46.09700012]
3,0.9583221673965454,[101.24499893  32.16900063  48.09700012]
