,scores,centers
0,0.9987851977348328,[38.37900019 48.61000061 20.56999969]
1,0.9970928430557251,[34.37900019 46.61000061 20.56999969]
