,scores,centers
0,0.999268114566803,[50.94199944 58.84600067 41.82299995]
1,0.9933694005012512,[34.94199944 66.84600067 43.82299995]
2,0.906050443649292,[36.94199944 52.84600067 31.82299995]
