,scores,centers
0,0.9943404197692871,[25.42799997  1.14599991 34.67399979]
1,0.5334108471870422,[35.42799997 15.14599991 24.67399979]
2,0.8782349824905396,[13.42799997 13.14599991 24.67399979]
3,0.7585474848747253,[33.42799997  5.14599991 26.67399979]
4,0.8839845061302185,[15.42799997 -4.85400009 26.67399979]
5,0.7874916195869446,[35.42799997  9.14599991 40.67399979]
