,scores,centers
0,0.9987549781799316,[-13.25299835  22.61000061  53.92699814]
1,0.9986961483955383,[ 22.74700165 -13.38999939   3.92699814]
