,scores,centers
0,0.999424934387207,[14.35599899 52.85200119 79.82299995]
1,0.9969035983085632,[22.35599899 64.85200119 63.82299995]
2,0.9843785166740417,[30.35599899 86.85200119 77.82299995]
