,scores,centers
0,0.9990774393081665,[29.61100006 38.40500069 70.11500168]
1,0.9959980249404907,[13.61100006 34.40500069 56.11500168]
