,scores,centers
0,0.9980766773223877,[77.4070015  39.58899975  8.40100098]
1,0.9947853684425354,[69.4070015  29.58899975  2.40100098]
2,0.8309903144836426,[91.4070015  55.58899975  2.40100098]
3,0.9371678233146667,[95.4070015  37.58899975 -1.59899902]
4,0.6612145304679871,[ 73.4070015   43.58899975 -15.59899902]
