,scores,centers
0,0.9993859529495239,[12.78499985 33.94299984 -6.10599899]
