,scores,centers
0,0.9933211207389832,[26.27600002 17.04399967 13.53600025]
1,0.985288679599762,[32.27600002 23.04399967 21.53600025]
2,0.8036597967147827,[14.27600002 25.04399967 21.53600025]
