,scores,centers
0,0.9996728897094727,[ 4.01799965 29.92399979 56.86899948]
