,scores,centers
0,0.9984546899795532,[-0.86700058 31.5010004  32.88899994]
1,0.9960740804672241,[ 1.13299942 53.5010004  20.88899994]
2,0.978186309337616,[ 7.13299942 47.5010004  40.88899994]
3,0.9571427702903748,[11.13299942 21.5010004   4.88899994]
