,scores,centers
0,0.999407172203064,[19.09600067 19.88299942 34.88700008]
1,0.9736576676368713,[ 7.09600067 13.88299942 38.88700008]
2,0.8306502103805542,[ 5.09600067  9.88299942 34.88700008]
3,0.537085771560669,[15.09600067 21.88299942 54.88700008]
