,scores,centers
0,0.9985724687576294,[53.30799866  5.73600006 11.35199738]
1,0.9863459467887878,[ 63.30799866  19.73600006 -10.64800262]
2,0.9812008738517761,[53.30799866 19.73600006 -0.64800262]
