,scores,centers
0,0.9989098310470581,[19.40299988 36.36600018 41.38800049]
1,0.9994159936904907,[ 17.40299988  48.36600018 -16.61199951]
