,scores,centers
0,0.9991482496261597,[-29.75        -6.34600067  15.01599979]
1,0.9951379895210266,[-23.75        11.65399933  29.01599979]
2,0.9651606678962708,[-21.75        15.65399933  17.01599979]
