,scores,centers
0,0.9994015693664551,[48.24200058 46.72399998 11.01000023]
1,0.9961680769920349,[66.24200058 36.72399998  9.01000023]
