,scores,centers
0,0.9998278617858887,[47.06100082 42.29199982  6.16200066]
1,0.9915920495986938,[53.06100082 46.29199982 30.16200066]
2,0.9779655337333679,[35.06100082 44.29199982 26.16200066]
