,scores,centers
0,0.9994376301765442,[ 29.39800072  41.48999977 130.72100067]
1,0.9973955154418945,[ 21.39800072  63.48999977 142.72100067]
2,0.7585002183914185,[-10.60199928 117.48999977 156.72100067]
