,scores,centers
0,0.9275315403938293,[13.41300011 40.61599922 56.08699989]
1,0.9774502515792847,[13.41300011 48.61599922 58.08699989]
2,0.9119327068328857,[-0.58699989 36.61599922 52.08699989]
3,0.7970466017723083,[11.41300011 58.61599922 48.08699989]
4,0.6818783283233643,[15.41300011 34.61599922 56.08699989]
5,0.42911431193351746,[19.41300011 54.61599922 44.08699989]
