,scores,centers
0,0.9980652928352356,[57.95999908 72.01399994 -5.21899986]
1,0.9940351843833923,[69.95999908 46.01399994 24.78100014]
2,0.9895461201667786,[65.95999908 62.01399994 10.78100014]
3,0.8374934792518616,[77.95999908 46.01399994 10.78100014]
