,scores,centers
0,0.9994969367980957,[ 7.38500023 27.12199974 12.67200089]
1,0.9938648343086243,[11.38500023 23.12199974  8.67200089]
