,scores,centers
0,0.9924511313438416,[15.18499947 53.07699966 19.90399933]
1,0.9942758679389954,[11.18499947 41.07699966 15.90399933]
2,0.9513565301895142,[25.18499947 33.07699966 33.90399933]
3,0.8355741500854492,[17.18499947 57.07699966  3.90399933]
4,0.9530101418495178,[13.18499947 39.07699966  3.90399933]
