,scores,centers
0,0.9989032745361328,[13.75399971 43.99800014  2.49399948]
1,0.991397500038147,[15.75399971 37.99800014 26.49399948]
2,0.9668193459510803,[23.75399971 29.99800014  6.49399948]
