,scores,centers
0,0.9993257522583008,[34.97200012 22.37400055 31.96000004]
1,0.9989365935325623,[-7.02799988 20.37400055 35.96000004]
