,scores,centers
0,0.9987284541130066,[ 8.88299942 33.28499985 20.57999992]
1,0.9954973459243774,[ 0.88299942 23.28499985 22.57999992]
2,0.5056896805763245,[ 2.88299942 17.28499985  6.57999992]
3,0.4950186610221863,[ 6.88299942 33.28499985  0.57999992]
