,scores,centers
0,0.9811123609542847,[18.03599977 32.07600021 16.50699997]
1,0.8568398952484131,[28.03599977 18.07600021  4.50699997]
