,scores,centers
0,0.998602569103241,[11.58199978 25.97399998  6.73900032]
1,0.5621178150177002,[ 17.58199978  15.97399998 -13.26099968]
2,0.983309805393219,[17.58199978 17.97399998  2.73900032]
3,0.8544984459877014,[17.58199978 39.97399998 20.73900032]
