,scores,centers
0,0.9998095631599426,[105.55599976  19.95199966  -1.15699959]
