,scores,centers
0,0.9993316531181335,[17.06200027 15.74600029 21.47100067]
1,0.9988498687744141,[-12.93799973  27.74600029  33.47100067]
