,scores,centers
0,0.9997138381004333,[40.60499954 34.48499966 45.72999954]
1,0.9995152950286865,[22.60499954 10.48499966 75.72999954]
2,0.9984097480773926,[ 8.60499954 30.48499966 57.72999954]
3,0.7548445463180542,[28.60499954 26.48499966 77.72999954]
