,scores,centers
0,0.9984090924263,[-379.47198486 -141.21000671  202.23999786]
1,0.9671009182929993,[-287.47198486 -121.21000671  146.23999786]
2,0.9869656562805176,[-319.47198486 -129.21000671  170.23999786]
3,0.9537717700004578,[-195.47198486 -103.21000671  106.23999786]
