,scores,centers
0,0.9894698858261108,[53.47100067 30.48900032 46.42200089]
1,0.9399099349975586,[53.47100067 18.48900032 38.42200089]
2,0.6510636806488037,[47.47100067 38.48900032 44.42200089]
3,0.46724164485931396,[41.47100067 30.48900032 38.42200089]
4,0.4158026874065399,[51.47100067 36.48900032 26.42200089]
5,0.46248069405555725,[49.47100067 42.48900032 36.42200089]
