,scores,centers
0,0.9997965693473816,[51.71899986  9.09799957 21.59300232]
