,scores,centers
0,0.9984428286552429,[-16.39699936 -18.54499817  10.36000061]
1,0.9960246086120605,[-12.39699936 -38.54499817   2.36000061]
2,0.9867188334465027,[ 3.60300064 -6.54499817 16.36000061]
3,0.9653919339179993,[  1.60300064 -16.54499817  30.36000061]
4,0.4954723119735718,[-10.39699936   1.45500183  26.36000061]
