,scores,centers
0,0.9742200970649719,[-29.0719986   36.01499939  -0.81800079]
1,0.9292612075805664,[-19.0719986   38.01499939  -8.81800079]
2,0.8285753726959229,[-31.0719986   34.01499939 -10.81800079]
