,scores,centers
0,0.9983413219451904,[10.05599976 -7.86299896 12.84899902]
1,0.9962217807769775,[-11.94400024  -5.86299896  30.84899902]
2,0.9983338713645935,[46.05599976  6.13700104 12.84899902]
