,scores,centers
0,0.9997387528419495,[52.40600014 35.70200014 12.85899925]
1,0.9995704293251038,[14.40600014 33.70200014 26.85899925]
