,scores,centers
0,0.9993842840194702,[-32.75500488  49.02799988 -26.19200134]
1,0.9994833469390869,[ -4.75500488 -10.97200012   5.80799866]
2,0.9833920001983643,[-28.75500488  29.02799988 -10.19200134]
3,0.9938994646072388,[  9.24499512   3.02799988 -10.19200134]
