,scores,centers
0,0.999154806137085,[ 10.74300003  33.64299965 -38.72900391]
1,0.9973216652870178,[ 16.74300003  35.64299965 -18.72900391]
