,scores,centers
0,0.999675989151001,[-4.4090004  27.85000038  4.87700081]
1,0.994150698184967,[-6.4090004  39.85000038 14.87700081]
