,scores,centers
0,0.9993535876274109,[ 6.46099854 29.57499981 23.89400005]
1,0.999152421951294,[-9.53900146 51.57499981 23.89400005]
