,scores,centers
0,0.9987500905990601,[19.01500034 18.11100006  9.81099987]
1,0.998977780342102,[19.01500034 16.11100006  7.81099987]
2,0.5632038116455078,[ 9.01500034 20.11100006  3.81099987]
3,0.5850394368171692,[17.01500034 12.11100006 21.81099987]
