,scores,centers
0,0.9995891451835632,[18.30699921 28.81099987 64.9659996 ]
1,0.9903445839881897,[12.30699921 36.81099987 82.9659996 ]
