,scores,centers
0,0.9993062019348145,[16.80700016 12.46500015 39.06499958]
1,0.9973655343055725,[32.80700016  2.46500015 37.06499958]
