,scores,centers
0,0.9993894100189209,[13.87899971 22.18700027 44.81599998]
1,0.9996405839920044,[13.87899971 30.18700027 24.81599998]
