,scores,centers
0,0.9978741407394409,[15.23900032 -3.49399948 39.14599991]
1,0.998458743095398,[  3.23900032 -17.49399948  43.14599991]
2,0.9867948889732361,[-0.76099968 -3.49399948 33.14599991]
3,0.9737053513526917,[11.23900032 -1.49399948 51.14599991]
