,scores,centers
0,0.9992895126342773,[19.08300018 17.20899963 14.05599976]
