,scores,centers
0,0.9994596838951111,[ 14.9659996  131.3219986   -3.70199966]
