,scores,centers
0,0.9910098314285278,[26.24100018 17.10099983 13.55999994]
1,0.9783006310462952,[32.24100018 21.10099983 21.55999994]
2,0.7311496734619141,[14.24100018 25.10099983 21.55999994]
