,scores,centers
0,0.998941957950592,[ 2.01600075  9.97000122 83.27899933]
1,0.9993526339530945,[ 12.01600075  13.97000122 107.27899933]
2,0.999665379524231,[-1.98399925 17.97000122 59.27899933]
