,scores,centers
0,0.9989363551139832,[24.41799927  4.68700027 11.4659996 ]
1,0.9988104104995728,[18.41799927 16.68700027 35.4659996 ]
2,0.9975103139877319,[ 8.41799927 -5.31299973 29.4659996 ]
