,scores,centers
0,0.9998359680175781,[27.49800014 14.11899948  6.96500015]
1,0.9996858835220337,[37.49800014 16.11899948 30.96500015]
