,scores,centers
0,0.9995396137237549,[18.29599953 29.03900146 20.40299988]
1,0.999369204044342,[ 2.29599953 -2.96099854 30.40299988]
2,0.9995397329330444,[-3.70400047 35.03900146 -5.59700012]
3,0.9995532631874084,[26.29599953 -2.96099854 58.40299988]
