,scores,centers
0,0.9992037415504456,[62.96699905 88.15599823 75.39599991]
1,0.9828526377677917,[ 54.96699905 106.15599823  75.39599991]
2,0.9627860188484192,[58.96699905 70.15599823 87.39599991]
3,0.9370861649513245,[76.96699905 96.15599823 83.39599991]
