,scores,centers
0,0.9994882345199585,[ 10.07600021   9.36199951 -13.20500183]
1,0.989234447479248,[16.07600021 -4.63800049  0.79499817]
