,scores,centers
0,0.9985963702201843,[72.30299997 55.17700005 50.86600113]
1,0.9985743761062622,[24.30299997 43.17700005 20.86600113]
2,0.9972488284111023,[24.30299997 91.17700005 28.86600113]
