,scores,centers
0,0.9996135830879211,[12.06299973 31.10900116 54.48699951]
1,0.9949892163276672,[16.06299973  7.10900116 72.48699951]
2,0.9461959600448608,[12.06299973  5.10900116 50.48699951]
3,0.979987621307373,[30.06299973 17.10900116 48.48699951]
