,scores,centers
0,0.9981008172035217,[81.02299881 42.80699921 50.79399872]
1,0.9576572179794312,[103.02299881  36.80699921  62.79399872]
2,0.9598897695541382,[79.02299881 42.80699921 56.79399872]
3,0.7630065083503723,[97.02299881 52.80699921 68.79399872]
4,0.9422017931938171,[79.02299881 40.80699921 54.79399872]
