,scores,centers
0,0.9993649125099182,[ 7.63899994 29.06200027 -1.68500137]
1,0.9995054006576538,[23.63899994 -0.93799973 46.31499863]
2,0.9988476037979126,[23.63899994 11.06200027 24.31499863]
