,scores,centers
0,0.999226450920105,[22.67399979 20.20299911 44.87400055]
1,0.9992551207542419,[28.67399979 36.20299911 12.87400055]
