,scores,centers
0,0.9993765950202942,[45.8579998  37.78600025 14.45599937]
1,0.9993065595626831,[31.8579998  25.78600025 -3.54400063]
