,scores,centers
0,0.9992375373840332,[-13.39099884   9.37700081  14.61999893]
1,0.9990828037261963,[-9.39099884 -8.62299919  0.61999893]
2,0.9808699488639832,[-29.39099884   9.37700081  12.61999893]
