,scores,centers
0,0.9988308548927307,[26.42700005 -4.18700027 21.50699997]
1,0.9989521503448486,[50.42700005  9.81299973 19.50699997]
2,0.9990839958190918,[ 4.42700005  7.81299973 15.50699997]
