,scores,centers
0,0.99918133020401,[ 28.08399963  17.42799997 185.32699585]
1,0.9990289211273193,[ 22.08399963  47.42799997 187.32699585]
