,scores,centers
0,0.9994818568229675,[16.86299896 29.07500076 22.87599945]
1,0.9992627501487732,[ 0.86299896 -8.92499924  6.87599945]
