,scores,centers
0,0.9992108345031738,[ 61.77700043  56.59300041 -17.43500137]
1,0.9972884654998779,[ 91.77700043  56.59300041 -29.43500137]
