,scores,centers
0,0.9963217973709106,[24.96500015 25.58400011 13.90299988]
1,0.9982280135154724,[ 8.96500015 45.58400011 31.90299988]
2,0.9924754500389099,[14.96500015 15.58400011 25.90299988]
