,scores,centers
0,0.9986479878425598,[37.99300003 42.9279995   0.45299911]
1,0.9740611910820007,[37.99300003 60.9279995  -1.54700089]
2,0.9870405793190002,[21.99300003 54.9279995   4.45299911]
3,0.9880907535552979,[27.99300003 40.9279995  10.45299911]
