,scores,centers
0,0.9990007281303406,[ 9.08300018 13.01999998 20.71899986]
1,0.9985045194625854,[ 5.08300018 17.01999998 20.71899986]
2,0.4687986373901367,[ 9.08300018 25.01999998  6.71899986]
