,scores,centers
0,0.9980441331863403,[34.7329998   5.3239994  77.22499847]
1,0.9745357632637024,[58.7329998  23.3239994  83.22499847]
2,0.9910441637039185,[70.7329998  39.3239994  71.22499847]
3,0.9899613857269287,[66.7329998  55.3239994  93.22499847]
4,0.9861722588539124,[70.7329998  79.3239994  95.22499847]
