,scores,centers
0,0.9989628791809082,[32.1420002  18.52499962 10.24300003]
1,0.9884352684020996,[26.1420002   6.52499962  2.24300003]
2,0.9222975373268127,[42.1420002   6.52499962 16.24300003]
3,0.5492867827415466,[40.1420002  16.52499962 28.24300003]
4,0.4063875675201416,[38.1420002   6.52499962 -3.75699997]
