,scores,centers
0,0.9992918968200684,[23.73500061 30.33399963 12.60300064]
1,0.9989389777183533,[ 25.73500061  40.33399963 -13.39699936]
