,scores,centers
0,0.9989404082298279,[44.80900002 46.5720005  17.44099998]
1,0.9988215565681458,[48.80900002 64.5720005  25.44099998]
2,0.9296351075172424,[50.80900002 28.5720005  -4.55900002]
