,scores,centers
0,0.9992626309394836,[-18.02299881  34.68599987   5.13299942]
1,0.9890363812446594,[-28.02299881  30.68599987  13.13299942]
2,0.9277399778366089,[-0.02299881 22.68599987 -6.86700058]
3,0.9721415042877197,[-12.02299881  48.68599987  -4.86700058]
