,scores,centers
0,0.9994189739227295,[ 9.60400009 31.05599976  0.49300003]
1,0.99952232837677,[23.60400009 -0.94400024 48.49300003]
2,0.9986610412597656,[23.60400009 11.05599976 22.49300003]
