,scores,centers
0,0.9978784322738647,[28.26000023 15.08100128 13.67099953]
1,0.9983677268028259,[36.26000023 -8.91899872 25.67099953]
2,0.9901155233383179,[28.26000023 -0.91899872 -0.32900047]
3,0.9884001016616821,[ 50.26000023 -16.91899872   9.67099953]
4,0.8951319456100464,[58.26000023  1.08100128 13.67099953]
5,0.8516050577163696,[ 8.26000023  3.08100128 -6.32900047]
6,0.9717241525650024,[18.26000023  3.08100128 25.67099953]
