,scores,centers
0,0.9991629123687744,[33.97100067 27.10300064 32.8579998 ]
1,0.9955423474311829,[27.97100067 15.10300064 50.8579998 ]
2,0.9991564750671387,[33.97100067 25.10300064 32.8579998 ]
