,scores,centers
0,0.9990566372871399,[ 4.99799919 69.99300003  9.83499908]
1,0.9974495768547058,[34.99799919 73.99300003  1.83499908]
2,0.8822506070137024,[22.99799919 51.99300003 -8.16500092]
