,scores,centers
0,0.9991855025291443,[14.90099907 14.06299973 -6.55400085]
