,scores,centers
0,0.9989659786224365,[10.15600014 33.57399988 20.60700035]
1,0.9770134091377258,[ 0.15600014 21.57399988 20.60700035]
2,0.6259278655052185,[ 4.15600014 13.57399988 14.60700035]
3,0.4204779863357544,[12.15600014 15.57399988 20.60700035]
