,scores,centers
0,0.9982209801673889,[35.46800041 19.64299965 16.26300049]
1,0.9979091286659241,[ 7.46800041 27.64299965 20.26300049]
