,scores,centers
0,0.9988617897033691,[-7.16899872 36.67499924  0.65499878]
1,0.9977118968963623,[-5.16899872 54.67499924 -9.34500122]
2,0.9953000545501709,[ 14.83100128  52.67499924 -11.34500122]
3,0.8872670531272888,[-23.16899872  60.67499924   4.65499878]
4,0.9347242712974548,[-1.16899872 46.67499924 16.65499878]
