,scores,centers
0,0.9995267391204834,[25.86700058 19.39599991 19.49499893]
1,0.9481549859046936,[ 3.86700058 19.39599991 17.49499893]
2,0.96101975440979,[19.86700058 17.39599991  3.49499893]
3,0.5713909268379211,[13.86700058  9.39599991 27.49499893]
4,0.9873855113983154,[17.86700058 33.39599991 15.49499893]
