,scores,centers
0,0.9993045330047607,[  6.50400162  57.82299995 102.66600037]
1,0.9986922144889832,[42.50400162 57.82299995 66.66600037]
