,scores,centers
0,0.9986428618431091,[14.05599976 37.74600029  6.5010004 ]
1,0.9988642930984497,[30.05599976  3.74600029 50.5010004 ]
