,scores,centers
0,0.9991449117660522,[17.6779995  69.29400015 22.43099976]
1,0.9983481168746948,[31.6779995  33.29400015  6.43099976]
