,scores,centers
0,0.9986373782157898,[-65.56600189  90.65000153  95.38200378]
1,0.9823256134986877,[-49.56600189  82.65000153  79.38200378]
2,0.907101571559906,[-75.56600189  76.65000153  97.38200378]
