,scores,centers
0,0.9990832805633545,[ 4.53699875 43.1789999  31.69999981]
1,0.994260311126709,[-3.46300125 65.1789999  25.69999981]
2,0.9415396451950073,[14.53699875 39.1789999  49.69999981]
