,scores,centers
0,0.9997746348381042,[ 40.49200058 -30.64099884   2.68300056]
1,0.8384154438972473,[ 46.49200058 -10.64099884  -5.31699944]
