,scores,centers
0,0.9975792765617371,[15.26099968 59.04399872 11.86000061]
1,0.8317464590072632,[11.26099968 61.04399872 -2.13999939]
