,scores,centers
0,0.9990525841712952,[-0.52000046  7.0530014  -5.4659996 ]
1,0.9976598024368286,[ -8.52000046 -14.9469986   22.5340004 ]
