,scores,centers
0,0.9996668100357056,[30.01599979 19.48199987 46.57600021]
1,0.9973868727684021,[26.01599979 37.48199987 44.57600021]
2,0.9629022479057312,[14.01599979 25.48199987 54.57600021]
