,scores,centers
0,0.9987469911575317,[-6.78300476 42.76000023 -6.47800064]
