,scores,centers
0,0.999061644077301,[51.25099945 28.15999985 16.01399994]
1,0.9991660118103027,[81.25099945 12.15999985 12.01399994]
