,scores,centers
0,0.9996091723442078,[-0.83499908  4.73500061 -6.33100128]
1,0.9960605502128601,[  5.16500092   0.73500061 -22.33100128]
2,0.9640638828277588,[ 17.16500092   0.73500061 -16.33100128]
