,scores,centers
0,0.9993374943733215,[22.63399887 11.2859993  22.22500038]
1,0.9389244318008423,[14.63399887 -4.7140007  38.22500038]
2,0.911738395690918,[38.63399887 -2.7140007  30.22500038]
3,0.7150094509124756,[ 6.63399887 15.2859993  18.22500038]
