,scores,centers
0,0.99983811378479,[ 28.62800026 -12.04199982  16.58200073]
