,scores,centers
0,0.9987187385559082,[11.41600037 -4.00899887 17.04199982]
1,0.9986805319786072,[  5.41600037 -20.00899887   7.04199982]
