,scores,centers
0,0.9994297623634338,[-5.22900009 56.15600014 14.61899948]
1,0.9991539716720581,[ 8.77099991  6.15600014 48.61899948]
2,0.9987320303916931,[ 2.77099991 30.15600014 30.61899948]
