,scores,centers
0,0.9994238615036011,[ 17.27999878 -11.79199982  21.26200008]
1,0.9941774606704712,[17.27999878  4.20800018 33.26200008]
2,0.9740152359008789,[ 9.27999878 -3.79199982  1.26200008]
