,scores,centers
0,0.998367965221405,[11.74900055 13.76200104 -4.32799911]
1,0.9881775975227356,[35.74900055 17.76200104 -0.32799911]
2,0.9734675288200378,[ -2.25099945  -6.23799896 -10.32799911]
3,0.9830089211463928,[ 5.74900055 13.76200104 15.67200089]
