,scores,centers
0,0.9992541670799255,[ 9.25300026 49.72700119  6.40399933]
1,0.9448692798614502,[-0.74699974 55.72700119 10.40399933]
2,0.9020432233810425,[ 11.25300026  49.72700119 -11.59600067]
3,0.8485466241836548,[25.25300026 59.72700119  2.40399933]
4,0.9694765210151672,[ 3.25300026 53.72700119 18.40399933]
