,scores,centers
0,0.9995149374008179,[ 9.37599945 17.44199944 43.28000069]
1,0.9903594255447388,[ 1.37599945 33.44199944 61.28000069]
