,scores,centers
0,0.9978588223457336,[61.07699966 38.53499985 19.53199959]
1,0.9948930740356445,[51.07699966 48.53499985  5.53199959]
2,0.9592620134353638,[49.07699966 62.53499985 15.53199959]
3,0.9542587399482727,[71.07699966 54.53499985 17.53199959]
