,scores,centers
0,0.99918133020401,[34.66300011  3.00499916 29.51300049]
1,0.9529509544372559,[48.66300011  1.00499916  7.51300049]
