,scores,centers
0,0.9988158941268921,[57.40200043 51.54899979 46.73900032]
1,0.9925950169563293,[39.40200043 27.54899979 46.73900032]
2,0.8798463344573975,[53.40200043 39.54899979 56.73900032]
3,0.9896357655525208,[57.40200043 39.54899979 38.73900032]
