,scores,centers
0,0.9994332194328308,[28.87199974 52.81699991 32.43700027]
1,0.9992660880088806,[24.87199974 30.81699991 40.43700027]
