,scores,centers
0,0.9989820122718811,[24.77000046 34.15299988 41.0170002 ]
1,0.9990359544754028,[12.77000046 38.15299988 17.0170002 ]
