,scores,centers
0,0.9990691542625427,[30.49200058  2.61100006 51.01799965]
