,scores,centers
0,0.9984434247016907,[15.57900047 67.59399986 19.63199997]
1,0.9993337988853455,[17.57900047 37.59399986 11.63199997]
2,0.9979481101036072,[-0.42099953 83.59399986 25.63199997]
