,scores,centers
0,0.9994109869003296,[-8.49399948 25.78100014 28.46700001]
1,0.9991590976715088,[-28.49399948   9.78100014  40.46700001]
2,0.9785641431808472,[-20.49399948  -0.21899986  10.46700001]
