,scores,centers
0,0.9974390268325806,[ 32.875        5.62200165 -12.19300079]
1,0.997882068157196,[ 44.875      -24.37799835 -22.19300079]
2,0.9981256127357483,[ 44.875       23.62200165 -24.19300079]
