,scores,centers
0,0.9982314705848694,[23.67700005 36.73500061 25.06400013]
1,0.9983910322189331,[23.67700005 32.73500061 27.06400013]
