,scores,centers
0,0.9994334578514099,[ 67.11800003 110.35299683  35.70899963]
1,0.9987125396728516,[ 75.11800003 142.35299683  25.70899963]
