,scores,centers
0,0.9935880899429321,[ 23.38899994  18.24700022 -15.29499817]
1,0.9938393235206604,[ 27.38899994  30.24700022 -29.29499817]
2,0.9920754432678223,[ 27.38899994  38.24700022 -15.29499817]
3,0.9756318926811218,[ 47.38899994  26.24700022 -17.29499817]
