,scores,centers
0,0.9995410442352295,[-47.43499756  70.25799942  -6.76600075]
1,0.9571502208709717,[-41.43499756  64.25799942  -6.76600075]
