,scores,centers
0,0.9994481205940247,[ 17.34899902 -11.50900269  21.31799984]
1,0.9746196866035461,[17.34899902  4.49099731 33.31799984]
2,0.9763235449790955,[29.34899902  2.49099731 23.31799984]
3,0.8416207432746887,[ 1.34899902 -3.50900269 25.31799984]
4,0.949768602848053,[ 9.34899902 -7.50900269  5.31799984]
