,scores,centers
0,0.9996999502182007,[46.37599945 83.38000107 53.23700047]
1,0.999439537525177,[20.37599945 95.38000107 45.23700047]
