,scores,centers
0,0.99957674741745,[ 7.52999878 30.98199987 47.15600014]
1,0.9986604452133179,[11.52999878 60.98199987 33.15600014]
