,scores,centers
0,0.9992239475250244,[64.11899948 22.52300072 12.30500031]
