,scores,centers
0,0.9967580437660217,[-7.82500076 -5.48600006 16.64099979]
1,0.9815700054168701,[ 16.17499924 -15.48600006  20.64099979]
2,0.9650721549987793,[-19.82500076  -3.48600006   8.64099979]
