,scores,centers
0,0.9984063506126404,[ 6.11299896 32.06200027 17.99900055]
1,0.730309784412384,[-17.88700104  54.06200027  15.99900055]
2,0.9183751940727234,[-1.88700104 30.06200027  1.99900055]
