,scores,centers
0,0.9990932941436768,[39.69299984 50.60999966 13.31399918]
1,0.9984676241874695,[81.69299984 34.60999966 23.31399918]
2,0.9972219467163086,[53.69299984 58.60999966 39.31399918]
