,scores,centers
0,0.9905713796615601,[ 5.16399956 42.58099937 57.10199928]
1,0.6115133166313171,[17.16399956 38.58099937 41.10199928]
2,0.6072603464126587,[11.16399956 58.58099937 49.10199928]
3,0.8811439871788025,[-0.83600044 36.58099937 51.10199928]
