,scores,centers
0,0.9990894794464111,[  4.50500107  69.         -24.39900208]
1,0.9992115497589111,[-13.49499893  39.         -46.39900208]
