,scores,centers
0,0.999371349811554,[56.58799982  8.96100044 74.87099838]
1,0.9991944432258606,[22.58799982  4.96100044 66.87099838]
