,scores,centers
0,0.9991974234580994,[22.5890007  11.20100021 20.27400017]
1,0.9110888242721558,[38.5890007  -2.79899979 30.27400017]
2,0.9011605381965637,[16.5890007  -2.79899979 38.27400017]
3,0.904233455657959,[14.5890007  15.20100021 38.27400017]
4,0.7779313921928406,[ 2.5890007   1.20100021 30.27400017]
