,scores,centers
0,0.9946380257606506,[73.02400017 11.81200027 16.07800007]
1,0.99189293384552,[67.02400017 23.81200027 50.07800007]
2,0.998345136642456,[39.02400017 17.81200027 22.07800007]
