,scores,centers
0,0.9994981288909912,[32.55200005 63.66199875 61.52899933]
1,0.9990419745445251,[30.55200005 81.66199875 37.52899933]
