,scores,centers
0,0.9983875751495361,[45.48099995 14.60000038  3.5340004 ]
1,0.9946225881576538,[55.48099995  8.60000038 23.5340004 ]
2,0.9938040971755981,[23.48099995 12.60000038 21.5340004 ]
