,scores,centers
0,0.9984856247901917,[42.28700066 39.24399948  8.1420002 ]
