,scores,centers
0,0.9994387030601501,[-5.50003052e-02  4.74799919e+00  6.26850004e+01]
1,0.9994801878929138,[ 9.94499969 10.74799919 32.68500042]
