,scores,centers
0,0.9992009997367859,[ 72.23400116 103.95999908  20.35599995]
1,0.9964939951896667,[ 74.23400116 111.95999908  42.35599995]
