,scores,centers
0,0.9992733597755432,[26.83300018 18.97200012 31.05500031]
1,0.9977908134460449,[40.83300018 24.97200012 23.05500031]
2,0.5161516070365906,[28.83300018 32.97200012  7.05500031]
3,0.5884934663772583,[24.83300018 22.97200012 13.05500031]
4,0.42807242274284363,[16.83300018 42.97200012 23.05500031]
