,scores,centers
0,0.9995126724243164,[36.86100006 32.1789999  58.61800003]
1,0.9993669390678406,[32.86100006 24.1789999  86.61800003]
2,0.994358241558075,[36.86100006 14.1789999  72.61800003]
