,scores,centers
0,0.9990033507347107,[46.13999939  5.88199997 19.59499931]
1,0.9990467429161072,[60.13999939 15.88199997 45.59499931]
