,scores,centers
0,0.9937830567359924,[ 3.52400017 37.47699928  6.82400131]
1,0.9968716502189636,[17.52400017 45.47699928  6.82400131]
