,scores,centers
0,0.9986844658851624,[61.14599991 52.69199944 63.3409996 ]
1,0.9974059462547302,[73.14599991 64.69199944 79.3409996 ]
2,0.9979103207588196,[49.14599991 84.69199944 81.3409996 ]
