,scores,centers
0,0.9996718168258667,[22.90200043 14.44000244 32.7329998 ]
1,0.9995219707489014,[ 8.90200043 14.44000244 48.7329998 ]
