,scores,centers
0,0.9994961023330688,[ 15.68700027 -11.5         20.88199997]
1,0.9948515295982361,[19.68700027  4.5        32.88199997]
2,0.976901113986969,[27.68700027  2.5        16.88199997]
3,0.9345889687538147,[11.68700027 14.5        16.88199997]
