,scores,centers
0,0.9993728995323181,[18.3380003  44.33300018 62.77199936]
