,scores,centers
0,0.9992628693580627,[22.56800079 11.43700027 22.61499977]
1,0.9777796268463135,[36.56800079 -2.56299973 30.61499977]
2,0.7956599593162537,[28.56800079  3.43700027  8.61499977]
3,0.936403214931488,[ 2.56800079  5.43700027 28.61499977]
4,0.7234634757041931,[16.56800079 -4.56299973 36.61499977]
5,0.8932890892028809,[20.56800079 15.43700027 32.61499977]
