,scores,centers
0,0.999137282371521,[13.00399971 18.38699913  4.77199936]
1,0.9985548853874207,[ 9.00399971  4.38699913 26.77199936]
2,0.9963489770889282,[33.00399971 14.38699913 20.77199936]
