,scores,centers
0,0.9974677562713623,[25.72399998 -1.29400063 49.7510004 ]
1,0.9969314336776733,[27.72399998 -1.29400063 49.7510004 ]
2,0.45676112174987793,[23.72399998 -9.29400063 33.7510004 ]
