,scores,centers
0,0.9970447421073914,[47.00399971 34.55600023 17.7140007 ]
1,0.8916114568710327,[49.00399971 20.55600023  1.7140007 ]
2,0.8092652559280396,[39.00399971 26.55600023 31.7140007 ]
3,0.9830101728439331,[39.00399971 22.55600023 15.7140007 ]
4,0.6091886162757874,[39.00399971 36.55600023 21.7140007 ]
