,scores,centers
0,0.9985679388046265,[36.3579998  40.32900047 -1.83300018]
1,0.9895362854003906,[22.3579998  56.32900047  6.16699982]
2,0.9772828221321106,[38.3579998  44.32900047 10.16699982]
3,0.6153154373168945,[38.3579998  60.32900047 -1.83300018]
4,0.5514070987701416,[46.3579998  48.32900047  8.16699982]
