,scores,centers
0,0.9992590546607971,[42.20499992 33.36400032 33.671     ]
1,0.992706835269928,[64.20499992 21.36400032 51.671     ]
