,scores,centers
0,0.9997273087501526,[46.66799927 -6.98799896 32.47999954]
1,0.9995296001434326,[60.66799927 21.01200104  8.47999954]
2,0.9989771842956543,[60.66799927 13.01200104 28.47999954]
