,scores,centers
0,0.9990129470825195,[10.9280014  22.8920002   6.08000183]
1,0.9993263483047485,[-11.0719986   24.8920002   -5.91999817]
