,scores,centers
0,0.9985748529434204,[14.88800049 21.97599983  5.12700081]
1,0.6157410740852356,[18.88800049 37.97599983 21.12700081]
2,0.8255987167358398,[22.88800049 17.97599983 -4.87299919]
3,0.7470497488975525,[26.88800049 31.97599983  5.12700081]
