,scores,centers
0,0.9996368885040283,[41.41600037 12.97200012 82.3769989 ]
1,0.9864221811294556,[29.41600037  6.97200012 94.3769989 ]
