,scores,centers
0,0.9974160194396973,[10.28600025  5.84300041 24.10599995]
1,0.9919867515563965,[22.28600025 17.84300041 34.10599995]
2,0.9812881946563721,[ 8.28600025 23.84300041 26.10599995]
