,scores,centers
0,0.9898046255111694,[26.96699905 28.6609993  37.46700001]
1,0.9948115348815918,[36.96699905 36.6609993  33.46700001]
2,0.9911209940910339,[ 4.96699905 42.6609993  35.46700001]
3,0.8602334856987,[22.96699905 56.6609993  23.46700001]
