,scores,centers
0,0.9993135929107666,[22.22800064 88.5870018  76.78499985]
1,0.9868440628051758,[18.22800064 76.5870018  60.78499985]
