,scores,centers
0,0.9988276362419128,[44.20300007 76.74099922 26.50600052]
1,0.9905561804771423,[30.20300007 38.74099922 22.50600052]
