,scores,centers
0,0.9986019730567932,[-8.94599915 22.76099968 28.92300034]
1,0.9987630844116211,[-20.94599915  30.76099968  12.92300034]
2,0.983449399471283,[-2.94599915 10.76099968 38.92300034]
