,scores,centers
0,0.9981573224067688,[ 8.67700005  9.36000061 37.26599979]
1,0.9898479580879211,[-9.32299995 -0.63999939 29.26599979]
2,0.9923818707466125,[20.67700005  1.36000061 27.26599979]
3,0.9662002921104431,[-1.32299995 -8.63999939 43.26599979]
4,0.8540118932723999,[ 4.67700005 -8.63999939 27.26599979]
