,scores,centers
0,0.9992891550064087,[-3.01000214  7.62899971  7.15499878]
1,0.9990636706352234,[-11.01000214  23.62899971  19.15499878]
2,0.9989579916000366,[-13.01000214  19.62899971  -6.84500122]
3,0.999370276927948,[-1.01000214 33.62899971  3.15499878]
