,scores,centers
0,0.9999104738235474,[ 3.69499969 64.85699844 66.9489994 ]
1,0.9930978417396545,[-10.30500031  64.85699844  38.9489994 ]
2,0.996615469455719,[23.69499969 54.85699844 52.9489994 ]
