,scores,centers
0,0.9992037415504456,[31.14500046 52.67399979 40.40199995]
1,0.9909669756889343,[23.14500046 50.67399979 38.40199995]
2,0.9641426801681519,[53.14500046 42.67399979 42.40199995]
3,0.8593975901603699,[55.14500046 54.67399979 20.40199995]
