,scores,centers
0,0.9987998008728027,[ -0.45999908 -12.74500275  27.91899872]
1,0.9992164373397827,[-16.45999908  -2.74500275  17.91899872]
2,0.9983811378479004,[19.54000092 -2.74500275 35.91899872]
