,scores,centers
0,0.9996019005775452,[4.68199921 7.2840004  4.41400146]
1,0.9994776844978333,[  6.68199921  31.2840004  -45.58599854]
