,scores,centers
0,0.9994268417358398,[43.9460001  36.10499954 24.04300022]
1,0.9993823766708374,[15.9460001  18.10499954 32.04300022]
2,0.9961519837379456,[39.9460001  18.10499954 22.04300022]
3,0.9902365803718567,[21.9460001  28.10499954 16.04300022]
