,scores,centers
0,0.9987156391143799,[-4.50099945  4.24500084 12.94300079]
1,0.9989487528800964,[ 5.49900055 -5.75499916  6.94300079]
2,0.9718981981277466,[-16.50099945  -9.75499916  30.94300079]
3,0.9763892292976379,[-12.50099945   6.24500084  28.94300079]
