,scores,centers
0,0.998121440410614,[23.9980011   7.54199982 35.77400017]
1,0.999144434928894,[-12.0019989   -8.45800018  69.77400017]
2,0.9977070093154907,[ -2.0019989  -26.45800018  57.77400017]
