,scores,centers
0,0.999184787273407,[12.3560009  31.125      20.83799982]
1,0.8368473649024963,[ 2.3560009  17.125      24.83799982]
2,0.8629536628723145,[ 0.3560009  35.125      14.83799982]
