,scores,centers
0,0.9990262985229492,[27.30699921 50.95600128 30.08399963]
1,0.9987965822219849,[-2.69300079 42.95600128 42.08399963]
