,scores,centers
0,0.9996216297149658,[ 17.20899963  15.27700043 104.59500122]
1,0.9989627599716187,[ 5.20899963 13.27700043 74.59500122]
