,scores,centers
0,0.9988213181495667,[-4.04199982  4.19300079 13.26499939]
1,0.9987658262252808,[ 5.95800018 -3.80699921  7.26499939]
2,0.9571048617362976,[-16.04199982  -7.80699921  33.26499939]
