,scores,centers
0,0.9991993308067322,[51.02799988 58.84600067 41.82299995]
1,0.9928035140037537,[35.02799988 66.84600067 43.82299995]
