,scores,centers
0,0.998406708240509,[ 33.13099957 109.18900299  37.63399982]
