,scores,centers
0,0.9981861710548401,[10.04599953 44.45199966 21.05200005]
1,0.9794252514839172,[ 2.04599953 60.45199966 43.05200005]
2,0.9740934371948242,[10.04599953 42.45199966 43.05200005]
