,scores,centers
0,0.9994927644729614,[16.80999947 39.4460001  16.23699951]
1,0.9981380701065063,[36.80999947 27.4460001  -1.76300049]
2,0.9437259435653687,[ 8.80999947 17.4460001  18.23699951]
