,scores,centers
0,0.9992449283599854,[16.99200058 -4.04199982 10.72999954]
1,0.9973338842391968,[32.99200058 13.95800018  2.72999954]
2,0.9922771453857422,[28.99200058 23.95800018 20.72999954]
