,scores,centers
0,0.9981279969215393,[-6.89299774 35.73099995  7.5170002 ]
1,0.9654766917228699,[-22.89299774  33.73099995  19.5170002 ]
