,scores,centers
0,0.9989888072013855,[23.66899872 24.25099945 27.0170002 ]
