,scores,centers
0,0.9991191029548645,[35.31200027 51.08199978 52.67500019]
1,0.9995660185813904,[43.31200027 33.08199978 42.67500019]
2,0.9905391931533813,[17.31200027 29.08199978 40.67500019]
