,scores,centers
0,0.9983635544776917,[ 32.5720005  109.58899689  38.03900003]
