,scores,centers
0,0.9990373849868774,[24.01399994 38.98200035 84.36800003]
1,0.9656434059143066,[14.01399994 38.98200035 92.36800003]
2,0.9433810114860535,[12.01399994 48.98200035 88.36800003]
3,0.9728622436523438,[26.01399994 52.98200035 76.36800003]
