,scores,centers
0,0.9993354678153992,[19.09300041 34.18300009 15.93600082]
1,0.9909393787384033,[27.09300041 14.18300009 11.93600082]
2,0.9875562787055969,[-4.90699959 24.18300009 11.93600082]
3,0.9770320653915405,[25.09300041 22.18300009 25.93600082]
