,scores,centers
0,0.9992675185203552,[ 5.43700027 26.09700012  5.91300011]
1,0.9993829727172852,[ 3.43700027 66.09700012 21.91300011]
