,scores,centers
0,0.9992617964744568,[87.28500366 13.8030014   4.02899933]
1,0.989544689655304,[ 8.52850037e+01 -1.21969986e+01  2.89993286e-02]
2,0.9881012439727783,[101.28500366  15.8030014   -9.97100067]
