,scores,centers
0,0.9996944665908813,[51.39900017  9.6230011  21.11199951]
