,scores,centers
0,0.9991145730018616,[ 22.12599945  51.47399998 114.13299942]
1,0.9994804263114929,[16.12599945 53.47399998 70.13299942]
