,scores,centers
0,0.9989562034606934,[37.47700024 27.00399971 22.05800009]
1,0.4896772503852844,[55.47700024 35.00399971 32.05800009]
2,0.8460227251052856,[41.47700024 23.00399971 14.05800009]
