,scores,centers
0,0.9968388080596924,[60.81399918 40.21199989 37.38199997]
1,0.9162678122520447,[78.81399918 38.21199989 41.38199997]
2,0.6870715022087097,[72.81399918 28.21199989 25.38199997]
3,0.864810585975647,[70.81399918 52.21199989 35.38199997]
4,0.6622619032859802,[64.81399918 24.21199989 23.38199997]
5,0.5988579988479614,[78.81399918 44.21199989 31.38199997]
