,scores,centers
0,0.9992524981498718,[-5.57500076 40.97200012 30.93500042]
1,0.9900184869766235,[12.42499924 36.97200012 36.93500042]
