,scores,centers
0,0.9993987083435059,[63.74099922 17.40399933  1.58699799]
1,0.9978240728378296,[57.74099922  5.40399933 11.58699799]
