,scores,centers
0,0.9993941783905029,[13.27000046 76.29899979 27.04500008]
1,0.9035066962242126,[-6.72999954 76.29899979 15.04500008]
2,0.9765750765800476,[-4.72999954 64.29899979 13.04500008]
