,scores,centers
0,0.9962879419326782,[  5.7310009  -14.18099976  15.59300041]
1,0.7258588075637817,[11.7310009  -6.18099976 25.59300041]
2,0.606772243976593,[ 13.7310009  -18.18099976  31.59300041]
