,scores,centers
0,0.9978001713752747,[27.29899979  5.05400085 28.66699982]
1,0.992091178894043,[21.29899979  9.05400085 28.66699982]
2,0.7952542901039124,[11.29899979 -8.94599915 18.66699982]
3,0.9150882959365845,[33.29899979 -6.94599915 42.66699982]
4,0.6796510815620422,[23.29899979  5.05400085 46.66699982]
