,scores,centers
0,0.9996654987335205,[-22.09199905  75.34999847  62.63999939]
1,0.999528169631958,[-6.09199905 83.34999847 86.63999939]
2,0.9991589784622192,[-12.09199905 113.34999847  58.63999939]
