,scores,centers
0,0.9981409311294556,[41.81499958 42.24500084 21.57900047]
1,0.9992256164550781,[13.81499958 46.24500084 15.57900047]
2,0.9991642236709595,[61.81499958 32.24500084 15.57900047]
