,scores,centers
0,0.9994243383407593,[-24.55599976  44.88500023  -5.34300232]
1,0.9905084371566772,[-24.55599976  64.88500023   4.65699768]
2,0.9553999304771423,[-6.55599976 38.88500023  8.65699768]
