,scores,centers
0,0.9964364767074585,[12.81200027 28.53000021 21.61499977]
1,0.9558846950531006,[22.81200027 38.53000021  3.61499977]
2,0.9039685726165771,[34.81200027 26.53000021  7.61499977]
3,0.8216387629508972,[20.81200027 16.53000021 21.61499977]
4,0.9614907503128052,[24.81200027 36.53000021 19.61499977]
5,0.7146715521812439,[26.81200027 32.53000021 19.61499977]
