,scores,centers
0,0.9990928173065186,[-3.96699905 13.54299927 -2.34300232]
1,0.9992254972457886,[-3.96699905 39.54299927  5.65699768]
2,0.9048717617988586,[  8.03300095  27.54299927 -14.34300232]
