,scores,centers
0,0.9980524778366089,[15.27099991 20.0529995   5.39900017]
1,0.8948122262954712,[ 17.27099991  16.0529995  -16.60099983]
2,0.5351853966712952,[17.27099991 38.0529995  19.39900017]
