,scores,centers
0,0.9977426528930664,[32.15999985 16.55299997 26.84599972]
1,0.7752980589866638,[28.15999985 30.55299997 16.84599972]
2,0.6049025058746338,[18.15999985 30.55299997 14.84599972]
3,0.9246559143066406,[22.15999985 14.55299997 26.84599972]
