,scores,centers
0,0.998906135559082,[-8.09899902 36.6079998   8.41600037]
1,0.999680757522583,[-2.09899902 14.6079998  28.41600037]
2,0.9985131621360779,[-0.09899902 56.6079998   4.41600037]
