,scores,centers
0,0.9984086155891418,[42.79100037 -2.48400116 88.62599945]
1,0.998262345790863,[38.79100037 41.51599884 48.62599945]
2,0.9989387392997742,[54.79100037 15.51599884 34.62599945]
