,scores,centers
0,0.9995346069335938,[59.52300072 22.60300064 56.28100014]
1,0.9988873600959778,[ 43.52300072 -11.39699936  66.28100014]
