,scores,centers
0,0.9994922876358032,[16.39400101 39.83499908 60.67399979]
1,0.9923362135887146,[-17.60599899  47.83499908  84.67399979]
2,0.981999933719635,[-35.60599899  53.83499908  76.67399979]
