,scores,centers
0,0.9996410608291626,[54.00200081 81.01800156 60.68500042]
1,0.9693865776062012,[64.00200081 71.01800156 38.68500042]
