,scores,centers
0,0.9995474219322205,[12.91699982  3.91699982 57.73400021]
1,0.9993858337402344,[14.91699982  3.91699982 23.73400021]
