,scores,centers
0,0.9998769760131836,[21.68499756 -1.89399719 21.06800079]
1,0.9998015761375427,[-2.31500244  2.10600281 41.06800079]
2,0.990713357925415,[ 17.68499756 -13.89399719  57.06800079]
3,0.9642941355705261,[  1.68499756 -19.89399719   7.06800079]
