,scores,centers
0,0.9995255470275879,[-47.27300262  70.22800064  -6.90200043]
1,0.9994730353355408,[-45.27300262  70.22800064  -6.90200043]
2,0.8950740694999695,[-39.27300262  68.22800064  -2.90200043]
