,scores,centers
0,0.9996341466903687,[18.49200058 56.37599945 39.46100044]
1,0.9988870024681091,[16.49200058 72.37599945 35.46100044]
