,scores,centers
0,0.9967054724693298,[39.25099945 44.09199905 26.94000053]
1,0.9939234852790833,[41.25099945 42.09199905 24.94000053]
