,scores,centers
0,0.9960552453994751,[27.59000015 39.02599907 30.85599995]
1,0.8997526168823242,[17.59000015 45.02599907 28.85599995]
2,0.4797338545322418,[27.59000015 37.02599907 18.85599995]
3,0.6073804497718811,[25.59000015 53.02599907 26.85599995]
