,scores,centers
0,0.9991660118103027,[15.8409996  31.22800016 14.41699982]
1,0.9606866240501404,[11.8409996  31.22800016 -1.58300018]
