,scores,centers
0,0.9993085861206055,[19.99099922 34.7670002  21.45600128]
