,scores,centers
0,0.9992467164993286,[-44.1969986   19.68999958  33.1079998 ]
1,0.9570220112800598,[-54.1969986    9.68999958  39.1079998 ]
2,0.9675689339637756,[-68.1969986   25.68999958  41.1079998 ]
