,scores,centers
0,0.9991708993911743,[30.74100018 14.97700119  7.70199966]
1,0.9865328073501587,[40.74100018  2.97700119 17.70199966]
