,scores,centers
0,0.9989010095596313,[ 8.7159996  34.53999996 23.73099899]
1,0.9961495399475098,[28.7159996  12.53999996  9.73099899]
2,0.9299651384353638,[ 8.7159996  20.53999996 21.73099899]
3,0.889854371547699,[34.7159996  28.53999996 29.73099899]
