,scores,centers
0,0.9989858269691467,[ 14.00200081 -19.98899841  33.21800232]
1,0.9988598823547363,[8.00200081 0.01100159 1.21800232]
