,scores,centers
0,0.9996538162231445,[55.30699921 21.125      20.35300016]
