,scores,centers
0,0.9992026686668396,[21.78300095 91.56600189 74.6969986 ]
1,0.9908759593963623,[17.78300095 77.56600189 60.6969986 ]
2,0.9800513982772827,[ 5.78300095 71.56600189 66.6969986 ]
3,0.7346898317337036,[23.78300095 95.56600189 62.6969986 ]
