,scores,centers
0,0.9983204007148743,[  5.80899811 -41.3370018   -1.48400116]
1,0.9993478655815125,[-34.19100189 -19.3370018  -13.48400116]
