,scores,centers
0,0.999629020690918,[40.62800026 15.14999962 82.62599945]
1,0.9931473135948181,[46.62800026  5.14999962 96.62599945]
2,0.9954068660736084,[48.62800026  5.14999962 96.62599945]
