,scores,centers
0,0.9993466734886169,[27.67199993 17.85499954 42.32800007]
1,0.9951401948928833,[33.67199993 29.85499954 30.32800007]
2,0.9586614370346069,[25.67199993 13.85499954 12.32800007]
