,scores,centers
0,0.999713122844696,[24.56299973 30.96299982 50.99900055]
1,0.9932975172996521,[20.56299973 58.96299982 30.99900055]
2,0.9912503957748413,[14.56299973 44.96299982 78.99900055]
3,0.9875642657279968,[24.56299973 24.96299982 78.99900055]
4,0.9897220730781555,[56.56299973 54.96299982 30.99900055]
