,scores,centers
0,0.9988935589790344,[1.19991302e-02 1.92959995e+01 1.02759991e+01]
1,0.9988915324211121,[12.01199913 19.29599953 24.27599907]
2,0.9988877177238464,[ 6.01199913  7.29599953 -5.72400093]
