,scores,centers
0,0.9986401200294495,[-8.75699997 -6.27199936 -1.59500122]
1,0.9916411638259888,[-24.75699997  -6.27199936  -3.59500122]
2,0.9909046292304993,[-18.75699997 -14.27199936 -11.59500122]
