,scores,centers
0,0.9987137317657471,[26.37699986 36.43400002 12.49200058]
1,0.9974201917648315,[36.37699986 50.43400002 12.49200058]
2,0.9416089653968811,[18.37699986 62.43400002 12.49200058]
