,scores,centers
0,0.9981263279914856,[27.94900036 62.00899887 40.97700024]
1,0.99189293384552,[41.94900036 50.00899887 24.97700024]
2,0.9715590476989746,[43.94900036 68.00899887 26.97700024]
3,0.5278880000114441,[33.94900036 58.00899887 50.97700024]
