,scores,centers
0,0.9996887445449829,[46.60400009 -0.99399948 13.26399994]
1,0.9997871518135071,[58.60400009 -2.99399948 43.26399994]
2,0.9646322727203369,[32.60400009 13.00600052 27.26399994]
3,0.8843192458152771,[42.60400009  1.00600052 43.26399994]
4,0.6558114290237427,[ 78.60400009 -18.99399948  27.26399994]
5,0.8325616121292114,[62.60400009 13.00600052  7.26399994]
