,scores,centers
0,0.9992794394493103,[28.64999962 28.08300018 24.75600052]
1,0.9993066787719727,[16.64999962 50.08300018 26.75600052]
2,0.9994619488716125,[42.64999962 26.08300018 24.75600052]
