,scores,centers
0,0.9973050355911255,[34.84899998 34.27799988 45.92900085]
1,0.9776461720466614,[24.84899998 44.27799988 41.92900085]
2,0.9226040840148926,[20.84899998 16.27799988 35.92900085]
3,0.8918113708496094,[20.84899998 20.27799988 47.92900085]
