,scores,centers
0,0.9990917444229126,[50.79799986 -0.5340004  22.13899994]
1,0.9982523322105408,[ 90.79799986 -12.5340004   36.13899994]
2,0.998120129108429,[26.79799986  5.4659996  18.13899994]
