,scores,centers
0,0.9994423985481262,[16.09000015  6.98500061 10.16900063]
1,0.9977279305458069,[18.09000015 -7.01499939 20.16900063]
2,0.9511803388595581,[ 32.09000015 -25.01499939  16.16900063]
3,0.9667683243751526,[20.09000015 -5.01499939 32.16900063]
4,0.9928157329559326,[ 8.09000015 14.98500061 10.16900063]
