,scores,centers
0,0.9988967180252075,[24.72399902 24.98199987 16.11400032]
1,0.9924224019050598,[ 6.72399902 12.98199987 26.11400032]
2,0.9497837424278259,[-3.27600098 34.98199987 22.11400032]
3,0.9734141826629639,[-1.27600098 24.98199987 36.11400032]
4,0.9398300051689148,[12.72399902 24.98199987 38.11400032]
