,scores,centers
0,0.9980851411819458,[46.44099998 28.56499863  0.22699738]
1,0.9838854074478149,[54.44099998 12.56499863 -1.77300262]
2,0.9585331082344055,[30.44099998 12.56499863 -5.77300262]
3,0.983031153678894,[40.44099998 -1.43500137 -1.77300262]
