,scores,centers
0,0.9992792010307312,[  2.4469986  -18.94999695  23.99900055]
1,0.9974199533462524,[  4.4469986  -36.94999695  53.99900055]
2,0.9979926347732544,[ 2.64469986e+01 -2.94999695e+00 -9.99450684e-04]
