,scores,centers
0,0.998267412185669,[14.56499863 -7.47699738 12.00399971]
1,0.9895231127738953,[-5.43500137 -3.47699738 12.00399971]
