,scores,centers
0,0.9987589120864868,[10.22299957 33.25400019 20.57600021]
1,0.998060405254364,[ 6.22299957 31.25400019 22.57600021]
