,scores,centers
0,0.9991829991340637,[36.02400017 58.41799927 77.24399996]
1,0.9991219639778137,[66.02400017 40.41799927 23.24399996]
