,scores,centers
0,0.9992601275444031,[20.33500004 94.71099854 51.00200081]
1,0.9989039897918701,[26.33500004 78.71099854 41.00200081]
