,scores,centers
0,0.9992662072181702,[22.33399963  7.48300171 18.97900009]
1,0.98965984582901,[ 24.33399963 -10.51699829  10.97900009]
