,scores,centers
0,0.9935664534568787,[62.54600143 44.20499992 35.3920002 ]
1,0.8603878021240234,[76.54600143 40.20499992 41.3920002 ]
2,0.6450355648994446,[74.54600143 28.20499992 27.3920002 ]
3,0.7006879448890686,[54.54600143 26.20499992 19.3920002 ]
4,0.6467639207839966,[78.54600143 40.20499992 27.3920002 ]
5,0.6473864316940308,[74.54600143 44.20499992 17.3920002 ]
