,scores,centers
0,0.9994286894798279,[45.99199963 12.99300003 41.86299992]
1,0.9993107318878174,[27.99199963 28.99300003 49.86299992]
