,scores,centers
0,0.9985806941986084,[ 23.92799997 112.92099762  24.19300079]
1,0.9972690939903259,[31.92799997 92.92099762 -9.80699921]
2,0.998353123664856,[29.92799997 94.92099762 48.19300079]
