,scores,centers
0,0.9991905093193054,[  1.73900032 -19.60099792 -13.05199814]
1,0.9980473518371582,[13.73900032 -9.60099792  4.94800186]
2,0.9118297100067139,[ 9.73900032 20.39900208 -9.05199814]
