,scores,centers
0,0.9993877410888672,[30.75899982 37.33699989 42.87400055]
