,scores,centers
0,0.999377965927124,[17.0719986  40.01499939 59.74100018]
1,0.9990261793136597,[33.0719986  22.01499939 35.74100018]
