,scores,centers
0,0.9995878338813782,[46.32800007 84.2480011  55.2869997 ]
1,0.9995589852333069,[48.32800007 84.2480011  55.2869997 ]
