,scores,centers
0,0.9990522265434265,[22.38199997 94.60399628 50.62700081]
1,0.9978339076042175,[26.38199997 78.60399628 40.62700081]
2,0.9873932600021362,[28.38199997 96.60399628 66.62700081]
