,scores,centers
0,0.9993395209312439,[ 16.27499962 -11.65699768  21.3029995 ]
1,0.9933606386184692,[16.27499962  4.34300232 33.3029995 ]
2,0.9851769208908081,[ 0.27499962 10.34300232 29.3029995 ]
3,0.9385225176811218,[ 4.27499962  0.34300232 11.3029995 ]
