,scores,centers
0,0.9991616010665894,[30.98600006 -1.56600189 -1.94799805]
1,0.9994426369667053,[18.98600006  6.43399811 28.05200195]
2,0.9868523478507996,[10.98600006  2.43399811  6.05200195]
