,scores,centers
0,0.9987608194351196,[25.85499954 46.10400009 44.3560009 ]
1,0.997799813747406,[21.85499954 30.10400009 68.3560009 ]
