,scores,centers
0,0.9997512698173523,[-4.07300186 68.76900005 10.38700104]
