,scores,centers
0,0.9996165037155151,[64.45999908 36.1260004  90.29499817]
1,0.9947823882102966,[54.45999908 32.1260004  94.29499817]
