,scores,centers
0,0.9994602799415588,[27.55599976 41.30900002 28.25600052]
