,scores,centers
0,0.9991388320922852,[10.86299896 22.88199997  6.00699997]
1,0.9992902278900146,[-11.13700104  22.88199997  -5.99300003]
