,scores,centers
0,0.9987886548042297,[-7.16899872 36.71700001  1.38600159]
1,0.9984437823295593,[ 12.83100128  24.71700001 -24.61399841]
2,0.9984433054924011,[ 32.83100128  34.71700001 -30.61399841]
