,scores,centers
0,0.9993778467178345,[-3.54000092 -6.6629982  13.68900013]
