,scores,centers
0,0.9991263747215271,[42.34700012 57.39299965  2.36000061]
1,0.9955494403839111,[62.34700012 41.39299965 14.36000061]
2,0.9856237173080444,[ 66.34700012  69.39299965 -13.63999939]
