,scores,centers
0,0.9995567202568054,[ 8.02799988  2.72100067 31.05799866]
1,0.9884681105613708,[18.02799988 -9.27899933  9.05799866]
2,0.9925623536109924,[-7.97200012 12.72100067 15.05799866]
3,0.9967772364616394,[12.02799988 -5.27899933 45.05799866]
