,scores,centers
0,0.9836782217025757,[14.80500031 25.43900013 35.63300037]
1,0.9839334487915039,[ 6.80500031 31.43900013 27.63300037]
