,scores,centers
0,0.9989618062973022,[ -8.55400085  41.65199995 135.48100281]
1,0.9995726943016052,[-8.55400085 39.65199995 99.48100281]
2,0.9848893880844116,[-12.55400085  23.65199995 117.48100281]
