,scores,centers
0,0.9991204142570496,[  0.93499756 -38.01100159  36.66699982]
1,0.9896830320358276,[ 14.93499756 -42.01100159  18.66699982]
