,scores,centers
0,0.9989134073257446,[23.6260004  36.13599968 24.18700027]
