,scores,centers
0,0.9978383183479309,[34.421      13.41599989 28.91100025]
1,0.978652834892273,[24.421      17.41599989 14.91100025]
2,0.7457664608955383,[26.421      31.41599989 20.91100025]
