,scores,centers
0,0.9991849064826965,[42.89900017  7.13700104 45.67499924]
1,0.9930040240287781,[ 58.89900017 -10.86299896  67.67499924]
2,0.9924261569976807,[14.89900017 13.13700104 15.67499924]
3,0.9975354671478271,[36.89900017 11.13700104 23.67499924]
