,scores,centers
0,0.9991926550865173,[20.45400047 94.46099854 50.72699928]
1,0.9985049962997437,[26.45400047 78.46099854 40.72699928]
2,0.9850031733512878,[ 8.45400047 88.46099854 62.72699928]
