,scores,centers
0,0.9982123374938965,[10.28499985  4.0170002  21.72900009]
1,0.9947551488876343,[32.28499985 20.0170002  21.72900009]
2,0.9329823851585388,[12.28499985 30.0170002  25.72900009]
