,scores,centers
0,0.9994638562202454,[-1.08600044 26.38700104 13.44000053]
1,0.9996057152748108,[10.91399956  6.38700104 23.44000053]
