,scores,centers
0,0.9981986880302429,[ 41.06699991 110.64399719  11.92300034]
1,0.9969039559364319,[ 33.06699991  94.64399719 -10.07699966]
2,0.9978177547454834,[29.06699991 94.64399719 47.92300034]
