,scores,centers
0,0.9995104074478149,[21.49700022 11.56699944 33.33300018]
1,0.9601876139640808,[29.49700022 21.56699944 33.33300018]
2,0.7822226285934448,[23.49700022 23.56699944 45.33300018]
3,0.48104605078697205,[37.49700022 21.56699944 45.33300018]
