,scores,centers
0,0.9990009665489197,[30.18500137  1.60400009 50.65699959]
