,scores,centers
0,0.9996436834335327,[10.71699905  6.43000031 21.8390007 ]
1,0.9991933703422546,[-1.28300095 26.43000031 13.8390007 ]
