,scores,centers
0,0.9990298748016357,[26.67900085 -4.0320015  12.18000031]
