,scores,centers
0,0.9983199238777161,[28.36600018  9.09000015 84.3789978 ]
1,0.859218418598175,[ 18.36600018  -2.90999985 102.3789978 ]
2,0.6925134658813477,[32.36600018  5.09000015 96.3789978 ]
