,scores,centers
0,0.9989701509475708,[49.67499924  0.94199944 35.85200024]
1,0.9356377124786377,[61.67499924 10.94199944 37.85200024]
2,0.537373423576355,[49.67499924 16.94199944 21.85200024]
