,scores,centers
0,0.9986857771873474,[ 21.45200014 102.71900177  18.55599976]
1,0.986839234828949,[ 37.45200014 100.71900177  14.55599976]
2,0.8549293875694275,[ 39.45200014 116.71900177   6.55599976]
3,0.6880784630775452,[ 33.45200014 104.71900177   0.55599976]
