,scores,centers
0,0.9976638555526733,[ 24.35700035  70.14499998 -13.43299866]
1,0.9984558820724487,[48.35700035 30.14499998 -7.43299866]
2,0.9916325211524963,[18.35700035 68.14499998 20.56700134]
3,0.9912914037704468,[36.35700035 28.14499998 22.56700134]
