,scores,centers
0,0.9978557229042053,[30.97500038  1.96199799 52.48999977]
1,0.9949749708175659,[ 4.97500038  7.96199799 46.48999977]
2,0.9921443462371826,[48.97500038 -2.03800201 30.48999977]
3,0.9955072402954102,[ 6.69750004e+01 -3.80020142e-02  3.24899998e+01]
