,scores,centers
0,0.9959263801574707,[-16.04000092  27.5170002   44.7670002 ]
1,0.9989408850669861,[-18.04000092  37.5170002   52.7670002 ]
2,0.9962897300720215,[-22.04000092  21.5170002   30.7670002 ]
3,0.9620745778083801,[-28.04000092  23.5170002   50.7670002 ]
