,scores,centers
0,0.9992862343788147,[-9.24900055 16.73600006 27.03100014]
1,0.9249708652496338,[-3.24900055 26.73600006 47.03100014]
