,scores,centers
0,0.999479353427887,[18.52000046  8.35600281 28.20600128]
1,0.9990655779838562,[32.52000046  0.35600281 -1.79399872]
2,0.9670923948287964,[10.52000046  2.35600281  4.20600128]
3,0.9506698250770569,[36.52000046 12.35600281  4.20600128]
