,scores,centers
0,0.9980962872505188,[27.65999985 18.07699966 60.80800056]
1,0.998076319694519,[17.65999985  6.07699966 70.80800056]
2,0.8842816352844238,[ 3.65999985 24.07699966 62.80800056]
3,0.7687979340553284,[11.65999985 10.07699966 44.80800056]
4,0.6261537671089172,[19.65999985 36.07699966 46.80800056]
5,0.5184186100959778,[ 5.65999985 28.07699966 42.80800056]
