,scores,centers
0,0.9988852143287659,[50.45999908 53.53100014 19.85599995]
1,0.9673242568969727,[66.45999908 43.53100014 35.85599995]
2,0.957002580165863,[62.45999908 51.53100014 21.85599995]
