,scores,centers
0,0.9987668991088867,[34.08799934  1.80999756  0.92399979]
1,0.994904637336731,[48.08799934 -6.19000244 12.92399979]
2,0.9803148508071899,[34.08799934  3.80999756 10.92399979]
3,0.930123507976532,[36.08799934  1.80999756 12.92399979]
