,scores,centers
0,0.9995760321617126,[31.20300007 47.49600029 18.98799992]
1,0.999259889125824,[31.20300007 17.49600029 16.98799992]
