,scores,centers
0,0.9984390139579773,[13.07400131 56.67399979 53.64900017]
1,0.9962822794914246,[29.07400131 44.67399979 63.64900017]
2,0.8629631996154785,[ 3.07400131 70.67399979 41.64900017]
3,0.8169190287590027,[ 5.07400131 82.67399979 51.64900017]
