,scores,centers
0,0.9987525939941406,[ 23.54100037  32.82499981 142.18800354]
1,0.9977155923843384,[  3.54100037  60.82499981 136.18800354]
2,0.9676408171653748,[-14.45899963  50.82499981 148.18800354]
3,0.7317250967025757,[ 17.54100037  20.82499981 166.18800354]
