,scores,centers
0,0.9985954165458679,[-4.45100021  3.95400047 13.91300011]
1,0.9973800778388977,[ 3.54899979 -4.04599953  5.91300011]
2,0.9435703158378601,[-4.45100021 -8.04599953 29.91300011]
3,0.6790256500244141,[-8.45100021  5.95400047 21.91300011]
4,0.9194567799568176,[-16.45100021  -8.04599953  31.91300011]
