,scores,centers
0,0.9993447661399841,[ 87.00299835 -28.35400009  47.3220005 ]
1,0.9990246295928955,[ 75.00299835 -32.35400009  43.3220005 ]
2,0.8800330758094788,[ 91.00299835 -32.35400009  33.3220005 ]
