,scores,centers
0,0.9987701773643494,[56.26200008 39.70200014  9.56299973]
1,0.9872242212295532,[34.26200008 31.70200014  9.56299973]
2,0.9744555950164795,[42.26200008 25.70200014  1.56299973]
3,0.8519361615180969,[52.26200008 33.70200014 25.56299973]
4,0.9145635962486267,[44.26200008 17.70200014 17.56299973]
5,0.8530771732330322,[56.26200008 29.70200014 -4.43700027]
6,0.7591033577919006,[24.26200008 29.70200014 19.56299973]
