,scores,centers
0,0.9984796643257141,[22.63399982 20.36199951 44.74600029]
1,0.9981703758239746,[30.63399982 26.36199951 38.74600029]
