,scores,centers
0,0.9995694756507874,[ 3.62800026 51.99499989 19.79399872]
1,0.9989629983901978,[ 3.62800026 35.99499989 11.79399872]
