,scores,centers
0,0.999630331993103,[ -3.05500031 -11.23400116   4.81800079]
1,0.9992306232452393,[-31.05500031  48.76599884 -27.18199921]
2,0.9912542700767517,[  8.94499969   8.76599884 -11.18199921]
3,0.9870272278785706,[-27.05500031  26.76599884 -13.18199921]
