,scores,centers
0,0.9989180564880371,[ 45.22999954 -14.85199738  31.2329998 ]
1,0.9992228746414185,[37.22999954 -2.85199738 11.2329998 ]
2,0.9856483936309814,[21.22999954 11.14800262 33.2329998 ]
