,scores,centers
0,0.9994226694107056,[30.42200089  3.63899994 39.72299957]
1,0.9976196885108948,[ 6.42200089 13.63899994 33.72299957]
2,0.999414324760437,[-3.57799911 -2.36100006 39.72299957]
