,scores,centers
0,0.9960198998451233,[-6.68899918 30.51300001 38.01799965]
1,0.9964324235916138,[ 7.31100082 40.51300001 36.01799965]
2,0.9863736629486084,[13.31100082 14.51300001 44.01799965]
