,scores,centers
0,0.99820876121521,[ 64.66699982 -23.13199997 -27.9280014 ]
1,0.9319594502449036,[ 52.66699982   0.86800003 -29.9280014 ]
