,scores,centers
0,0.9991607666015625,[-24.46699905  45.45999908  -5.1609993 ]
1,0.9887872338294983,[-24.46699905  65.45999908   4.8390007 ]
2,0.9569627046585083,[-6.46699905 55.45999908 10.8390007 ]
