,scores,centers
0,0.9991379976272583,[18.53600025 25.046      24.77600002]
1,0.9988514184951782,[18.53600025 25.046      22.77600002]
