,scores,centers
0,0.9901970624923706,[26.56500053 30.52900028 64.89900017]
1,0.9943681359291077,[26.56500053 28.52900028 74.89900017]
2,0.9011170864105225,[22.56500053 20.52900028 50.89900017]
3,0.7474830746650696,[18.56500053 18.52900028 62.89900017]
4,0.6382027268409729,[ 4.56500053 24.52900028 40.89900017]
