,scores,centers
0,0.9997350573539734,[ 20.67900085 -35.54800034  55.72299957]
1,0.9991636276245117,[-11.32099915 -13.54800034  53.72299957]
