,scores,centers
0,0.9995521903038025,[20.98799992 14.40100002 32.0510006 ]
1,0.98832768201828,[38.98799992 24.40100002 12.0510006 ]
