,scores,centers
0,0.9990174770355225,[25.19300079  6.96800041 23.81000137]
1,0.9951553344726562,[-2.80699921  4.96800041 27.81000137]
2,0.988664448261261,[11.19300079 -7.03199959 35.81000137]
