,scores,centers
0,0.9993488192558289,[-10.34400177 138.14600372  46.04599953]
1,0.9993288516998291,[-38.34400177 136.14600372  76.04599953]
