,scores,centers
0,0.9985249638557434,[ 4.96199799 17.48900032 30.26499987]
