,scores,centers
0,0.9996541738510132,[40.36999893 48.08300018 27.5359993 ]
1,0.9989773035049438,[12.36999893 24.08300018 17.5359993 ]
2,0.9947309494018555,[34.36999893 38.08300018  9.5359993 ]
