,scores,centers
0,0.9990090131759644,[ 38.11800003   4.88899994 124.60500336]
1,0.99858558177948,[ 22.11800003  24.88899994 118.60500336]
