,scores,centers
0,0.9992307424545288,[35.57600021 42.41399956 26.10700035]
1,0.9906439781188965,[49.57600021 24.41399956 16.10700035]
2,0.9416372179985046,[45.57600021 44.41399956  8.10700035]
3,0.9666591286659241,[21.57600021 26.41399956 32.10700035]
