,scores,centers
0,0.9983866214752197,[19.48799992  5.76000023 14.20400047]
1,0.9985970854759216,[33.48799992 11.76000023 -5.79599953]
2,0.9923366904258728,[17.48799992  7.76000023 -3.79599953]
