,scores,centers
0,0.9992420673370361,[28.88999939 95.80899811 51.88299942]
1,0.995219886302948,[ 8.88999939 99.80899811 53.88299942]
