,scores,centers
0,0.9990774393081665,[-9.03699875 16.05299997 28.90799999]
1,0.9203676581382751,[-3.03699875 26.05299997 46.90799999]
2,0.9096554517745972,[-23.03699875  24.05299997  24.90799999]
