,scores,centers
0,0.9974976181983948,[  8.79300022  21.55000019 161.99500275]
1,0.9969639182090759,[ 26.79300022  49.55000019 131.99500275]
2,0.9985424280166626,[ 36.79300022  45.55000019 105.99500275]
3,0.9926283359527588,[ 42.79300022  23.55000019 123.99500275]
