,scores,centers
0,0.9985895752906799,[33.70000076 20.06699991 43.35499954]
1,0.9908151626586914,[51.70000076 34.06699991 47.35499954]
2,0.9716790318489075,[53.70000076 30.06699991 31.35499954]
3,0.796235203742981,[57.70000076 18.06699991 39.35499954]
4,0.845469057559967,[33.70000076 32.06699991 47.35499954]
