,scores,centers
0,0.9987673759460449,[32.94999981 18.53899956 10.4829998 ]
1,0.9674125909805298,[26.94999981  2.53899956  2.4829998 ]
2,0.7667971849441528,[32.94999981  2.53899956  8.4829998 ]
3,0.7666851282119751,[40.94999981  6.53899956 16.4829998 ]
