,scores,centers
0,0.9990166425704956,[30.5619998  91.30899811 54.75799942]
1,0.9984599351882935,[ 48.5619998  127.30899811  72.75799942]
