,scores,centers
0,0.9982849955558777,[54.02099991 26.4469986  17.6780014 ]
1,0.9994516968727112,[68.02099991 34.4469986   1.6780014 ]
2,0.9991483688354492,[32.02099991 34.4469986  11.6780014 ]
3,0.9992745518684387,[52.02099991  2.4469986  11.6780014 ]
4,0.8283129930496216,[48.02099991 52.4469986  13.6780014 ]
