,scores,centers
0,0.9982442855834961,[19.38399982  3.93700027 12.0909996 ]
1,0.9983945488929749,[33.38399982 11.93700027 -5.9090004 ]
2,0.994759738445282,[17.38399982  5.93700027 -3.9090004 ]
