,scores,centers
0,0.9989573955535889,[-1.03100014  4.77400017  8.24100113]
1,0.9480581283569336,[-1.03100014 14.77400017 12.24100113]
