,scores,centers
0,0.998551070690155,[ 26.92700005 -22.375       47.67499924]
1,0.5822358727455139,[ 26.92700005 -24.375       69.67499924]
