,scores,centers
0,0.9883757829666138,[  4.79599762 -11.94900131  50.90599823]
1,0.9714608192443848,[ -5.20400238 -23.94900131  46.90599823]
2,0.9942585229873657,[  4.79599762 -11.94900131  64.90599823]
3,0.9809399247169495,[  4.79599762 -31.94900131  56.90599823]
