,scores,centers
0,0.9976463913917542,[ 8.28899956 -2.51799965 41.80200005]
1,0.9641340970993042,[ 2.28899956 -0.51799965 23.80200005]
