,scores,centers
0,0.9992665648460388,[18.51399994 10.11899948 38.69599915]
1,0.9992200136184692,[32.51399994 34.11899948 10.69599915]
