,scores,centers
0,0.9988657236099243,[-85.28600311 -65.40899658  22.29599953]
1,0.9967424273490906,[-85.28600311 -63.40899658   4.29599953]
2,0.9683893918991089,[-71.28600311 -73.40899658   6.29599953]
3,0.8834348320960999,[-57.28600311 -57.40899658  -1.70400047]
