,scores,centers
0,0.9981847405433655,[-6.97999954 34.56500006 26.59200001]
1,0.9882289171218872,[21.02000046 40.56500006 30.59200001]
