,scores,centers
0,0.999543309211731,[ 4.69099998 -6.7140007  13.10099983]
1,0.994114339351654,[2.69099998 9.2859993  7.10099983]
2,0.6784606575965881,[-9.30900002  5.2859993   9.10099983]
