,scores,centers
0,0.9984166622161865,[26.30000019 11.32299995 43.87999916]
1,0.9948312640190125,[20.30000019 27.32299995 49.87999916]
2,0.9827739000320435,[18.30000019 33.32299995 37.87999916]
