,scores,centers
0,0.9976838827133179,[-8.29999924 10.90399933  8.06299973]
1,0.9909591674804688,[-4.29999924 -1.09600067 36.06299973]
2,0.9894146919250488,[ 5.70000076 -9.09600067 20.06299973]
3,0.9780323505401611,[15.70000076  4.90399933 16.06299973]
