,scores,centers
0,0.9945544004440308,[-5.64099884 -0.29100037 28.37300014]
1,0.6628804802894592,[ 2.35900116 11.70899963 24.37300014]
2,0.7557790875434875,[ 6.35900116 11.70899963 28.37300014]
3,0.6455508470535278,[18.35900116  1.70899963 18.37300014]
