,scores,centers
0,0.9992164373397827,[33.43900013 12.07799911 -4.82799911]
1,0.9987290501594543,[19.43900013  4.07799911 13.17200089]
2,0.9912391304969788,[15.43900013  6.07799911 -4.82799911]
3,0.9904170036315918,[35.43900013  2.07799911  7.17200089]
4,0.9658756852149963,[37.43900013 14.07799911 15.17200089]
