,scores,centers
0,0.9981046915054321,[ 2.49699974 27.0170002   3.24600029]
1,0.9773784875869751,[-5.50300026 29.0170002  15.24600029]
2,0.9922029972076416,[14.49699974 31.0170002  13.24600029]
3,0.9307505488395691,[ 6.49699974 47.0170002   7.24600029]
