,scores,centers
0,0.9990733861923218,[-19.03900146  28.26399994  22.15699959]
1,0.998975396156311,[-5.03900146 12.26399994 10.15699959]
2,0.9924163818359375,[-39.03900146   0.26399994  16.15699959]
