,scores,centers
0,0.9918524622917175,[37.64999962 78.37799835 87.36700058]
1,0.744723916053772,[55.64999962 76.37799835 91.36700058]
2,0.9221444725990295,[33.64999962 80.37799835 69.36700058]
3,0.561298668384552,[51.64999962 70.37799835 71.36700058]
4,0.41465261578559875,[49.64999962 86.37799835 75.36700058]
