,scores,centers
0,0.9994956254959106,[30.21399975  4.30599976 47.77400017]
1,0.9827987551689148,[36.21399975  0.30599976 33.77400017]
2,0.8505845069885254,[12.21399975 -7.69400024 45.77400017]
3,0.9878531694412231,[24.21399975 -3.69400024 61.77400017]
