,scores,centers
0,0.9993093013763428,[17.65200043 17.72599983 23.27799988]
1,0.9889594316482544,[17.65200043 33.72599983 33.27799988]
2,0.9827092885971069,[ 3.65200043 29.72599983 11.27799988]
