,scores,centers
0,0.9993647933006287,[ 15.64299965 -12.60800171  21.36899948]
1,0.9927002787590027,[23.64299965  7.39199829 29.36899948]
2,0.9692390561103821,[ 9.64299965 -4.60800171  5.36899948]
3,0.9063543081283569,[11.64299965 15.39199829 15.36899948]
