,scores,centers
0,0.9993164539337158,[ 18.28899956  43.3029995  -22.1570015 ]
1,0.9993140697479248,[ 16.28899956  43.3029995  -22.1570015 ]
