,scores,centers
0,0.9994127750396729,[19.31999969 77.71500015 10.76099968]
