,scores,centers
0,0.9992475509643555,[72.18199921 45.3390007  19.26000023]
1,0.9979386925697327,[82.18199921 41.3390007  11.26000023]
