,scores,centers
0,0.9992150068283081,[54.625      24.69299984 37.96000004]
1,0.9647394418716431,[72.625      18.69299984 41.96000004]
2,0.9775909185409546,[58.625      40.69299984 23.96000004]
