,scores,centers
0,0.9989247918128967,[36.19099998 54.80500031 59.46899986]
1,0.9990677237510681,[26.19099998 72.80500031 79.46899986]
