,scores,centers
0,0.9986881613731384,[ 9.23800087 66.24300003 32.7670002 ]
1,0.9994319081306458,[19.23800087 56.24300003 38.7670002 ]
