,scores,centers
0,0.9989014863967896,[74.07799911 30.70199966 69.9280014 ]
