,scores,centers
0,0.9989935755729675,[33.04100037 38.64900017 68.10800171]
1,0.9990423321723938,[27.04100037 28.64900017 96.10800171]
2,0.9848737716674805,[25.04100037 12.64900017 74.10800171]
