,scores,centers
0,0.9991662502288818,[ 1.45999908 17.86299896 45.77200031]
1,0.9765464067459106,[19.45999908  1.86299896 41.77200031]
2,0.9211528301239014,[15.45999908 23.86299896 51.77200031]
