,scores,centers
0,0.9991104006767273,[28.45999908  2.48400116 50.65999985]
