,scores,centers
0,0.9994826316833496,[15.04199982 15.93400002 21.47100067]
1,0.9989795088768005,[-12.95800018  27.93400002  33.47100067]
