,scores,centers
0,0.9989017248153687,[ 15.44799805   7.06700134 -14.08399963]
1,0.9992173910140991,[ -2.55200195 -14.93299866  17.91600037]
