,scores,centers
0,0.9961073994636536,[-0.87999916 -0.08600044 11.0890007 ]
1,0.9123286008834839,[11.12000084  1.91399956 27.0890007 ]
2,0.9183201193809509,[ 5.12000084 17.91399956 27.0890007 ]
3,0.472309410572052,[17.12000084 11.91399956 17.0890007 ]
4,0.8320710062980652,[11.12000084 21.91399956 17.0890007 ]
5,0.40534648299217224,[15.12000084 11.91399956 25.0890007 ]
