,scores,centers
0,0.9965890645980835,[-26.43299866  81.08800125  29.98999977]
1,0.9960152506828308,[-32.43299866  63.08800125  21.98999977]
2,0.9626478552818298,[-24.43299866  57.08800125  29.98999977]
3,0.89422607421875,[-36.43299866  67.08800125  35.98999977]
4,0.4438546597957611,[-20.43299866  63.08800125  23.98999977]
