,scores,centers
0,0.998127281665802,[ -3.85400009  29.57900047 -12.53800201]
1,0.9942173957824707,[ -7.85400009   9.57900047 -20.53800201]
2,0.993716299533844,[10.14599991 17.57900047 -8.53800201]
