,scores,centers
0,0.9978042244911194,[13.11700058  4.33300018 18.41300011]
1,0.9795927405357361,[15.11700058 20.33300018 16.41300011]
2,0.7423787117004395,[13.11700058 22.33300018 28.41300011]
