,scores,centers
0,0.9993489384651184,[30.35699987 52.86599922 38.32200003]
1,0.9983780384063721,[26.35699987 50.86599922 40.32200003]
2,0.9734296798706055,[60.35699987 36.86599922 32.32200003]
3,0.8759740591049194,[54.35699987 52.86599922 20.32200003]
