,scores,centers
0,0.9975306391716003,[15.26799965 52.44799995 34.54800034]
1,0.9645414352416992,[ 9.26799965 34.44799995 50.54800034]
