,scores,centers
0,0.9977177381515503,[14.28499985 52.35199928 18.89999962]
1,0.9338662028312683,[14.28499985 28.35199928 14.89999962]
2,0.6646661758422852,[14.28499985 32.35199928 22.89999962]
3,0.47267261147499084,[ 4.28499985 38.35199928 28.89999962]
