,scores,centers
0,0.9991182684898376,[34.97099972 35.14599991 56.75899982]
1,0.999552309513092,[42.97099972 33.14599991 42.75899982]
2,0.9921959638595581,[18.97099972 29.14599991 40.75899982]
