,scores,centers
0,0.9993605017662048,[10.16200066  8.14999962 12.83099937]
1,0.9994839429855347,[ 0.16200066  8.14999962 38.83099937]
