,scores,centers
0,0.9985694885253906,[22.1960001  13.64099884 16.02999878]
1,0.9980265498161316,[14.1960001   9.64099884 30.02999878]
