,scores,centers
0,0.9948267340660095,[31.98000002 40.77000046 15.27200031]
1,0.9946986436843872,[23.98000002 66.77000046 15.27200031]
2,0.9754005074501038,[19.98000002 52.77000046 17.27200031]
3,0.8084048628807068,[33.98000002 68.77000046 15.27200031]
