,scores,centers
0,0.9916084408760071,[ 4.21699905 20.64100075  6.29599953]
1,0.9942904710769653,[24.21699905 -1.35899925 16.29599953]
2,0.9903525710105896,[28.21699905 16.64100075 20.29599953]
3,0.983119547367096,[14.21699905 -3.35899925 34.29599953]
