,scores,centers
0,0.9993720650672913,[20.55500031 95.05400085 50.01099968]
1,0.9982833862304688,[24.55500031 79.05400085 40.01099968]
2,0.9904481768608093,[26.55500031 97.05400085 68.01099968]
