,scores,centers
0,0.9959409236907959,[ 57.18500137  35.00099945 -16.80400085]
1,0.8499645590782166,[61.18500137 41.00099945 -2.80400085]
2,0.4380762279033661,[ 61.18500137  53.00099945 -10.80400085]
