,scores,centers
0,0.9967336654663086,[-10.06500244  12.84799957  12.3920002 ]
1,0.993949294090271,[ -8.06500244 -11.15200043  16.3920002 ]
2,0.9916864037513733,[ 5.93499756 -9.15200043 22.3920002 ]
