,scores,centers
0,0.9994850158691406,[32.74300003  6.04199982  8.01099968]
1,0.9869717955589294,[32.74300003  8.04199982  2.01099968]
