,scores,centers
0,0.9990610480308533,[-7.50500107 18.89000034 27.85599995]
1,0.9989458918571472,[-11.50500107  16.89000034  27.85599995]
2,0.6227169632911682,[-1.50500107 32.89000034 39.85599995]
