,scores,centers
0,0.9992221593856812,[17.93899918 11.87900162 30.93200016]
1,0.9983964562416077,[  1.93899918 -18.12099838  22.93200016]
2,0.8875147104263306,[ 39.93899918 -10.12099838  24.93200016]
