,scores,centers
0,0.9973822236061096,[ 1.07800007 28.38800049 36.06500053]
1,0.9948328733444214,[15.07800007 18.38800049 10.06500053]
2,0.9847341179847717,[23.07800007 24.38800049 28.06500053]
