,scores,centers
0,0.99965500831604,[  9.07400131 -43.52400208  27.10400009]
1,0.9982559084892273,[  7.07400131 -27.52400208  39.10400009]
