,scores,centers
0,0.9984787106513977,[ 8.77799988  9.16200066 37.0539999 ]
1,0.9827423095703125,[-7.22200012  1.16200066 29.0539999 ]
2,0.9819542169570923,[-1.22200012 -8.83799934 43.0539999 ]
