,scores,centers
0,0.9984800219535828,[8.68899918 8.47499847 1.79399872]
1,0.9994433522224426,[-5.31100082 -7.52500153 -8.20600128]
2,0.9842909574508667,[ 20.68899918 -11.52500153   5.79399872]
