,scores,centers
0,0.9983618855476379,[13.68600082 72.95299911 22.87799978]
1,0.9770141243934631,[ 7.68600082 92.95299911 24.87799978]
2,0.9466744065284729,[ 9.68600082 82.95299911 12.87799978]
3,0.6274895668029785,[13.68600082 78.95299911 38.87799978]
