,scores,centers
0,0.9990705847740173,[ 47.44499969  50.86199951 -22.68399811]
1,0.9803522825241089,[ 57.44499969  28.86199951 -20.68399811]
2,0.9225582480430603,[ 49.44499969  30.86199951 -36.68399811]
