,scores,centers
0,0.9990554451942444,[16.54199982 52.59799957 70.56500006]
1,0.9992350339889526,[58.54199982 56.59799957 30.56500006]
2,0.9974908828735352,[38.54199982 64.59799957 46.56500006]
