,scores,centers
0,0.9988788962364197,[25.85900021 98.88300323 61.52400017]
1,0.9984524250030518,[25.85900021 78.88300323 41.52400017]
2,0.9802687764167786,[ 7.85900021 88.88300323 61.52400017]
