,scores,centers
0,0.9987273812294006,[141.21299744  18.125       37.20699978]
1,0.9988817572593689,[143.21299744   4.125       33.20699978]
