,scores,centers
0,0.9994520545005798,[31.12899971  2.36199951 92.45199966]
1,0.9992496371269226,[19.12899971 10.36199951 30.45199966]
2,0.9981114864349365,[ 21.12899971  -9.63800049 122.45199966]
