,scores,centers
0,0.9995232820510864,[15.91100025 17.60000038 33.44000006]
1,0.9949004054069519,[37.91100025 21.60000038 39.44000006]
