,scores,centers
0,0.9983534812927246,[15.32600021 35.63099957  7.76499939]
1,0.98543381690979,[35.32600021 29.63099957  3.76499939]
2,0.9825853109359741,[35.32600021 39.63099957 -0.23500061]
