,scores,centers
0,0.999240517616272,[ 29.46199989 -42.36499786 -22.09999847]
1,0.9987138509750366,[  9.46199989 -38.36499786   1.90000153]
2,0.9928449988365173,[ 13.46199989 -40.36499786 -14.09999847]
