,scores,centers
0,0.981368362903595,[ 6.62400055 14.88700008 -5.25699997]
1,0.8751789927482605,[14.62400055 26.88700008  2.74300003]
2,0.5935025811195374,[  6.62400055  14.88700008 -11.25699997]
