,scores,centers
0,0.9986299276351929,[ 8.25799942 -6.67499924 37.50799942]
1,0.9988467693328857,[30.25799942  5.32500076 11.50799942]
2,0.9987088441848755,[ 4.25799942  3.32500076 15.50799942]
