,scores,centers
0,0.9989840388298035,[28.18799973 95.72699738 55.80200005]
1,0.9716286063194275,[ 12.18799973 105.72699738  55.80200005]
2,0.9783080220222473,[14.18799973 99.72699738 69.80200005]
