,scores,centers
0,0.9990496039390564,[-7.68399811 77.22499847 29.13800049]
1,0.9981695413589478,[-9.68399811 73.22499847 25.13800049]
