,scores,centers
0,0.9988166093826294,[46.20100021 35.68200016 34.52099991]
1,0.9599295258522034,[32.20100021 43.68200016 28.52099991]
