,scores,centers
0,0.9992959499359131,[14.91199875 31.06200027 32.72800064]
1,0.998985230922699,[36.91199875 47.06200027 28.72800064]
