,scores,centers
0,0.978615403175354,[-9.59499931 52.42200089  6.17000008]
1,0.6633848547935486,[ 0.40500069 46.42200089 -1.82999992]
2,0.47690391540527344,[ 0.40500069 44.42200089 12.17000008]
3,0.6346047520637512,[-11.59499931  50.42200089  -1.82999992]
