,scores,centers
0,0.9953312277793884,[ 3.41500092 -7.36000061 18.14099884]
1,0.9915400147438049,[-2.58499908 32.63999939 38.14099884]
2,0.9835346341133118,[ 7.41500092 16.63999939 50.14099884]
