,scores,centers
0,0.9980257749557495,[22.21000004 15.97200012 25.72100067]
1,0.9984539747238159,[ 4.21000004  5.97200012 13.72100067]
2,0.995849609375,[ 20.21000004  29.97200012 -14.27899933]
