,scores,centers
0,0.9985802173614502,[18.75799942 13.92499924 16.70800018]
1,0.9982894062995911,[ 0.75799942 15.92499924 14.70800018]
