,scores,centers
0,0.9985806941986084,[13.33200073 56.60300064 53.31599998]
1,0.9944875836372375,[27.33200073 42.60300064 63.31599998]
2,0.8429780602455139,[ 1.33200073 70.60300064 39.31599998]
3,0.5527777075767517,[ 5.33200073 82.60300064 51.31599998]
