,scores,centers
0,0.9984003901481628,[27.56099987 18.08300018 60.77099991]
1,0.9972418546676636,[19.56099987  8.08300018 70.77099991]
2,0.9066169857978821,[ 3.56099987 24.08300018 62.77099991]
3,0.9707072973251343,[13.56099987  8.08300018 44.77099991]
4,0.5569079518318176,[23.56099987 36.08300018 46.77099991]
5,0.5656392574310303,[ 9.56099987 18.08300018 34.77099991]
