,scores,centers
0,0.9988237023353577,[40.6960001  85.93999863 22.33099937]
1,0.9979787468910217,[36.6960001  69.93999863 24.33099937]
2,0.9826814532279968,[52.6960001  83.93999863 36.33099937]
