,scores,centers
0,0.999249279499054,[18.35599995 22.04899979 26.38700008]
1,0.9333547353744507,[18.35599995 18.04899979 32.38700008]
