,scores,centers
0,0.9988071918487549,[55.63399982 41.24499989  9.59199905]
1,0.9858525991439819,[43.63399982 25.24499989  3.59199905]
2,0.9843148589134216,[33.63399982 31.24499989  9.59199905]
3,0.9518758654594421,[21.63399982 31.24499989 19.59199905]
4,0.7232845425605774,[43.63399982 17.24499989 17.59199905]
5,0.5134419798851013,[41.63399982 29.24499989 25.59199905]
