,scores,centers
0,0.988203227519989,[14.36899948 -7.09300041  9.20100021]
1,0.9937968254089355,[24.36899948 -7.09300041  7.20100021]
2,0.8861074447631836,[24.36899948 -1.09300041 27.20100021]
