,scores,centers
0,0.9995539784431458,[-36.11599731 -29.15399933  44.01999998]
1,0.9969494938850403,[-62.11599731 -19.15399933  34.01999998]
