,scores,centers
0,0.9992920160293579,[21.60000038  4.60800171 32.26000023]
1,0.9979766011238098,[ 27.60000038 -33.39199829   4.26000023]
