,scores,centers
0,0.9995531439781189,[57.15200043  8.58399963 62.37599945]
1,0.9991484880447388,[49.15200043 16.58399963 96.37599945]
