,scores,centers
0,0.9992871880531311,[39.85499954 65.62599945 43.13999987]
1,0.9989249110221863,[43.85499954 71.62599945 27.13999987]
2,0.9992905855178833,[41.85499954 41.62599945 55.13999987]
