,scores,centers
0,0.9991434812545776,[-19.65499878 -37.38400269  32.65099907]
1,0.9993512034416199,[-7.65499878  4.61599731 26.65099907]
