,scores,centers
0,0.9994773268699646,[ 17.49399948 -11.33300018  21.19000053]
1,0.9914969801902771,[17.49399948  4.66699982 33.19000053]
2,0.9816526770591736,[21.49399948 12.66699982 19.19000053]
3,0.6570625901222229,[ 1.49399948 -1.33300018 33.19000053]
