,scores,centers
0,0.9982654452323914,[55.9829998  39.3579998   9.81200027]
1,0.9911138415336609,[43.9829998  23.3579998   1.81200027]
2,0.9469902515411377,[33.9829998  31.3579998   7.81200027]
3,0.9536588191986084,[21.9829998  31.3579998  19.81200027]
4,0.8492082357406616,[43.9829998  15.3579998  17.81200027]
5,0.7562190890312195,[47.9829998  39.3579998  21.81200027]
