,scores,centers
0,0.9982914328575134,[ 6.59899902 34.6880002   7.31900024]
1,0.998467743396759,[12.59899902 20.6880002   3.31900024]
2,0.9973887801170349,[ 4.59899902 14.6880002  19.31900024]
3,0.9636172652244568,[26.59899902 32.6880002  25.31900024]
