,scores,centers
0,0.9980188608169556,[37.91800022 43.0170002   0.68600082]
1,0.9719375967979431,[37.91800022 59.0170002   0.68600082]
2,0.9880118370056152,[21.91800022 55.0170002   4.68600082]
3,0.6114532947540283,[ 47.91800022  41.0170002  -15.31399918]
