,scores,centers
0,0.9995933175086975,[36.98799992 30.83400011 57.65299988]
1,0.9977424144744873,[34.98799992 60.83400011 69.65299988]
2,0.9841123223304749,[22.98799992 76.83400011 63.65299988]
