,scores,centers
0,0.9768940806388855,[ 3.59600067 16.46299982 -1.5       ]
1,0.9238840937614441,[ 3.59600067 10.46299982  4.5       ]
2,0.8229548931121826,[ 5.59600067  8.46299982 -3.5       ]
