,scores,centers
0,0.9952042102813721,[14.68700027 26.6079998  18.17000008]
1,0.9834817051887512,[14.68700027 36.6079998  10.17000008]
2,0.7571583390235901,[26.68700027 28.6079998   2.17000008]
3,0.6126345992088318,[20.68700027 36.6079998  -1.82999992]
4,0.42761853337287903,[32.68700027 32.6079998  20.17000008]
5,0.47235217690467834,[34.68700027 30.6079998   6.17000008]
