,scores,centers
0,0.9991055130958557,[-11.0320015    0.9640007    0.33800125]
