,scores,centers
0,0.9904200434684753,[-23.92300034 -19.85900116  13.1230011 ]
1,0.9854780435562134,[-29.92300034 -19.85900116  35.1230011 ]
2,0.9785625338554382,[-9.92300034  2.14099884  9.1230011 ]
