,scores,centers
0,0.9992967844009399,[ 15.43099976 -13.96299744  21.27799988]
1,0.9806143045425415,[17.43099976  2.03700256 33.27799988]
2,0.9905328750610352,[ 9.43099976 -7.96299744  5.27799988]
3,0.8905417919158936,[ 3.43099976  0.03700256 11.27799988]
