,scores,centers
0,0.9869332313537598,[ 8.8210001   1.86100006 35.44399977]
1,0.9928440451622009,[20.8210001   1.86100006 25.44399977]
2,0.675058901309967,[ 14.8210001  -20.13899994  21.44399977]
3,0.9309398531913757,[ 24.8210001  -10.13899994  33.44399977]
4,0.7687651515007019,[ 18.8210001  -16.13899994  37.44399977]
5,0.41063830256462097,[ 8.8210001  -4.13899994 17.44399977]
