,scores,centers
0,0.9986926913261414,[10.51599884 -7.8030014  10.00500107]
1,0.9989206790924072,[42.51599884  6.1969986  14.00500107]
2,0.9984226226806641,[-11.48400116  -5.8030014   34.00500107]
