,scores,centers
0,0.9989861845970154,[70.90299988 45.61599922 19.20600128]
1,0.9963070154190063,[82.90299988 41.61599922 11.20600128]
2,0.9754756689071655,[54.90299988 49.61599922 41.20600128]
