,scores,centers
0,0.9890455007553101,[50.80699921 22.10499954 41.65699959]
1,0.9901954531669617,[44.80699921 16.10499954 51.65699959]
2,0.8968971967697144,[42.80699921  4.10499954 47.65699959]
3,0.6428236365318298,[44.80699921 10.10499954 59.65699959]
4,0.5722419619560242,[34.80699921 22.10499954 31.65699959]
