,scores,centers
0,0.9990243911743164,[ 7.9659996  -3.39699936 41.31000042]
1,0.9196872115135193,[ 1.9659996  -1.39699936 23.31000042]
