,scores,centers
0,0.9980359673500061,[ 8.18000031 14.28999996 20.85999966]
1,0.9971064925193787,[ 4.18000031 20.28999996 24.85999966]
2,0.9835565090179443,[ 8.18000031 26.28999996 22.85999966]
3,0.990509033203125,[ 2.18000031 36.28999996 24.85999966]
