,scores,centers
0,0.9990538954734802,[-133.96800232    6.68099976   65.98699951]
1,0.9948877692222595,[-121.96800232  -13.31900024   65.98699951]
