,scores,centers
0,0.9989064931869507,[33.46299934  1.77600098 -1.07600021]
1,0.9994761347770691,[ 7.46299934 11.77600098 10.92399979]
