,scores,centers
0,0.9987015724182129,[36.94900036 89.65100098 25.81599998]
1,0.9985015392303467,[ 48.94900036 107.65100098   5.81599998]
