,scores,centers
0,0.9989759922027588,[ 21.2310009  -12.65799713  21.16900063]
1,0.9994083642959595,[17.2310009  -2.65799713  9.16900063]
