,scores,centers
0,0.999298095703125,[31.71100044  2.14500046 52.07299995]
