,scores,centers
0,0.9993959665298462,[ 16.04199982  48.97200012 -47.69599915]
1,0.9647274613380432,[ -9.95800018  42.97200012 -47.69599915]
