,scores,centers
0,0.9986207485198975,[10.56000137  2.77199936  9.22200012]
1,0.9980835914611816,[38.56000137 10.77199936  9.22200012]
2,0.9787237644195557,[40.56000137 32.77199936 21.22200012]
3,0.925452709197998,[16.56000137 -3.22800064 31.22200012]
