,scores,centers
0,0.9987396597862244,[10.87400055  7.93500137 25.71500015]
1,0.9937798380851746,[16.87400055 -8.06499863 35.71500015]
