,scores,centers
0,0.9990447163581848,[ 14.2840004   47.19099998 -48.30599976]
1,0.982770562171936,[ -3.7159996   41.19099998 -36.30599976]
