,scores,centers
0,0.9990414977073669,[14.57900047 15.02499962 18.77199936]
1,0.9897143244743347,[ 2.57900047  3.02499962 26.77199936]
2,0.9378505349159241,[28.57900047  5.02499962 22.77199936]
3,0.955604612827301,[22.57900047 11.02499962  2.77199936]
