,scores,centers
0,0.9997279047966003,[ 49.06599998 -25.08100128   5.37400055]
1,0.9997223019599915,[47.06599998 -7.08100128 31.37400055]
2,0.9974876642227173,[ 37.06599998 -15.08100128  19.37400055]
3,0.9672405123710632,[37.06599998 10.91899872 39.37400055]
