,scores,centers
0,0.984417200088501,[2.79700089 7.74399948 9.17499924]
1,0.9786880016326904,[ 8.79700089 -0.25600052  5.17499924]
2,0.8817425966262817,[10.79700089 -6.25600052 19.17499924]
3,0.6519103646278381,[12.79700089  1.74399948 -6.82500076]
4,0.7742676734924316,[10.79700089 11.74399948 -0.82500076]
