,scores,centers
0,0.9995152950286865,[  1.40100098  22.2519989  -13.34500122]
1,0.999548614025116,[21.40100098  2.2519989  14.65499878]
