,scores,centers
0,0.9981098175048828,[37.90499973 42.8560009   0.64199829]
1,0.9760129451751709,[37.90499973 58.8560009   0.64199829]
2,0.9898052215576172,[21.90499973 54.8560009   4.64199829]
3,0.7218300104141235,[55.90499973 50.8560009  -3.35800171]
