,scores,centers
0,0.9990481734275818,[ 5.98200226 -3.10899925 16.07800007]
1,0.9320372939109802,[25.98200226 -3.10899925 20.07800007]
2,0.7022583484649658,[-16.01799774   2.89100075  20.07800007]
3,0.4572758376598358,[ 3.98200226  6.89100075 18.07800007]
