,scores,centers
0,0.99924635887146,[ 49.88399982 -27.23199844   2.76000023]
1,0.9961563944816589,[ 33.88399982 -27.23199844  10.76000023]
2,0.8135387301445007,[ 27.88399982 -43.23199844   6.76000023]
3,0.8828743696212769,[ 33.88399982 -19.23199844  14.76000023]
