,scores,centers
0,0.998624324798584,[12.19499969 -2.13800049 57.16600037]
1,0.9968055486679077,[ 10.19499969 -14.13800049  63.16600037]
2,0.8409974575042725,[20.19499969  3.86199951 65.16600037]
3,0.5448044538497925,[20.19499969 -4.13800049 43.16600037]
