,scores,centers
0,0.9992284774780273,[24.23799992 -8.6289978   7.89900017]
