,scores,centers
0,0.9990556836128235,[17.77099991 34.02000046 92.39699936]
1,0.9787877202033997,[-0.22900009 24.02000046 90.39699936]
