,scores,centers
0,0.997879147529602,[46.05200005 75.5870018  53.74300003]
1,0.9964053630828857,[ 54.05200005 103.5870018   51.74300003]
2,0.9962875843048096,[28.05200005 67.5870018  73.74300003]
