,scores,centers
0,0.9991878867149353,[ 0.98600006 43.61300087 46.77799988]
1,0.9989802241325378,[-19.01399994  59.61300087  50.77799988]
