,scores,centers
0,0.9944019913673401,[27.36299992  3.25099945 42.4989996 ]
1,0.9837856292724609,[15.36299992 -4.74900055 26.4989996 ]
2,0.9324329495429993,[27.36299992 21.25099945 38.4989996 ]
