,scores,centers
0,0.9958230257034302,[20.99300003 94.6609993  15.27200031]
1,0.9945665597915649,[22.99300003 62.6609993  21.27200031]
2,0.9929857850074768,[22.99300003 72.6609993  25.27200031]
