,scores,centers
0,0.9992295503616333,[28.17000008 18.17300034 24.91199875]
