,scores,centers
0,0.9996371269226074,[22.28999996 10.36800003 76.0359993 ]
1,0.9995874762535095,[38.28999996 32.36800003 46.0359993 ]
2,0.9985911250114441,[10.28999996 32.36800003 56.0359993 ]
