,scores,centers
0,0.9990882873535156,[16.11499977 22.1060009  32.2329998 ]
1,0.9903059005737305,[-1.88500023 30.1060009   0.2329998 ]
2,0.9940168857574463,[20.11499977 -5.8939991  34.2329998 ]
3,0.955470085144043,[32.11499977 -7.8939991  -7.7670002 ]
4,0.9980335831642151,[ 0.11499977 36.1060009  40.2329998 ]
