,scores,centers
0,0.9989804625511169,[35.39700031 18.49399948 10.80799866]
1,0.997052788734436,[29.39700031  8.49399948 -1.19200134]
