,scores,centers
0,0.9993017911911011,[60.6760006  25.88500023 19.46199989]
1,0.8114272356033325,[40.6760006  35.88500023 23.46199989]
2,0.40673625469207764,[50.6760006  33.88500023 11.46199989]
3,0.5836387872695923,[44.6760006  29.88500023  9.46199989]
