,scores,centers
0,0.9972666501998901,[11.24300003  2.07400131 17.80599976]
1,0.9968315958976746,[33.24300003 14.07400131 19.80599976]
2,0.979614794254303,[ 9.24300003 24.07400131 25.80599976]
3,0.9766725301742554,[15.24300003 24.07400131 11.80599976]
4,0.9383483529090881,[29.24300003 24.07400131 31.80599976]
