,scores,centers
0,0.9698761105537415,[15.15299988  5.91600037 26.14599991]
1,0.8923211693763733,[21.15299988  1.91600037 20.14599991]
2,0.8524344563484192,[ 5.15299988  3.91600037 20.14599991]
3,0.47584518790245056,[ 3.15299988  7.91600037 30.14599991]
