,scores,centers
0,0.9993661046028137,[ 3.61599731 49.33500004 33.8010006 ]
