,scores,centers
0,0.9985097050666809,[28.09000015 11.5019989  45.85199928]
1,0.9873594641685486,[22.09000015 27.5019989  49.85199928]
2,0.9687809348106384,[20.09000015 33.5019989  35.85199928]
