,scores,centers
0,0.9996373653411865,[-0.79999924  1.98999786  2.30500031]
1,0.999624490737915,[25.20000076  3.98999786  4.30500031]
