,scores,centers
0,0.9970972537994385,[-0.5510006  24.71099997 14.97700119]
1,0.9810023307800293,[-4.5510006  26.71099997 12.97700119]
2,0.9771767258644104,[15.4489994  24.71099997 20.97700119]
