,scores,centers
0,0.999269425868988,[-6.43700027 97.12799835 33.11299992]
1,0.9981411695480347,[19.56299973 75.12799835  7.11299992]
2,0.9980059266090393,[-8.43700027 99.12799835 33.11299992]
