,scores,centers
0,0.9989228844642639,[12.25099945  5.20500183 13.05599976]
1,0.999086856842041,[30.25099945 -8.79499817 21.05599976]
2,0.9898541569709778,[52.25099945 -8.79499817 29.05599976]
