,scores,centers
0,0.9990150928497314,[83.30599976 35.38300037 14.94400024]
1,0.965596079826355,[95.30599976 57.38300037 28.94400024]
2,0.9591310620307922,[85.30599976 47.38300037 38.94400024]
3,0.9288126826286316,[97.30599976 49.38300037  4.94400024]
4,0.5281762480735779,[97.30599976 63.38300037 14.94400024]
5,0.4930908679962158,[85.30599976 61.38300037 22.94400024]
