,scores,centers
0,0.9994354844093323,[10.07299995 13.89500046 -2.35400009]
1,0.9992738366127014,[ 4.07299995 11.89500046 45.64599991]
2,0.9987228512763977,[ 8.07299995 -6.10499954 23.64599991]
