,scores,centers
0,0.9986876845359802,[ 9.94099998  0.1060009  49.32199955]
1,0.9983710646629333,[-8.05900002 -3.8939991  27.32199955]
2,0.9986214637756348,[35.94099998 10.1060009  63.32199955]
