,scores,centers
0,0.9930561184883118,[32.01200008 22.86699963 21.72000027]
1,0.9919660091400146,[28.01200008 16.86699963 13.72000027]
2,0.4254315495491028,[14.01200008 26.86699963 21.72000027]
