,scores,centers
0,0.9990209341049194,[-13.42399979 -32.63600159  -8.81600189]
1,0.998349666595459,[-33.42399979 -90.63600159  -8.81600189]
