,scores,centers
0,0.9990628361701965,[51.07200003  0.58799744 24.08699989]
1,0.9983239769935608,[77.07200003  4.58799744 26.08699989]
2,0.9995414018630981,[29.07200003 10.58799744 22.08699989]
