,scores,centers
0,0.9995312690734863,[-11.82799911  -7.34199905 -31.01200104]
