,scores,centers
0,0.9995788931846619,[4.66699982 7.43500137 4.59300232]
1,0.9995009899139404,[  6.66699982  33.43500137 -45.40699768]
2,0.9443326592445374,[26.66699982  1.43500137 -3.40699768]
