,scores,centers
0,0.9910836219787598,[11.20700073 50.50900078 58.14599991]
1,0.8020550012588501,[11.20700073 58.50900078 48.14599991]
2,0.5874344110488892,[17.20700073 34.50900078 40.14599991]
