,scores,centers
0,0.9987181425094604,[50.45299911  1.4810009  77.38000107]
1,0.9795616269111633,[52.45299911 15.4810009  83.38000107]
2,0.9823320508003235,[68.45299911  7.4810009  75.38000107]
