,scores,centers
0,0.9971868395805359,[-16.96099854  20.27600002  44.11300087]
1,0.9892393350601196,[ 1.03900146 34.27600002 48.11300087]
2,0.9627264142036438,[ 5.03900146 18.27600002 38.11300087]
