,scores,centers
0,0.9994221925735474,[99.70500183 96.52099991 82.41699982]
1,0.9867517948150635,[99.70500183 66.52099991 76.41699982]
2,0.9929177761077881,[107.70500183  82.52099991  90.41699982]
