,scores,centers
0,0.9988694787025452,[ 9.10199928 38.65199995 21.49699974]
1,0.9538512825965881,[ 9.10199928 18.65199995 23.49699974]
2,0.8514602184295654,[35.10199928 30.65199995 29.49699974]
