,scores,centers
0,0.9984599351882935,[30.01599979 14.96800232  4.58799934]
1,0.9984114170074463,[36.01599979 -7.03199768 26.58799934]
2,0.9757258892059326,[16.01599979  2.96800232 24.58799934]
3,0.9655090570449829,[58.01599979  0.96800232 12.58799934]
