,scores,centers
0,0.9995424747467041,[18.39400101 19.77200031 21.14299965]
1,0.8030040860176086,[30.39400101 27.77200031 13.14299965]
2,0.7061223387718201,[ 8.39400101 43.77200031  9.14299965]
3,0.5091508626937866,[-1.60599899 23.77200031 19.14299965]
