,scores,centers
0,0.998814582824707,[19.33300018 18.46500015 62.07699966]
1,0.997719943523407,[-0.66699982  6.46500015 78.07699966]
2,0.9970867037773132,[49.33300018 46.46500015 42.07699966]
