,scores,centers
0,0.9997413754463196,[43.12300014 15.44200134 58.95299911]
1,0.958649218082428,[19.12300014 -4.55799866 42.95299911]
2,0.9983212351799011,[47.12300014 15.44200134 56.95299911]
