,scores,centers
0,0.9983970522880554,[70.7120018  96.95999908 89.75099945]
1,0.9956510663032532,[ 72.7120018  110.95999908  71.75099945]
2,0.996576726436615,[ 48.7120018   88.95999908 115.75099945]
