,scores,centers
0,0.9990818500518799,[-9.33499908 11.78199959 10.98900032]
1,0.9991657733917236,[-11.33499908  -6.21800041   0.98900032]
2,0.4880047142505646,[ 6.66500092  1.78199959 20.98900032]
