,scores,centers
0,0.999352753162384,[34.43900013 96.74700165 26.09399986]
1,0.9761935472488403,[ 16.43900013 100.74700165  30.09399986]
2,0.9903969764709473,[ 38.43900013 116.74700165  36.09399986]
