,scores,centers
0,0.999268114566803,[37.37800026  0.92099762 14.99399948]
1,0.9979935884475708,[17.37800026 10.92099762  6.99399948]
2,0.9985211491584778,[67.37800026 14.92099762 10.99399948]
