,scores,centers
0,0.9957752823829651,[25.10599995 -0.73099899 36.5909996 ]
1,0.9716668725013733,[ 9.10599995  1.26900101 26.5909996 ]
2,0.9417874217033386,[35.10599995 17.26900101 26.5909996 ]
3,0.7392138242721558,[27.10599995 19.26900101 42.5909996 ]
