,scores,centers
0,0.9996688365936279,[12.76799965  2.16500092 11.14299965]
1,0.9994749426841736,[ 8.76799965  2.16500092 19.14299965]
