,scores,centers
0,0.9985829591751099,[-10.20800018  80.77999878  29.25199986]
1,0.9944328665733337,[-0.20800018 66.77999878 37.25199986]
2,0.9948068261146545,[-0.20800018 66.77999878 35.25199986]
