,scores,centers
0,0.9992579817771912,[10.73900032 61.03300095 23.65200043]
1,0.9989697933197021,[12.73900032 53.03300095  9.65200043]
