,scores,centers
0,0.9978629946708679,[31.99900055 11.10099792  5.28899956]
1,0.9989981055259705,[35.99900055 -8.89900208 25.28899956]
2,0.930913507938385,[57.99900055  1.10099792 17.28899956]
3,0.9841650128364563,[17.99900055  3.10099792 25.28899956]
4,0.8257392048835754,[ 47.99900055 -16.89900208   3.28899956]
