,scores,centers
0,0.9981562495231628,[49.70199966  0.86199951 36.03499985]
1,0.9977045655250549,[49.70199966  0.86199951 34.03499985]
2,0.6444544792175293,[39.70199966 -3.13800049 26.03499985]
