,scores,centers
0,0.9980825185775757,[28.9829998  24.7859993   4.39800072]
1,0.9911845326423645,[34.9829998  38.7859993  24.39800072]
2,0.986011266708374,[48.9829998  22.7859993   0.39800072]
