,scores,centers
0,0.9985768795013428,[31.06500006 14.23799896 86.65999985]
1,0.9988196492195129,[45.06500006 36.23799896 92.65999985]
