,scores,centers
0,0.9988254904747009,[44.5909996 18.4469986 11.0510025]
1,0.9852627515792847,[ 46.5909996  14.4469986 -14.9489975]
2,0.9808434844017029,[40.5909996 -1.5530014 -2.9489975]
3,0.9912379384040833,[32.5909996 34.4469986 21.0510025]
