,scores,centers
0,0.9994956254959106,[17.24700165 15.84000015 21.54400063]
1,0.994408130645752,[-2.75299835  7.84000015 13.54400063]
2,0.997755229473114,[-12.75299835  27.84000015  33.54400063]
