,scores,centers
0,0.9996421337127686,[19.26599979 21.65299988  9.17300034]
1,0.994766354560852,[51.26599979 29.65299988 21.17300034]
2,0.9996123909950256,[17.26599979 21.65299988 11.17300034]
