,scores,centers
0,0.9989437460899353,[39.22299957 38.83899975 33.36299896]
1,0.9990366697311401,[-0.77700043 50.83899975 27.36299896]
