,scores,centers
0,0.9995025396347046,[17.56999969 29.13899994 23.10600281]
1,0.9992801547050476,[ 1.56999969 -6.86100006  5.10600281]
