,scores,centers
0,0.9994134902954102,[ 3.87999725  8.66699982 70.98499966]
1,0.9992082715034485,[ 5.87999725 10.66699982 32.98499966]
