,scores,centers
0,0.9988753199577332,[ 39.5720005   73.33000183 -16.31200027]
1,0.993672251701355,[ 57.5720005   67.33000183 -22.31200027]
