,scores,centers
0,0.9973315000534058,[34.5170002  16.33199978 29.63899994]
1,0.9892472624778748,[28.5170002  16.33199978 17.63899994]
2,0.97198086977005,[18.5170002  24.33199978 11.63899994]
3,0.9201491475105286,[28.5170002  30.33199978 19.63899994]
4,0.6812119483947754,[18.5170002  12.33199978 17.63899994]
