,scores,centers
0,0.9991102814674377,[11.06100082  8.08499908 45.67000008]
1,0.9966158270835876,[37.06100082  6.08499908 51.67000008]
