,scores,centers
0,0.998231828212738,[ 9.73500061 35.21999979 18.54800034]
1,0.9875921607017517,[ 5.73500061 25.21999979 22.54800034]
2,0.5998111367225647,[ 7.73500061 35.21999979  2.54800034]
