,scores,centers
0,0.9986947178840637,[-1.56299973 27.7869997   8.91899872]
1,0.9881848096847534,[-9.56299973 35.7869997  26.91899872]
