,scores,centers
0,0.9967443943023682,[-19.47100067  22.61199951  45.40200043]
1,0.9882177710533142,[-29.47100067  14.61199951  33.40200043]
2,0.9898478388786316,[-17.47100067   2.61199951  51.40200043]
3,0.7841161489486694,[-17.47100067  16.61199951  25.40200043]
4,0.6022846102714539,[-11.47100067   6.61199951  69.40200043]
