,scores,centers
0,0.9990664124488831,[ 5.36100006  7.09700012 24.01300001]
1,0.9977237582206726,[19.36100006 13.09700012 14.01300001]
2,0.9899736642837524,[21.36100006 17.09700012 26.01300001]
