,scores,centers
0,0.9996927976608276,[95.73899841 17.73500061 -1.8219986 ]
1,0.9990746974945068,[99.73899841 45.73500061 12.1780014 ]
