,scores,centers
0,0.9988546371459961,[ 6.72500038 22.68700027 51.73399925]
1,0.9703542590141296,[ 6.72500038 36.68700027 37.73399925]
2,0.9877200722694397,[12.72500038 28.68700027 67.73399925]
