,scores,centers
0,0.999752938747406,[62.98600006 88.6629982  12.9829998 ]
