,scores,centers
0,0.9992421865463257,[15.45400047 13.65299988 40.00399971]
1,0.9991361498832703,[11.45400047 45.65299988 48.00399971]
2,0.9988370537757874,[21.45400047 31.65299988 44.00399971]
