,scores,centers
0,0.9983691573143005,[ 7.65800095 -1.78700066 24.65200043]
1,0.9776129126548767,[ 7.65800095 -9.78700066 10.65200043]
