,scores,centers
0,0.9989553689956665,[ 23.88800049 -30.97900009  -5.19300079]
1,0.9912433624267578,[ 35.88800049 -30.97900009  12.80699921]
2,0.9920709729194641,[ 37.88800049  -8.97900009 -13.19300079]
3,0.8919023871421814,[37.88800049 -4.97900009  2.80699921]
4,0.7949979901313782,[ 25.88800049 -16.97900009  38.80699921]
