,scores,centers
0,0.9995892643928528,[32.71299982 44.34900093 11.33199978]
1,0.9667515754699707,[24.71299982 32.34900093 11.33199978]
