,scores,centers
0,0.99638831615448,[-15.81999969  20.3119998   41.5       ]
1,0.9928252696990967,[ 0.18000031 34.3119998  47.5       ]
2,0.9679533243179321,[ 4.18000031 30.3119998  31.5       ]
3,0.9426881074905396,[ 2.18000031 18.3119998  37.5       ]
