,scores,centers
0,0.9928306937217712,[-5.33099937 -4.67900085  2.35000038]
1,0.8292452096939087,[-1.33099937  9.32099915 -3.64999962]
2,0.7146479487419128,[-5.33099937  3.32099915 10.35000038]
3,0.7701072692871094,[ 6.66900063  5.32099915 -5.64999962]
4,0.8278462886810303,[8.66900063 7.32099915 8.35000038]
5,0.8541236519813538,[ 6.66900063 -8.67900085  6.35000038]
