,scores,centers
0,0.9989610910415649,[-4.57900238  4.49900055 14.96199989]
1,0.9990399479866028,[ 5.42099762 -5.50099945  6.96199989]
2,0.9797874689102173,[ 3.42099762 -3.50099945 24.96199989]
3,0.7631253600120544,[-8.57900238 -9.50099945  0.96199989]
4,0.6591215133666992,[-10.57900238   4.49900055  28.96199989]
