,scores,centers
0,0.99853515625,[78.80699921 42.2310009  50.76200104]
1,0.9862063527107239,[102.80699921  38.2310009   62.76200104]
2,0.8615782856941223,[82.80699921 36.2310009  62.76200104]
3,0.9035133123397827,[94.80699921 42.2310009  48.76200104]
