,scores,centers
0,0.9991766810417175,[20.66600037 94.6989975  51.13100052]
1,0.9987635612487793,[26.66600037 78.6989975  41.13100052]
2,0.981449544429779,[ 8.66600037 88.6989975  63.13100052]
