,scores,centers
0,0.9984130859375,[-40.46299744  28.81699944  11.60700226]
1,0.9989616870880127,[-14.46299744  28.81699944  -0.39299774]
