,scores,centers
0,0.9993788003921509,[-1.77700043 11.80599976  1.80500031]
1,0.9966654181480408,[16.22299957 37.80599976 -0.19499969]
