,scores,centers
0,0.9989985823631287,[-25.78399658  30.07800007   7.65399933]
1,0.9990912675857544,[-13.78399658  48.07800007   1.65399933]
2,0.9807901382446289,[-11.78399658  36.07800007  27.65399933]
3,0.9955183267593384,[-33.78399658  32.07800007  21.65399933]
