,scores,centers
0,0.9992628693580627,[56.87599945 15.87100029 14.06399918]
1,0.9848495721817017,[70.87599945 23.87100029 26.06399918]
