,scores,centers
0,0.9920051693916321,[33.96100044 11.45700073 27.52600002]
1,0.9887399077415466,[33.96100044 17.45700073 19.52600002]
2,0.8122106194496155,[25.96100044 -2.54299927 13.52600002]
3,0.8236072659492493,[35.96100044  7.45700073 11.52600002]
4,0.489339679479599,[23.96100044 13.45700073  3.52600002]
