,scores,centers
0,0.9987180233001709,[ 7.99500084 -3.3560009  39.96899986]
1,0.9207955002784729,[-4.99916077e-03  6.43999100e-01  2.39689999e+01]
2,0.5721948146820068,[ 5.99500084 14.6439991  21.96899986]
