,scores,centers
0,0.9992689490318298,[59.6629982  33.66699982 13.16300201]
