,scores,centers
0,0.9991586208343506,[24.14500046 20.85499954 23.74100018]
1,0.9985244870185852,[ 16.14500046 -21.14500046  17.74100018]
2,0.9959069490432739,[20.14500046  0.85499954  9.74100018]
