,scores,centers
0,0.9990563988685608,[ 16.28699875 111.47599792  63.19400024]
1,0.9793095588684082,[ 2.28699875 99.47599792 19.19400024]
2,0.5948679447174072,[ 16.28699875 133.47599792  57.19400024]
