,scores,centers
0,0.9988130331039429,[ -2.90699768 -14.94800186   1.86899948]
1,0.9918383955955505,[ 11.09300232   7.05199814 -14.13100052]
2,0.9622846841812134,[-12.90699768 -10.94800186   7.86899948]
