,scores,centers
0,0.9990467429161072,[24.62300014 25.75       16.08199978]
1,0.9890646934509277,[12.62300014 25.75       26.08199978]
2,0.9847428798675537,[12.62300014 11.75       24.08199978]
