,scores,centers
0,0.9987816214561462,[33.11299992 18.53199959  8.83499908]
1,0.9851714968681335,[27.11299992  6.53199959  2.83499908]
2,0.8128620386123657,[43.11299992 14.53199959 12.83499908]
