,scores,centers
0,0.99782794713974,[20.53299999 17.92700005 34.50899982]
1,0.9840607047080994,[ 8.53299999 23.92700005 22.50899982]
2,0.7162765860557556,[30.53299999 -4.07299995 30.50899982]
