,scores,centers
0,0.9923460483551025,[3.39400101 7.66600037 8.54700089]
1,0.9421486258506775,[ 7.39400101 -2.33399963 10.54700089]
2,0.8276717662811279,[ 9.39400101 -2.33399963  8.54700089]
3,0.7550092935562134,[11.39400101 11.66600037 -1.45299911]
4,0.8901907801628113,[11.39400101  1.66600037  6.54700089]
5,0.5033887624740601,[17.39400101  1.66600037 -5.45299911]
