,scores,centers
0,0.9985145926475525,[19.23900032  3.95100021 12.18499947]
1,0.9946616291999817,[17.23900032  5.95100021 -1.81500053]
2,0.9989950060844421,[33.23900032 11.95100021 -5.81500053]
