,scores,centers
0,0.999645471572876,[ 56.08300018 -11.7840004   22.38299942]
