,scores,centers
0,0.9979808926582336,[-18.8730011   -2.13899994  15.40999985]
1,0.9976957440376282,[ 5.1269989  -2.13899994 21.40999985]
