,scores,centers
0,0.9992276430130005,[ 7.4090004   5.71500015 17.74399948]
