,scores,centers
0,0.9988646507263184,[ 12.52400017   2.64900208 108.0759964 ]
1,0.9978094696998596,[38.52400017 12.64900208 98.0759964 ]
