,scores,centers
0,0.9917843341827393,[ 5.96699905 47.20399857 -2.73500061]
1,0.982833981513977,[-3.30009460e-02  6.52039986e+01 -8.73500061e+00]
2,0.9917657971382141,[-3.30009460e-02  5.72039986e+01  9.26499939e+00]
3,0.898401141166687,[  7.96699905  47.20399857 -16.73500061]
4,0.6186797022819519,[ 17.96699905  61.20399857 -10.73500061]
