,scores,centers
0,0.9982695579528809,[22.86899948 15.25        7.3560009 ]
1,0.9988825917243958,[16.86899948  5.25       23.3560009 ]
2,0.9977485537528992,[38.86899948 21.25        1.3560009 ]
