,scores,centers
0,0.9992141723632812,[17.82999992 23.19000006 24.42600012]
1,0.998201847076416,[19.82999992 25.19000006 20.42600012]
2,0.4313231408596039,[19.82999992 13.19000006 38.42600012]
