,scores,centers
0,0.999697208404541,[50.18000031  9.14699936 21.75099945]
1,0.9996761083602905,[-1.81999969  3.14699936 41.75099945]
