,scores,centers
0,0.9941452741622925,[-12.52500153   9.82500076   2.30999947]
1,0.99676114320755,[-22.52500153 -10.17499924   6.30999947]
2,0.9706868529319763,[11.47499847  9.82500076  6.30999947]
3,0.968887448310852,[ 5.47499847 -6.17499924  4.30999947]
4,0.7982962727546692,[-4.52500153 -0.17499924 14.30999947]
5,0.9588468670845032,[-16.52500153 -10.17499924 -11.69000053]
