,scores,centers
0,0.9965906143188477,[15.52400017 -5.86000061 30.69400024]
1,0.8485064506530762,[25.52400017  6.13999939 34.69400024]
2,0.9405206441879272,[11.52400017 -7.86000061 22.69400024]
3,0.9778962135314941,[ 7.52400017 -5.86000061 36.69400024]
