,scores,centers
0,0.9984169006347656,[27.55700016 17.98200035 61.32699966]
1,0.9980231523513794,[19.55700016  7.98200035 71.32699966]
2,0.6050960421562195,[ 3.55700016 31.98200035 55.32699966]
3,0.9699128866195679,[15.55700016 21.98200035 67.32699966]
4,0.6731674671173096,[23.55700016 35.98200035 47.32699966]
5,0.6274397373199463,[11.55700016  9.98200035 45.32699966]
6,0.518458366394043,[ 7.55700016 21.98200035 43.32699966]
