,scores,centers
0,0.9994596838951111,[57.87699986 -4.61000061  9.19300079]
1,0.9982590079307556,[31.87699986  7.38999939  9.19300079]
