,scores,centers
0,0.9992353916168213,[15.78499985 12.61300087 38.84000015]
1,0.9958730340003967,[33.78499985  2.61300087 40.84000015]
