,scores,centers
0,0.991636335849762,[35.35999966 96.39600372 19.1079998 ]
1,0.99854576587677,[ 33.35999966  96.39600372 -10.8920002 ]
2,0.9973871111869812,[ 41.35999966 124.39600372   3.1079998 ]
3,0.9912222623825073,[ 23.35999966 126.39600372   9.1079998 ]
