,scores,centers
0,0.9990071654319763,[-23.75299835  42.89100075  -6.71800232]
1,0.980924665927887,[-25.75299835  64.89100075   5.28199768]
2,0.9825630187988281,[-3.75299835 54.89100075  9.28199768]
