,scores,centers
0,0.9990311861038208,[ 3.02600098 17.40800095 54.90699959]
1,0.9992849230766296,[11.02600098  9.40800095 18.90699959]
