,scores,centers
0,0.9995986819267273,[25.97000122 72.71699905  5.61000061]
1,0.9906845092773438,[ 1.97000122 82.71699905  7.61000061]
