,scores,centers
0,0.9997205138206482,[ 1.97900009 79.08000183 98.7120018 ]
