,scores,centers
0,0.9995625615119934,[31.99499989 42.61599922  9.76000023]
