,scores,centers
0,0.9994046688079834,[ 9.7480011  23.69200039 32.80799961]
1,0.9846952557563782,[ 5.7480011  27.69200039 46.80799961]
2,0.9978772401809692,[31.7480011  23.69200039 48.80799961]
3,0.7545843720436096,[13.7480011   7.69200039 54.80799961]
4,0.7460442185401917,[11.7480011  15.69200039 40.80799961]
