,scores,centers
0,0.999690055847168,[21.87899971 14.04899979 22.92500019]
1,0.9994828701019287,[ 1.87899971 12.04899979 48.92500019]
