,scores,centers
0,0.9966233968734741,[53.4260006   0.72800064 35.52699995]
1,0.9727762937545776,[45.4260006   2.72800064 31.52699995]
2,0.5640115141868591,[37.4260006  10.72800064 33.52699995]
3,0.4365524351596832,[55.4260006   8.72800064 19.52699995]
4,0.48032835125923157,[45.4260006  18.72800064 21.52699995]
