,scores,centers
0,0.9991592168807983,[14.4640007   5.55799866 25.91600037]
1,0.9979501366615295,[-5.5359993   9.55799866 11.91600037]
2,0.8308708667755127,[ 14.4640007  -20.44200134  -2.08399963]
