,scores,centers
0,0.999542236328125,[44.3670001  38.09000015 23.69499969]
1,0.9993174076080322,[14.3670001  12.09000015 37.69499969]
2,0.9922509789466858,[42.3670001  26.09000015 39.69499969]
3,0.9961677193641663,[22.3670001  28.09000015 17.69499969]
