,scores,centers
0,0.998984158039093,[ -7.67300034 -12.82400131  17.83100128]
1,0.9985533356666565,[-11.67300034  -0.82400131 -18.16899872]
