,scores,centers
0,0.9982775449752808,[-17.19000244  20.31400013  43.12199974]
1,0.9910858273506165,[-1.19000244 36.31400013 49.12199974]
2,0.989983081817627,[-13.19000244  28.31400013  55.12199974]
