,scores,centers
0,0.9983898401260376,[ 40.54399967 110.78700256  11.81100082]
1,0.9981858134269714,[ 32.54399967  94.78700256 -10.18899918]
