,scores,centers
0,0.9984366297721863,[ 28.15500021   6.71199989 122.3710022 ]
1,0.9897200465202332,[ 28.15500021  -5.28800011 138.3710022 ]
2,0.9829007983207703,[ 22.15500021  26.71199989 120.3710022 ]
3,0.9859553575515747,[ 32.15500021  12.71199989 144.3710022 ]
