,scores,centers
0,0.9993389248847961,[86.88000107 27.34899902 16.58600044]
1,0.9837563037872314,[88.88000107 25.34899902 -5.41399956]
