,scores,centers
0,0.9978251457214355,[-27.03900146  20.26399994  14.15699959]
1,0.9924163818359375,[-39.03900146   0.26399994  16.15699959]
2,0.9863300919532776,[-43.03900146  16.26399994  12.15699959]
3,0.9879509806632996,[-5.03900146 10.26399994  0.15699959]
4,0.7416844964027405,[-39.03900146  14.26399994  40.15699959]
