,scores,centers
0,0.9987277388572693,[53.94399977 11.47599983 36.1289978 ]
1,0.9948270916938782,[25.94399977 27.47599983 46.1289978 ]
