,scores,centers
0,0.9995206594467163,[ 81.11100006 -24.39199829 -19.58399963]
1,0.9994407296180725,[ 79.11100006 -46.39199829 -37.58399963]
