,scores,centers
0,0.9991680383682251,[21.94400024 15.0340004  57.40399933]
1,0.9956464171409607,[31.94400024 -4.9659996  63.40399933]
2,0.9713104367256165,[37.94400024 19.0340004  75.40399933]
