,scores,centers
0,0.9991198182106018,[11.90700006 82.10300016 37.39599991]
1,0.9976806640625,[43.90700006 30.10300016 19.39599991]
2,0.9984754920005798,[67.90700006 54.10300016 63.39599991]
