,scores,centers
0,0.9981842637062073,[-30.66500092 -24.62099838  17.73900032]
1,0.9995417594909668,[-18.66500092  -6.62099838   7.73900032]
2,0.9974754452705383,[-8.66500092 -6.62099838 25.73900032]
3,0.992438018321991,[ -2.66500092 -24.62099838   9.73900032]
