,scores,centers
0,0.9982814788818359,[27.70100021 18.07900047 61.07699966]
1,0.9978724718093872,[21.70100021  8.07900047 67.07699966]
2,0.9378879070281982,[ 3.70100021 24.07900047 63.07699966]
3,0.6917867660522461,[19.70100021 34.07900047 43.07699966]
4,0.6616058945655823,[11.70100021 10.07900047 45.07699966]
