,scores,centers
0,0.9835258722305298,[49.40999985  9.9090004  11.69099998]
1,0.5957512855529785,[53.40999985  7.9090004  39.69099998]
2,0.6214867830276489,[63.40999985  7.9090004  47.69099998]
3,0.6157044768333435,[73.40999985  5.9090004  61.69099998]
4,0.4770078659057617,[49.40999985  9.9090004  37.69099998]
5,0.4435921907424927,[51.40999985  3.9090004  29.69099998]
