,scores,centers
0,0.998369038105011,[87.12100029 24.3030014   5.70999908]
1,0.9990988969802856,[49.12100029 28.3030014  13.70999908]
