,scores,centers
0,0.9950822591781616,[181.69200134  32.5170002   13.76300049]
1,0.9971876740455627,[175.69200134  42.5170002   23.76300049]
2,0.9865018725395203,[169.69200134  32.5170002   -0.23699951]
3,0.8530976176261902,[187.69200134  30.5170002   -0.23699951]
4,0.9788479208946228,[179.69200134  54.5170002   -0.23699951]
