,scores,centers
0,0.9996083378791809,[26.52999973 18.29800034 15.80200005]
1,0.9965416789054871,[38.52999973 72.29800034 19.80200005]
2,0.9973117113113403,[16.52999973 48.29800034 23.80200005]
