,scores,centers
0,0.9994673132896423,[20.36000061 44.51599884 45.73699951]
1,0.9992781281471252,[ 8.36000061 26.51599884 35.73699951]
2,0.9994507431983948,[-7.63999939  2.51599884  5.73699951]
3,0.9994019269943237,[-1.63999939 -1.48400116 41.73699951]
4,0.9996569156646729,[14.36000061 50.51599884 11.73699951]
