,scores,centers
0,0.9991328120231628,[22.85400009 29.61400032 57.95500183]
1,0.9991235136985779,[22.85400009 29.61400032 55.95500183]
2,0.40292754769325256,[ 8.85400009 33.61400032 59.95500183]
