,scores,centers
0,0.998988687992096,[39.92099953  3.33300018 58.37800026]
1,0.9962687492370605,[53.92099953 -2.66699982 50.37800026]
2,0.9969762563705444,[43.92099953 21.33300018 60.37800026]
3,0.9807679057121277,[49.92099953 31.33300018 40.37800026]
