,scores,centers
0,0.9983218312263489,[-5.45000076  0.4109993  11.82600021]
1,0.998149037361145,[ 8.54999924 16.4109993  19.82600021]
2,0.9856064915657043,[ 4.54999924 12.4109993  37.82600021]
