,scores,centers
0,0.9993564486503601,[ 17.86499977 -13.51499939  23.46100044]
1,0.9936292767524719,[17.86499977  2.48500061 33.46100044]
2,0.9750044941902161,[17.86499977 12.48500061 19.46100044]
