,scores,centers
0,0.9997432827949524,[11.67700005 68.58499908 45.27400017]
