,scores,centers
0,0.9985162615776062,[10.68500137  9.22400093 37.        ]
1,0.987585186958313,[-7.31499863  1.22400093 29.        ]
2,0.9918427467346191,[20.68500137  1.22400093 27.        ]
3,0.9873372912406921,[ 0.68500137 -8.77599907 43.        ]
4,0.882153332233429,[ 4.68500137 -8.77599907 27.        ]
