,scores,centers
0,0.9993855953216553,[ 6.51100159 23.38100052 14.41900063]
1,0.998988926410675,[ 2.51100159 13.38100052 14.41900063]
2,0.9643846154212952,[-17.48899841  15.38100052  10.41900063]
