,scores,centers
0,0.9977461695671082,[65.26100159 40.25       37.5250001 ]
1,0.8028798699378967,[75.26100159 44.25       15.5250001 ]
2,0.7203859090805054,[73.26100159 28.25       25.5250001 ]
3,0.5772897005081177,[55.26100159 26.25       19.5250001 ]
4,0.40095964074134827,[55.26100159 50.25       23.5250001 ]
