,scores,centers
0,0.999496579170227,[48.37599945 46.64999962 10.90699959]
1,0.9973846077919006,[66.37599945 34.64999962 12.90699959]
