,scores,centers
0,0.9984512329101562,[ 4.21699905  8.35500002 10.00099945]
1,0.7139154076576233,[10.21699905 22.35500002  6.00099945]
2,0.7891843914985657,[18.21699905 24.35500002 30.00099945]
