,scores,centers
0,0.9990624785423279,[26.15699959 39.46100044 45.66600037]
1,0.9982701539993286,[ 6.15699959 53.46100044 35.66600037]
2,0.9944387674331665,[14.15699959 41.46100044 29.66600037]
