,scores,centers
0,0.9991896748542786,[-1.65000153 35.71199989  4.04000092]
1,0.9990394711494446,[-19.65000153  65.71199989  30.04000092]
