,scores,centers
0,0.9995892643928528,[10.01900101 19.93799973 76.40100098]
1,0.9994149208068848,[-13.98099899  -2.06200027  60.40100098]
