,scores,centers
0,0.9982408285140991,[16.97700024 28.30800009 33.04399967]
1,0.8633295297622681,[14.97700024 12.30800009 33.04399967]
2,0.9856841564178467,[18.97700024 24.30800009 23.04399967]
