,scores,centers
0,0.9994163513183594,[128.11199951 115.40200043  93.91300011]
1,0.9995303153991699,[122.11199951 113.40200043  29.91300011]
