,scores,centers
0,0.9991092085838318,[22.73400021 -1.63000107 19.64599991]
