,scores,centers
0,0.9990725517272949,[31.77099991 10.5170002  24.52299976]
1,0.8226079344749451,[39.77099991 20.5170002   8.52299976]
