,scores,centers
0,0.9997547268867493,[ 7.74399948 37.72299957  6.14599991]
1,0.9709696769714355,[  5.74399948  43.72299957 -11.85400009]
2,0.9768289923667908,[29.74399948 31.72299957  8.14599991]
