,scores,centers
0,0.9978455305099487,[31.51099968 42.49100018 76.96100044]
1,0.997565507888794,[35.51099968 30.49100018 50.96100044]
2,0.9986684322357178,[33.51099968 32.49100018 96.96100044]
