,scores,centers
0,0.9989283680915833,[72.91799927 30.82000017 67.05899811]
1,0.9968584775924683,[66.91799927 42.82000017 89.05899811]
2,0.98328697681427,[66.91799927 18.82000017 83.05899811]
