,scores,centers
0,0.9984405636787415,[61.15299988 51.8920002  32.91099977]
1,0.9732789993286133,[79.15299988 53.8920002  46.91099977]
