,scores,centers
0,0.9980121850967407,[  9.3039999   19.85099983 -27.55099869]
1,0.9953212141990662,[ 7.3039999   5.85099983 -5.55099869]
2,0.806013822555542,[ 11.3039999    7.85099983 -23.55099869]
