,scores,centers
0,0.9996411800384521,[23.02300072 12.04000092 26.07299995]
1,0.9995796084403992,[ 9.02300072 14.04000092 48.07299995]
