,scores,centers
0,0.9989946484565735,[62.58499908 75.35200119 42.74300003]
1,0.9991181492805481,[42.58499908 85.35200119 46.74300003]
