,scores,centers
0,0.9993249177932739,[-16.45199966  15.95199966  55.68199921]
