,scores,centers
0,0.9988061189651489,[33.43700027 54.44999981 75.7840004 ]
1,0.9989475607872009,[-2.56299973 56.44999981 59.7840004 ]
2,0.984021008014679,[43.43700027  4.44999981 75.7840004 ]
