,scores,centers
0,0.9995487332344055,[34.82699966 75.9090004  15.90700006]
1,0.9648252129554749,[42.82699966 61.9090004  39.90700006]
2,0.6327483654022217,[56.82699966 67.9090004  25.90700006]
3,0.5278810262680054,[28.82699966 63.9090004  41.90700006]
