,scores,centers
0,0.9992947578430176,[31.84399986 36.14599991 21.9470005 ]
1,0.9939731955528259,[ 9.84399986 22.14599991  9.9470005 ]
2,0.9916501045227051,[ 7.84399986 32.14599991 27.9470005 ]
