,scores,centers
0,0.9997251629829407,[65.75699997 37.12199974 91.03800201]
1,0.9984726309776306,[55.75699997 33.12199974 95.03800201]
