,scores,centers
0,0.9983921647071838,[86.9640007  19.48200035 -4.24600029]
1,0.9971883893013,[106.9640007   17.48200035   7.75399971]
