,scores,centers
0,0.9953879714012146,[ 8.73699951 55.61299896 17.75899982]
1,0.9410026669502258,[-15.26300049  65.61299896  29.75899982]
2,0.48507413268089294,[ 2.73699951 53.61299896 31.75899982]
3,0.5058844685554504,[-1.26300049 47.61299896 15.75899982]
