,scores,centers
0,0.9993233680725098,[-8.64799881e+00  1.58699999e+01 -1.30004883e-02]
