,scores,centers
0,0.9984378218650818,[ 1.04500008 32.91900015 14.72000122]
1,0.9966963529586792,[17.04500008 48.91900015 12.72000122]
2,0.9830259680747986,[ 5.04500008 16.91900015 16.72000122]
