,scores,centers
0,0.9970904588699341,[38.7670002  38.51200008 37.50600052]
1,0.9982178807258606,[34.7670002  38.51200008 51.50600052]
2,0.9497124552726746,[52.7670002  50.51200008 39.50600052]
3,0.5715430974960327,[28.7670002  34.51200008 33.50600052]
