,scores,centers
0,0.9989007711410522,[-26.71500015  25.63999987   3.4659996 ]
1,0.9988933205604553,[-26.71500015  25.63999987   5.4659996 ]
