,scores,centers
0,0.9989714622497559,[-15.65399933  57.69400024  49.7670002 ]
