,scores,centers
0,0.999506950378418,[ 10.05200005   9.36400032 -12.16999817]
1,0.9860976934432983,[10.05200005 11.36400032 13.83000183]
