,scores,centers
0,0.9941427111625671,[38.21299934 78.48699951 89.09600067]
1,0.9624112248420715,[50.21299934 94.48699951 83.09600067]
2,0.8257878422737122,[40.21299934 72.48699951 73.09600067]
3,0.6857532262802124,[54.21299934 76.48699951 89.09600067]
4,0.5863150954246521,[52.21299934 70.48699951 77.09600067]
