,scores,centers
0,0.9978182315826416,[31.0079999  -2.30900002 -8.78499985]
1,0.9933651089668274,[ 29.0079999  -14.30900002   5.21500015]
2,0.98842453956604,[ 27.0079999   17.69099998 -10.78499985]
3,0.9620721340179443,[31.0079999   3.69099998 17.21500015]
