,scores,centers
0,0.9979149699211121,[55.34700012 37.4920001   9.75600052]
1,0.9858235120773315,[43.34700012 25.4920001   3.75600052]
2,0.9768199324607849,[33.34700012 31.4920001   7.75600052]
3,0.9793004393577576,[21.34700012 31.4920001  19.75600052]
4,0.5267266035079956,[51.34700012 33.4920001  25.75600052]
5,0.4437015950679779,[45.34700012 17.4920001  17.75600052]
