,scores,centers
0,0.9987850785255432,[10.97399998 23.34500027 12.37599945]
1,0.996048629283905,[10.97399998 23.34500027  6.37599945]
2,0.7688617706298828,[22.97399998 17.34500027 -5.62400055]
3,0.7576839327812195,[14.97399998 31.34500027  6.37599945]
