,scores,centers
0,0.99810791015625,[ 9.51000023 -3.49799919 39.0369997 ]
1,0.9556293487548828,[ 5.51000023 14.50200081 21.0369997 ]
2,0.9267473816871643,[ 1.51000023  0.50200081 23.0369997 ]
