,scores,centers
0,0.9975382089614868,[15.58100128 63.48400116 26.63199997]
1,0.9976150989532471,[27.58100128 57.48400116  6.63199997]
2,0.9703128933906555,[ 7.58100128 57.48400116 -3.36800003]
3,0.8765608668327332,[ 9.58100128 75.48400116  8.63199997]
