,scores,centers
0,0.9993941783905029,[ -9.98300171  45.82799911 108.04100037]
1,0.9987975358963013,[42.01699829 13.82799911 88.04100037]
2,0.9957958459854126,[10.01699829 19.82799911 96.04100037]
3,0.8470580577850342,[-13.98300171  31.82799911 116.04100037]
