,scores,centers
0,0.9993913173675537,[21.84799957 12.22399902 30.84500122]
1,0.9874914884567261,[19.84799957  0.22399902 20.84500122]
2,0.9498504400253296,[21.84799957 34.22399902  6.84500122]
