,scores,centers
0,0.9996163845062256,[14.26499939 10.9109993  85.47900009]
