,scores,centers
0,0.9977877140045166,[  3.58699989  -9.4640007  -10.86399841]
1,0.9758245944976807,[ 13.58699989  -5.4640007  -26.86399841]
2,0.9885218143463135,[ 13.58699989 -19.4640007   -6.86399841]
