,scores,centers
0,0.9992278814315796,[ 7.54800034 28.5999999  23.99800014]
1,0.999319314956665,[-10.45199966  54.5999999   23.99800014]
