,scores,centers
0,0.9990893602371216,[97.05699921 61.35499954 20.46100044]
1,0.9988692402839661,[129.05699921  67.35499954  10.46100044]
