,scores,centers
0,0.9996517896652222,[27.16500092 -0.34300041 29.08400011]
1,0.9886943697929382,[ 7.16500092 15.65699959 43.08400011]
