,scores,centers
0,0.9994686245918274,[31.03800011 80.42700005 17.48400116]
1,0.9993646740913391,[33.03800011 50.42700005 43.48400116]
