,scores,centers
0,0.9984429478645325,[-85.3219986  -68.30200195  20.1609993 ]
1,0.9976673722267151,[-97.3219986  -70.30200195  -1.8390007 ]
2,0.9821871519088745,[-81.3219986  -62.30200195   4.1609993 ]
3,0.9685447812080383,[-59.3219986  -66.30200195   0.1609993 ]
