,scores,centers
0,0.9989269375801086,[15.76099968 45.62899971  0.66500092]
1,0.9888691902160645,[15.76099968 35.62899971 26.66500092]
2,0.5207992196083069,[19.76099968 23.62899971  6.66500092]
3,0.49723854660987854,[19.76099968 51.62899971 18.66500092]
