,scores,centers
0,0.9978885054588318,[34.46899986 16.375      31.5909996 ]
1,0.9879850745201111,[28.46899986 16.375      17.5909996 ]
2,0.9816557765007019,[18.46899986 24.375      11.5909996 ]
3,0.9460422992706299,[28.46899986 30.375      19.5909996 ]
4,0.6129657030105591,[16.46899986 14.375      27.5909996 ]
5,0.7251831293106079,[26.46899986 14.375      31.5909996 ]
