,scores,centers
0,0.9994681477546692,[10.40800095 21.68899918 76.86700058]
1,0.9995262622833252,[-21.59199905  -6.31100082  70.86700058]
