,scores,centers
0,0.9993162155151367,[ 4.64699936  0.51100159 -5.04700089]
1,0.9919067621231079,[20.64699936 -1.48899841 10.95299911]
