,scores,centers
0,0.9901254177093506,[56.11199951 43.76300049 30.54500008]
1,0.9905789494514465,[62.11199951 41.76300049 44.54500008]
2,0.9923098087310791,[44.11199951 29.76300049 36.54500008]
