,scores,centers
0,0.9920259118080139,[61.60700035 14.7329998  -5.80599976]
1,0.9971250891685486,[43.60700035 12.7329998  -7.80599976]
2,0.965974748134613,[53.60700035 26.7329998  26.19400024]
3,0.964213490486145,[49.60700035 22.7329998   6.19400024]
