,scores,centers
0,0.9939882755279541,[ 10.23799992 -33.11399841  28.18700027]
1,0.9127885699272156,[ 16.23799992 -23.11399841  26.18700027]
2,0.8869398832321167,[ 32.23799992 -37.11399841  42.18700027]
3,0.6319857835769653,[ 36.23799992 -29.11399841  32.18700027]
