,scores,centers
0,0.9989297986030579,[-3.33699799 41.16499996 17.61100006]
1,0.954012930393219,[36.66300201 41.16499996 23.61100006]
