,scores,centers
0,0.9994257688522339,[35.29699993 17.75799942 28.38500023]
1,0.9990496039390564,[51.29699993 53.75799942 30.38500023]
2,0.999366819858551,[63.29699993 27.75799942 46.38500023]
