,scores,centers
0,0.9994263648986816,[-9.4090004  16.83699989 28.94299984]
1,0.9993466734886169,[-7.4090004  18.83699989 28.94299984]
2,0.6405487656593323,[-3.4090004  20.83699989 50.94299984]
3,0.40589848160743713,[-1.4090004  28.83699989 40.94299984]
4,0.49798959493637085,[-23.4090004   22.83699989  28.94299984]
