,scores,centers
0,0.9990781545639038,[ 39.42499924 -35.21099854   3.18899918]
1,0.9995602965354919,[  1.42499924 -35.21099854  23.18899918]
2,0.9991744160652161,[31.42499924  2.78900146  1.18899918]
