,scores,centers
0,0.9997064471244812,[16.45400047 45.02099991 16.83399963]
1,0.9996378421783447,[22.45400047 55.02099991 24.83399963]
2,0.9379908442497253,[ 2.45400047 53.02099991 14.83399963]
