,scores,centers
0,0.9994131326675415,[32.56000042 11.40400028 -5.36499977]
1,0.9862300157546997,[38.56000042 11.40400028 16.63500023]
