,scores,centers
0,0.9990660548210144,[30.3920002  72.44499969 59.73800087]
1,0.9986147880554199,[54.3920002  74.44499969 49.73800087]
2,0.9840191602706909,[52.3920002  88.44499969 63.73800087]
3,0.9046136140823364,[60.3920002  72.44499969 27.73800087]
