,scores,centers
0,0.9991340041160583,[-11.26900101  16.72599983  27.84000015]
1,0.998982846736908,[-9.26900101 16.72599983 25.84000015]
2,0.6547900438308716,[-3.26900101 20.72599983 49.84000015]
