,scores,centers
0,0.9990719556808472,[-8.04399872  9.96299934 54.06799984]
1,0.9988558292388916,[13.95600128 45.96299934 32.06799984]
2,0.9987605810165405,[11.95600128 11.96299934 40.06799984]
3,0.9987020492553711,[-10.04399872  47.96299934  26.06799984]
