,scores,centers
0,0.9994296431541443,[17.85599995 59.37799835 24.85700035]
1,0.9991121888160706,[19.85599995 65.37799835 44.85700035]
