,scores,centers
0,0.9879741668701172,[26.06700134  2.14500046 11.04599953]
1,0.9056097865104675,[6.06700134 4.14500046 5.04599953]
2,0.8524616360664368,[14.06700134  2.14500046 31.04599953]
3,0.43311068415641785,[12.06700134 12.14500046 17.04599953]
4,0.491399884223938,[ 0.06700134 -9.85499954 19.04599953]
5,0.4277600944042206,[16.06700134 -9.85499954  9.04599953]
6,0.44671547412872314,[ 10.06700134 -13.85499954  23.04599953]
