,scores,centers
0,0.9997442364692688,[18.45800018 28.53199959 66.60200119]
1,0.9813122153282166,[12.45800018 36.53199959 82.60200119]
