,scores,centers
0,0.9998635053634644,[ 3.83699799 67.39799881 68.63699913]
1,0.996052086353302,[23.83699799 55.39799881 54.63699913]
2,0.9932112097740173,[-12.16300201  65.39799881  40.63699913]
