,scores,centers
0,0.999377429485321,[ 2.375      17.23499966 28.92399979]
1,0.9992241859436035,[26.375      15.23499966 12.92399979]
2,0.8360030651092529,[-1.625      23.23499966  4.92399979]
