,scores,centers
0,0.9967135190963745,[22.07699966  0.60700226 41.81200027]
1,0.9992668032646179,[-9.92300034 -3.39299774 35.81200027]
2,0.9970542192459106,[-11.92300034  14.60700226  47.81200027]
