,scores,centers
0,0.9984872341156006,[ 62.7879982  -24.9620018  -28.03499985]
1,0.9533460140228271,[ 56.7879982    1.0379982  -28.03499985]
2,0.8384652733802795,[ 70.7879982   -0.9620018  -26.03499985]
3,0.8818954229354858,[ 78.7879982  -36.9620018  -14.03499985]
