,scores,centers
0,0.9993588328361511,[39.38799953 19.79500008 98.69300079]
1,0.9956386685371399,[31.38799953 11.79500008 88.69300079]
2,0.984355628490448,[53.38799953 17.79500008 78.69300079]
