,scores,centers
0,0.9991856217384338,[29.57199955  4.5510006  37.13799953]
1,0.9976840019226074,[33.57199955  2.5510006  37.13799953]
2,0.9890072345733643,[27.57199955 -1.4489994  37.13799953]
