,scores,centers
0,0.9994145631790161,[ 16.27099991 -11.72599792  21.24800014]
1,0.9928570985794067,[16.27099991  4.27400208 33.24800014]
2,0.9893873929977417,[-1.72900009 12.27400208 31.24800014]
3,0.9809824824333191,[28.27099991  2.27400208 23.24800014]
