,scores,centers
0,0.9994331002235413,[28.64799976 35.25199986 42.40699959]
