,scores,centers
0,0.9991428852081299,[-9.64199829 58.52000046 -4.67499924]
1,0.998933732509613,[ 2.35800171 76.52000046  3.32500076]
2,0.921549916267395,[-15.64199829  80.52000046   7.32500076]
3,0.7357416749000549,[-35.64199829  60.52000046  -6.67499924]
4,0.882426381111145,[ -3.64199829  78.52000046 -16.67499924]
