,scores,centers
0,0.9982727766036987,[-12.80099869  32.1869998   10.90800095]
1,0.9938077330589294,[-24.80099869  34.1869998   30.90800095]
2,0.9798739552497864,[ 7.19900131 20.1869998   2.90800095]
