,scores,centers
0,0.9985271692276001,[15.2329998   4.59199905 30.55800056]
1,0.9986321330070496,[ 7.2329998  -5.40800095  0.55800056]
2,0.99167799949646,[25.2329998  -5.40800095 16.55800056]
3,0.9828807711601257,[-6.7670002  -5.40800095 34.55800056]
4,0.9319486618041992,[31.2329998  -3.40800095 -1.44199944]
