,scores,centers
0,0.999453604221344,[14.94799995 11.89099884 40.33500004]
1,0.9941369295120239,[12.94799995 -4.10900116 56.33500004]
2,0.46202462911605835,[ 22.94799995 -16.10900116  50.33500004]
3,0.9394301772117615,[14.94799995  1.89099884 24.33500004]
