,scores,centers
0,0.9988422989845276,[18.83199978 17.49699974 10.07400036]
1,0.5866080522537231,[16.83199978 11.49699974 22.07400036]
2,0.5250521898269653,[14.83199978  7.49699974 16.07400036]
3,0.4347878098487854,[ 8.83199978 21.49699974  4.07400036]
