,scores,centers
0,0.9977287650108337,[-13.85100174  95.09500122  91.90799713]
1,0.9978833794593811,[-23.85100174  91.09500122  81.90799713]
2,0.9008280634880066,[-15.85100174  79.09500122  95.90799713]
