,scores,centers
0,0.9990218877792358,[52.65499973 48.18900013 91.16699982]
1,0.989628791809082,[46.65499973 52.18900013 71.16699982]
2,0.9915668368339539,[ 22.65499973  30.18900013 103.16699982]
3,0.898561954498291,[ 32.65499973  38.18900013 113.16699982]
4,0.880300760269165,[ 50.65499973  28.18900013 103.16699982]
