,scores,centers
0,0.999853253364563,[-2.50400162 -2.63600159 42.96199989]
1,0.9997473359107971,[-16.50400162  -4.63600159  12.96199989]
2,0.9798016548156738,[-2.50400162 13.36399841 32.96199989]
