,scores,centers
0,0.9996849298477173,[ 48.75200081 -24.91099548   6.55900002]
1,0.9997641444206238,[50.75200081 -8.91099548 30.55900002]
2,0.99093097448349,[ 36.75200081 -44.91099548  -3.44099998]
3,0.9386193156242371,[36.75200081 11.08900452 38.55900002]
