,scores,centers
0,0.9992650151252747,[144.16799927  31.85500002  26.76399994]
