,scores,centers
0,0.9981239438056946,[26.09700012  3.64500046  3.44000053]
1,0.9991536140441895,[16.09700012  5.64500046 -4.55999947]
2,0.995984673500061,[18.09700012 21.64500046 13.44000053]
3,0.8741278648376465,[10.09700012  7.64500046  7.44000053]
