,scores,centers
0,0.9992307424545288,[33.42199993 11.8409996  -5.36800003]
1,0.9983869791030884,[19.42199993  5.8409996  12.63199997]
2,0.991814911365509,[17.42199993  7.8409996  -3.36800003]
