,scores,centers
0,0.9787667989730835,[ 2.98099995 41.31299973 16.09499979]
1,0.9707401990890503,[14.98099995 33.31299973 14.09499979]
2,0.9815015196800232,[20.98099995 35.31299973 16.09499979]
