,scores,centers
0,0.9984812140464783,[ 9.02799988  0.54800034 18.97999954]
