,scores,centers
0,0.998629093170166,[ 3.06100082 17.29800034 35.0999999 ]
1,0.9853444695472717,[-4.93899918 29.29800034 41.0999999 ]
