,scores,centers
0,0.9976596832275391,[ 44.01399994  19.32999992 -22.12599945]
1,0.9888850450515747,[22.01399994 17.32999992 -8.12599945]
2,0.9592753648757935,[56.01399994 15.32999992 -0.12599945]
