,scores,centers
0,0.9998142123222351,[24.81800079 26.21899986 16.80200005]
1,0.9894381761550903,[14.81800079 12.21899986  6.80200005]
