,scores,centers
0,0.9990041851997375,[ 16.60099983  48.89299965 -46.31400299]
1,0.9847987294197083,[ -3.39900017  40.89299965 -36.31400299]
2,0.8997094035148621,[  2.60099983  48.89299965 -56.31400299]
