,scores,centers
0,0.9994238615036011,[-70.90499878  30.50900078 -30.28199768]
1,0.9968971014022827,[-86.90499878  -5.49099922 -44.28199768]
