,scores,centers
0,0.9973535537719727,[53.56399918  0.66900063 35.49900007]
1,0.9454497694969177,[39.56399918  4.66900063 15.49900007]
2,0.9702851176261902,[43.56399918  0.66900063 27.49900007]
3,0.7794839143753052,[39.56399918 10.66900063 33.49900007]
4,0.42310720682144165,[51.56399918  6.66900063 17.49900007]
