,scores,centers
0,0.9971338510513306,[49.46199989  0.96999931 34.        ]
1,0.9175223708152771,[39.46199989 -1.03000069 26.        ]
2,0.5126254558563232,[43.46199989  4.96999931 32.        ]
