,scores,centers
0,0.9990959167480469,[ 8.40399933 28.21299982 33.29399967]
