,scores,centers
0,0.9994540810585022,[17.15199995 25.26399994 30.59299994]
1,0.985127866268158,[37.15199995 27.26399994 26.59299994]
2,0.7730008363723755,[19.15199995 21.26399994 50.59299994]
3,0.5462931990623474,[33.15199995 21.26399994 16.59299994]
