,scores,centers
0,0.9985452890396118,[19.68799973 17.60999966  9.88899994]
1,0.757437527179718,[ 9.68799973 21.60999966  3.88899994]
