,scores,centers
0,0.9996912479400635,[  2.20100021 -11.83799744  12.00300026]
1,0.9995276927947998,[-5.79899979  2.16200256 36.00300026]
