,scores,centers
0,0.9978368878364563,[49.01000023 13.60200119 19.95100021]
1,0.9922232031822205,[37.01000023 19.60200119 17.95100021]
2,0.9949741363525391,[25.01000023 13.60200119  9.95100021]
3,0.9772087335586548,[33.01000023  9.60200119 33.95100021]
4,0.9651769995689392,[53.01000023 11.60200119  3.95100021]
5,0.8060081601142883,[35.01000023  3.60200119 13.95100021]
