,scores,centers
0,0.9990027546882629,[74.76799965 58.00699997 50.74499989]
1,0.998455286026001,[ 4.76799965 18.00699997 44.74499989]
