,scores,centers
0,0.9909919500350952,[13.42300034 48.7159996  57.28000069]
1,0.539595365524292,[13.42300034 58.7159996  59.28000069]
2,0.9219396114349365,[-2.57699966 36.7159996  51.28000069]
