,scores,centers
0,0.997005045413971,[30.03299999 79.56200027 38.56400013]
1,0.9730353951454163,[46.03299999 73.56200027 46.56400013]
