,scores,centers
0,0.9986218214035034,[ 25.81400013  15.48900032 -18.38299942]
1,0.995448887348175,[25.81400013 11.48900032  7.61700058]
2,0.9699848890304565,[ 19.81400013   7.48900032 -36.38299942]
