,scores,centers
0,0.998955488204956,[68.98899841 47.57900047 19.19599915]
1,0.996775209903717,[82.98899841 41.57900047 11.19599915]
