,scores,centers
0,0.9979979395866394,[-2.69799995 11.37100029 52.13800049]
