,scores,centers
0,0.9992750287055969,[28.46700001 63.88499832 93.91400146]
1,0.9288358092308044,[10.46700001 67.88499832 77.91400146]
