,scores,centers
0,0.9990077614784241,[-9.43999863 17.0880003  27.91899967]
1,0.9150393009185791,[-3.43999863 19.0880003  49.91899967]
2,0.4981219172477722,[-1.43999863 33.0880003  39.91899967]
