,scores,centers
0,0.9928542971611023,[15.52799988 -4.3939991  25.25500011]
1,0.9923216700553894,[17.52799988  7.6060009  15.25500011]
2,0.7121374011039734,[ 25.52799988 -10.3939991   17.25500011]
3,0.6528804898262024,[25.52799988 -2.3939991  41.25500011]
4,0.4277290999889374,[33.52799988 -0.3939991  29.25500011]
5,0.4701261818408966,[21.52799988  7.6060009  29.25500011]
6,0.4409863352775574,[ 17.52799988 -10.3939991   35.25500011]
