,scores,centers
0,0.9995213747024536,[ 45.98999977  52.93099976 127.17199707]
