,scores,centers
0,0.9981939196586609,[17.65200043 29.19999981 37.86499977]
1,0.9993205070495605,[-6.34799957 23.19999981 33.86499977]
2,0.9963529109954834,[41.65200043 45.19999981 39.86499977]
