,scores,centers
0,0.9991844296455383,[18.6779995   5.37200165 28.99300003]
1,0.9941595792770386,[ 6.6779995  -2.62799835 28.99300003]
2,0.9883672595024109,[ 6.6779995  -4.62799835 30.99300003]
3,0.92514967918396,[20.6779995   3.37200165  8.99300003]
