,scores,centers
0,0.9996294975280762,[15.98300171 39.94099998 62.36100006]
1,0.9941658973693848,[-16.01699829  47.94099998  82.36100006]
2,0.9681107401847839,[-34.01699829  51.94099998  78.36100006]
