,scores,centers
0,0.9986816048622131,[27.11499977 14.81999969 23.65799999]
1,0.9990204572677612,[37.11499977 26.81999969 17.65799999]
2,0.9771885871887207,[33.11499977 22.81999969 39.65799999]
3,0.9352995157241821,[49.11499977  6.81999969 25.65799999]
