,scores,centers
0,0.999281108379364,[22.16499996 10.02899933  9.8730011 ]
1,0.9987303614616394,[24.16499996 14.02899933  9.8730011 ]
