,scores,centers
0,0.9981513619422913,[25.76900005 18.09500027 60.94199944]
1,0.9977666139602661,[19.76900005  6.09500027 70.94199944]
2,0.9281139969825745,[ 3.76900005 24.09500027 62.94199944]
3,0.7099311947822571,[ 3.76900005 32.09500027 54.94199944]
4,0.5116167068481445,[19.76900005 36.09500027 46.94199944]
5,0.428573340177536,[ 5.76900005 28.09500027 42.94199944]
6,0.6279489398002625,[25.76900005 28.09500027 66.94199944]
7,0.4593632221221924,[21.76900005  6.09500027 40.94199944]
