,scores,centers
0,0.9990606904029846,[20.51099968 95.02700043 50.02000046]
1,0.9980185031890869,[24.51099968 77.02700043 42.02000046]
2,0.9924159049987793,[26.51099968 97.02700043 68.02000046]
