,scores,centers
0,0.9987807869911194,[-23.95999908  43.13999939  -6.88700104]
1,0.9862311482429504,[-3.95999908 57.13999939  9.11299896]
2,0.9814919829368591,[-25.95999908  61.13999939   5.11299896]
