,scores,centers
0,0.9960575103759766,[34.81299973 49.89999962 47.86899948]
1,0.9905052781105042,[46.81299973 43.89999962 51.86899948]
2,0.90317702293396,[48.81299973 43.89999962 43.86899948]
