,scores,centers
0,0.9994111061096191,[ 6.41600037 12.20299911 27.86000013]
1,0.9810065031051636,[12.41600037 22.20299911 15.86000013]
2,0.9843084216117859,[18.41600037 38.20299911 31.86000013]
3,0.8242261409759521,[-3.58399963 20.20299911 13.86000013]
