,scores,centers
0,0.9987442493438721,[86.64699936 69.27899933 22.29199982]
1,0.9967516660690308,[98.64699936 71.27899933  0.29199982]
2,0.9828782081604004,[58.64699936 59.27899933 -1.70800018]
3,0.5702255368232727,[102.64699936  53.27899933  18.29199982]
