,scores,centers
0,0.9975314140319824,[36.44499969 16.31699991 29.45899963]
1,0.9890291690826416,[28.44499969 16.31699991 17.45899963]
2,0.9423928260803223,[28.44499969 30.31699991 19.45899963]
3,0.8372992277145386,[18.44499969 24.31699991 11.45899963]
