,scores,centers
0,0.9979561567306519,[55.13899994 39.59899998  9.7140007 ]
1,0.9805700182914734,[33.13899994 31.59899998  9.7140007 ]
2,0.9734858274459839,[43.13899994 25.59899998  3.7140007 ]
3,0.9138999581336975,[21.13899994 29.59899998 19.7140007 ]
4,0.6475956439971924,[51.13899994 33.59899998 25.7140007 ]
