,scores,centers
0,0.9983047246932983,[41.46399975 19.6779995  27.42000008]
1,0.9704263806343079,[33.46399975 43.6779995  27.42000008]
2,0.9363242983818054,[25.46399975 13.6779995  15.42000008]
3,0.819072961807251,[29.46399975 31.6779995  31.42000008]
