,scores,centers
0,0.9997794032096863,[31.65600014 17.85499954 -0.75900078]
1,0.9914361834526062,[21.65600014  9.85499954 13.24099922]
2,0.9179331064224243,[13.65600014  1.85499954 -0.75900078]
3,0.9321109652519226,[21.65600014 13.85499954 13.24099922]
