,scores,centers
0,0.9990992546081543,[16.63599968 28.78299999 32.84599972]
1,0.9996719360351562,[ 8.63599968 26.78299999 12.84599972]
