,scores,centers
0,0.9995222091674805,[53.0529995  19.27999878 24.22599983]
1,0.9822204113006592,[45.0529995  13.27999878 10.22599983]
2,0.975946307182312,[49.0529995  -0.72000122 20.22599983]
3,0.9021586179733276,[55.0529995   9.27999878 32.22599983]
4,0.41112104058265686,[41.0529995  15.27999878 42.22599983]
