,scores,centers
0,0.9987008571624756,[ 4.66799927  5.33699799 -3.77199936]
1,0.9952057003974915,[12.66799927 -6.66300201 16.22800064]
