,scores,centers
0,0.9990389347076416,[21.59000015 36.57900047 34.91899967]
1,0.9894417524337769,[37.59000015 24.57900047 32.91899967]
2,0.9529310464859009,[27.59000015 40.57900047 46.91899967]
