,scores,centers
0,0.998879611492157,[14.7670002  30.88899994 14.13800049]
1,0.9984859824180603,[14.7670002  30.88899994 12.13800049]
