,scores,centers
0,0.9992283582687378,[  1.82299995 -19.58300018 -13.32899857]
1,0.998489499092102,[13.82299995 -7.58300018  4.67100143]
2,0.7431962490081787,[ 27.82299995   8.41699982 -15.32899857]
