,scores,centers
0,0.999043881893158,[26.01599979 38.5880003  84.55699921]
1,0.9826961755752563,[14.01599979 50.5880003  88.55699921]
2,0.9545632004737854,[26.01599979 50.5880003  76.55699921]
