,scores,centers
0,0.9991525411605835,[21.85900116 92.11399841 75.72499847]
1,0.9919782876968384,[17.85900116 80.11399841 59.72499847]
2,0.5690783858299255,[ 15.85900116 106.11399841  61.72499847]
3,0.4774286150932312,[ 9.85900116 88.11399841 53.72499847]
