,scores,centers
0,0.9954557418823242,[10.93099976  2.53700066 23.9640007 ]
1,0.9442204833030701,[22.93099976  8.53700066 25.9640007 ]
2,0.9562826752662659,[26.93099976 10.53700066 17.9640007 ]
3,0.8379115462303162,[30.93099976 -3.46299934 17.9640007 ]
4,0.8726111054420471,[  2.93099976 -11.46299934  23.9640007 ]
5,0.7228551506996155,[26.93099976 10.53700066  5.9640007 ]
6,0.5444420576095581,[16.93099976 12.53700066 17.9640007 ]
