,scores,centers
0,0.9993845224380493,[27.50600052 61.40800095 96.79699707]
1,0.9991388320922852,[ 19.50600052  61.40800095 114.79699707]
