,scores,centers
0,0.9987695813179016,[ 53.67900085 -12.00099945  -3.10400009]
1,0.9987300038337708,[ 71.67900085  -6.00099945 -19.10400009]
2,0.9887439012527466,[ 73.67900085  -8.00099945 -17.10400009]
