,scores,centers
0,0.9988565444946289,[-10.47399902  50.5529995   38.54300022]
1,0.9987263083457947,[ 3.52600098 52.5529995  12.54300022]
