,scores,centers
0,0.998315691947937,[13.73500061 39.65500069 16.41600037]
1,0.9935249090194702,[29.73500061 29.65500069 20.41600037]
