,scores,centers
0,0.9996401071548462,[53.45199966 44.86299992 44.81299973]
1,0.9997072815895081,[21.45199966 14.86299992 60.81299973]
