,scores,centers
0,0.9992996454238892,[20.6779995  94.9509964  49.89900017]
1,0.9978594183921814,[24.6779995  76.9509964  41.89900017]
2,0.9924610257148743,[26.6779995  96.9509964  67.89900017]
