,scores,centers
0,0.9994369149208069,[33.43799973  0.13400269 21.84300041]
1,0.9996243715286255,[11.43799973 12.13400269 35.84300041]
2,0.9861700534820557,[23.43799973 -9.86599731 41.84300041]
