,scores,centers
0,0.9992586970329285,[55.96100044 -2.9090004  -0.72999954]
1,0.9978710412979126,[ 33.96100044 -16.9090004   15.27000046]
