,scores,centers
0,0.9986756443977356,[56.77099991 44.5909996  -6.59799957]
