,scores,centers
0,0.9979294538497925,[38.74600029 19.49800014 42.00600052]
1,0.9966294169425964,[34.74600029 31.49800014 24.00600052]
2,0.9219621419906616,[40.74600029 25.49800014 -7.99399948]
