,scores,centers
0,0.9987422823905945,[11.80700016 80.93599987 39.58699989]
1,0.9986483454704285,[43.80700016 30.93599987 19.58699989]
2,0.9985804557800293,[67.80700016 52.93599987 61.58699989]
