,scores,centers
0,0.9990757703781128,[39.85499954  8.83799744 13.33699799]
1,0.998611330986023,[13.85499954  2.83799744 39.33699799]
2,0.9987795948982239,[15.85499954 -9.16200256 15.33699799]
