,scores,centers
0,0.9988614320755005,[  3.71500015 -11.8030014   85.43199921]
1,0.9985021352767944,[ 1.71500015 -9.8030014  87.43199921]
