,scores,centers
0,0.9993973970413208,[46.21899986 84.45999908 55.27200031]
1,0.9990419745445251,[20.21899986 96.45999908 45.27200031]
