,scores,centers
0,0.9991552829742432,[23.63599968 -7.02299881 10.06299973]
1,0.9908173084259033,[33.63599968 14.97700119 12.06299973]
2,0.9740899205207825,[21.63599968 16.97700119 12.06299973]
