,scores,centers
0,0.9996309280395508,[ 13.54599953   1.47100067 -23.41799927]
1,0.9989151954650879,[ 7.54599953 -2.52899933 -1.41799927]
