,scores,centers
0,0.9969404935836792,[22.17499924  4.95700073 20.00799942]
1,0.9964445233345032,[ 0.17499924 -5.04299927  0.00799942]
2,0.9907763600349426,[16.17499924 -5.04299927 24.00799942]
3,0.524612545967102,[ 4.17499924 -9.04299927 16.00799942]
