,scores,centers
0,0.9992307424545288,[ 21.95499992   7.14699936 -12.0909996 ]
1,0.9932416677474976,[ 35.95499992 -12.85300064 -12.0909996 ]
2,0.9862111806869507,[ 23.95499992 -16.85300064 -12.0909996 ]
