,scores,centers
0,0.9995132684707642,[69.08800125 49.4829998  17.18000031]
1,0.9973020553588867,[83.08800125 41.4829998  11.18000031]
