,scores,centers
0,0.9994919300079346,[46.34799957 44.44400024 11.10599899]
1,0.9958115816116333,[66.34799957 36.44400024  9.10599899]
