,scores,centers
0,0.9968487620353699,[21.1500001  19.94300079  7.9280014 ]
1,0.9891751408576965,[29.1500001  23.94300079 25.9280014 ]
2,0.9602513313293457,[19.1500001  21.94300079 31.9280014 ]
3,0.9187895059585571,[33.1500001  -2.05699921 11.9280014 ]
4,0.7146593928337097,[33.1500001   5.94300079 17.9280014 ]
5,0.5613042712211609,[33.1500001   9.94300079  5.9280014 ]
