,scores,centers
0,0.9998007416725159,[-10.33599854  28.31599998  38.9920001 ]
