,scores,centers
0,0.999294638633728,[-0.51099968 12.81299973 12.66399956]
1,0.9987164735794067,[13.48900032 12.81299973 30.66399956]
2,0.9984564781188965,[ 7.48900032  8.81299973 -5.33600044]
