,scores,centers
0,0.9989492297172546,[27.32800007 25.4829998  11.56200027]
1,0.9795075058937073,[17.32800007 13.4829998   7.56200027]
2,0.6128408908843994,[ 9.32800007 31.4829998  17.56200027]
