,scores,centers
0,0.9988521337509155,[22.8030014   4.08300018 52.95399857]
1,0.97906094789505,[ 6.8030014   8.08300018 64.95399857]
2,0.9868301749229431,[38.8030014  22.08300018 62.95399857]
3,0.8805387020111084,[16.8030014  22.08300018 74.95399857]
