,scores,centers
0,0.999565064907074,[ 39.34599972  13.00799942 136.20400238]
1,0.9995973706245422,[67.34599972  9.00799942 96.20400238]
