,scores,centers
0,0.9994968175888062,[-16.63100052  -9.95199966  24.17700005]
1,0.9992814660072327,[ 5.36899948  8.04800034 20.17700005]
