,scores,centers
0,0.998335063457489,[ 23.47900009  -8.06600189 -31.17700195]
1,0.5976998805999756,[ 23.47900009 -26.06600189 -37.17700195]
2,0.4557366669178009,[ 29.47900009 -28.06600189 -15.17700195]
