,scores,centers
0,0.9989446997642517,[ 99.89399719 -14.63499832  48.92700005]
1,0.998847484588623,[117.89399719 -22.63499832  36.92700005]
