,scores,centers
0,0.999031662940979,[ 6.97200012  8.37699986 28.1760006 ]
1,0.9978975057601929,[-3.02799988 28.37699986 10.1760006 ]
2,0.990155816078186,[-3.02799988  6.37699986 18.1760006 ]
