,scores,centers
0,0.9988002777099609,[27.92399979 28.4659996  14.36000061]
1,0.9946613907814026,[33.92399979 14.4659996  -3.63999939]
2,0.9922674298286438,[31.92399979 10.4659996  12.36000061]
3,0.7628092765808105,[45.92399979 30.4659996   6.36000061]
