,scores,centers
0,0.9985796213150024,[53.53899956  0.92700005 35.67700005]
1,0.9288604855537415,[43.53899956  2.92700005 31.67700005]
