,scores,centers
0,0.998863935470581,[ 66.64300156 -16.1780014   -8.53499985]
1,0.9805722236633301,[66.64300156 -0.1780014  -0.53499985]
2,0.9362109899520874,[70.64300156 -2.1780014  11.46500015]
3,0.8646398782730103,[ 52.64300156 -20.1780014   -0.53499985]
4,0.8998384475708008,[78.64300156 -2.1780014   3.46500015]
5,0.4786159098148346,[ 54.64300156 -26.1780014  -18.53499985]
6,0.43500542640686035,[58.64300156 -8.1780014   3.46500015]
