,scores,centers
0,0.9986082911491394,[ 9.23999977 35.92299986 23.49499893]
1,0.9906066656112671,[-4.76000023 27.92299986 11.49499893]
2,0.9879522919654846,[29.23999977 13.92299986  9.49499893]
