,scores,centers
0,0.9889798164367676,[ 39.88199997  28.34200001 -21.81499863]
1,0.9753798246383667,[61.88199997 22.34200001 -7.81499863]
2,0.9579823613166809,[45.88199997 10.34200001 -3.81499863]
3,0.8853113055229187,[47.88199997 24.34200001 -7.81499863]
