,scores,centers
0,0.9990491271018982,[ 3.69799995 20.56200027 49.89800072]
1,0.9986346364021301,[ 3.69799995 48.56200027 49.89800072]
