,scores,centers
0,0.9997311234474182,[  3.76499939  34.89099979 -16.83499908]
1,0.9978468418121338,[-2.23500061 14.89099979  3.16500092]
