,scores,centers
0,0.9983417987823486,[78.66600037 14.35499954  9.72999954]
1,0.9984429478645325,[56.66600037 24.35499954 31.72999954]
