,scores,centers
0,0.9994016885757446,[ 1.47399902  3.77999878 54.83300018]
1,0.9994363188743591,[ 9.47399902 11.77999878 32.83300018]
