,scores,centers
0,0.9929547905921936,[21.16399956  5.27600098 30.84000015]
1,0.8599458336830139,[25.16399956 19.27600098 44.84000015]
2,0.9015989899635315,[27.16399956 11.27600098 46.84000015]
3,0.8154218196868896,[15.16399956  3.27600098 50.84000015]
