,scores,centers
0,0.9994751811027527,[ 43.03100014 -15.92300034  73.6629982 ]
1,0.9954517483711243,[ 43.03100014 -27.92300034  81.6629982 ]
2,0.9801328182220459,[ 57.03100014 -21.92300034  97.6629982 ]
