,scores,centers
0,0.9945996999740601,[-16.04299927  19.83400011  42.31999969]
1,0.9926738142967224,[-4.29992676e-02  3.78340001e+01  4.83199997e+01]
2,0.9943749904632568,[-14.04299927  25.83400011  52.31999969]
3,0.934912919998169,[-2.04299927 19.83400011 54.31999969]
4,0.5775078535079956,[-2.04299927 25.83400011 32.31999969]
5,0.7673406600952148,[-2.04299927 23.83400011 34.31999969]
