,scores,centers
0,0.9971756935119629,[32.75300026 29.02000046 45.5170002 ]
1,0.9959885478019714,[38.75300026 23.02000046 29.5170002 ]
2,0.999578058719635,[22.75300026 -0.97999954 25.5170002 ]
3,0.9909853935241699,[46.75300026 43.02000046 47.5170002 ]
