,scores,centers
0,0.9842761754989624,[-23.47900009  63.04800034  51.01099968]
1,0.9861506819725037,[-17.47900009  61.04800034  41.01099968]
2,0.7268406748771667,[-35.47900009  63.04800034  37.01099968]
