,scores,centers
0,0.9991769194602966,[-16.17599869  16.12000084  55.75799942]
