,scores,centers
0,0.9996067881584167,[121.79599762 113.14700317  30.12800026]
1,0.9993367791175842,[127.79599762 113.14700317  96.12800026]
