,scores,centers
0,0.9996311664581299,[44.13500023 37.16399956 23.03299999]
1,0.9995502829551697,[16.13500023 19.16399956 31.03299999]
2,0.997731626033783,[40.13500023 19.16399956 21.03299999]
3,0.9880990386009216,[20.13500023 29.16399956 19.03299999]
