,scores,centers
0,0.9984825253486633,[36.37899971 14.33100033 29.5880003 ]
1,0.9866655468940735,[28.37899971 16.33100033 17.5880003 ]
2,0.8516245484352112,[18.37899971 24.33100033 11.5880003 ]
3,0.8859708905220032,[28.37899971 30.33100033 19.5880003 ]
4,0.7786732316017151,[24.37899971 14.33100033 27.5880003 ]
