,scores,centers
0,0.9982131719589233,[25.90699959 59.88100052 50.84500122]
1,0.9173814058303833,[15.90699959 53.88100052 42.84500122]
