,scores,centers
0,0.9986685514450073,[11.14500046  8.85099983 13.91499996]
1,0.9981179237365723,[39.14500046 10.85099983  9.91499996]
2,0.9488243460655212,[41.14500046 32.85099983 19.91499996]
3,0.8940086960792542,[15.14500046 -3.14900017 29.91499996]
