,scores,centers
0,0.999101996421814,[69.44200134 35.88500023 35.1970005 ]
