,scores,centers
0,0.9993463158607483,[30.35200024 73.41799927 41.47200012]
1,0.9987917542457581,[42.35200024 91.41799927 41.47200012]
