,scores,centers
0,0.9989200830459595,[ 12.89999962  49.19000053 -48.75      ]
1,0.8558512330055237,[ -5.10000038  45.19000053 -38.75      ]
2,0.7475643754005432,[ -3.10000038  47.19000053 -54.75      ]
3,0.8814601898193359,[  4.89999962  65.19000053 -52.75      ]
