,scores,centers
0,0.99201899766922,[-24.85599899   3.0530014    6.84000015]
1,0.983173668384552,[-8.85599899 11.0530014   8.84000015]
2,0.9640735387802124,[ 1.14400101 21.0530014  -5.15999985]
3,0.9149464964866638,[ 5.14400101  9.0530014  -1.15999985]
4,0.96435546875,[ 3.14400101 17.0530014   6.84000015]
