,scores,centers
0,0.9992820620536804,[ 9.54000092 33.28599977 26.79199982]
