,scores,centers
0,0.9988658428192139,[26.98600006  1.02899933  3.76600075]
1,0.9931378960609436,[28.98600006  1.02899933 25.76600075]
2,0.9653662443161011,[ 6.98600006  7.02899933 21.76600075]
3,0.634833574295044,[14.98600006 19.02899933 21.76600075]
