,scores,centers
0,0.9992208480834961,[25.99600029 30.2329998  27.8409996 ]
1,0.9966457486152649,[15.99600029 22.2329998  15.8409996 ]
2,0.9904834032058716,[35.99600029 36.2329998   9.8409996 ]
