,scores,centers
0,0.9994627833366394,[ 12.00399971   1.2159996  -10.03199959]
1,0.7274466156959534,[18.00399971  3.2159996  13.96800041]
