,scores,centers
0,0.9987958669662476,[15.1970005  -3.62100029 18.49100018]
1,0.9938276410102844,[21.1970005   2.37899971  4.49100018]
2,0.9109267592430115,[33.1970005  -5.62100029 18.49100018]
