,scores,centers
0,0.9991576671600342,[30.7140007   2.47700119 51.13700008]
