,scores,centers
0,0.9980714917182922,[27.77300072  6.11800003 22.62199974]
1,0.9524999260902405,[13.77300072 -3.88199997 28.62199974]
2,0.9198219776153564,[ 9.77300072  0.11800003 16.62199974]
3,0.8663558959960938,[ -4.22699928 -15.88199997  -1.37800026]
