,scores,centers
0,0.999445378780365,[43.65699959 -1.02000046  2.0870018 ]
1,0.9994114637374878,[ 33.65699959   6.97999954 -13.9129982 ]
