,scores,centers
0,0.9987465143203735,[12.3409996  13.72800064 27.32700014]
1,0.9990869760513306,[32.3409996  -4.27199936 27.32700014]
2,0.9979153275489807,[  8.3409996  -16.27199936  27.32700014]
