,scores,centers
0,0.9992701411247253,[16.01399994 18.18300056 31.43300009]
1,0.9909490942955017,[30.01399994 24.18300056 31.43300009]
2,0.9846906065940857,[26.01399994  0.18300056 33.43300009]
