,scores,centers
0,0.9998370409011841,[23.98699951 42.42700005 91.10400009]
1,0.9997813105583191,[45.98699951 70.42700005 63.10400009]
