,scores,centers
0,0.9994720816612244,[63.3429985  -2.81299973 23.09600067]
1,0.9980523586273193,[ 57.3429985  -14.81299973   3.09600067]
