,scores,centers
0,0.9994208812713623,[ 7.43399811 42.20800018 33.36700058]
1,0.9991539716720581,[-12.56600189  16.20800018  21.36700058]
2,0.998863697052002,[-16.56600189  56.20800018  65.36700058]
