,scores,centers
0,0.9949946403503418,[16.40700006 45.50699997 81.24900055]
1,0.9739481806755066,[22.40700006 45.50699997 77.24900055]
2,0.9896408915519714,[44.40700006 47.50699997 73.24900055]
3,0.9528815746307373,[32.40700006 49.50699997 87.24900055]
4,0.859345555305481,[36.40700006 55.50699997 75.24900055]
