,scores,centers
0,0.9991680383682251,[24.9920001  21.2329998  39.27900028]
1,0.9961217045783997,[34.9920001  13.2329998  61.27900028]
2,0.991378903388977,[26.9920001  21.2329998  77.27900028]
