,scores,centers
0,0.9995928406715393,[11.88899994 42.12099981 65.57699966]
1,0.9979027509689331,[33.88899994 46.12099981 63.57699966]
2,0.9867876768112183,[25.88899994 22.12099981 75.57699966]
3,0.6658737063407898,[13.88899994 22.12099981 59.57699966]
