,scores,centers
0,0.9995797276496887,[ 5.20000076 32.63100052 48.34300041]
1,0.964146077632904,[15.20000076 16.63100052 34.34300041]
