,scores,centers
0,0.9994780421257019,[35.99399996 37.32500076 10.06500053]
1,0.9918970465660095,[29.99399996 25.32500076 14.06500053]
2,0.5368446111679077,[25.99399996 31.32500076 26.06500053]
