,scores,centers
0,0.9990861415863037,[ 8.87100029 34.78700018 23.58600044]
1,0.9768618941307068,[10.87100029 18.78700018 21.58600044]
2,0.9257555603981018,[34.87100029 28.78700018 29.58600044]
