,scores,centers
0,0.9995262622833252,[36.97800016 30.65100002 57.71299934]
1,0.998027503490448,[34.97800016 60.65100002 69.71299934]
2,0.9943969249725342,[22.97800016 78.65100002 63.71299934]
