,scores,centers
0,0.9970423579216003,[-9.51499939 94.1989975  91.3030014 ]
1,0.9945439100265503,[ 8.48500061 96.1989975  75.3030014 ]
2,0.9589143991470337,[-13.51499939 100.1989975   81.3030014 ]
3,0.9505311846733093,[ -1.51499939 108.1989975   89.3030014 ]
