,scores,centers
0,0.9985355138778687,[12.20199966 17.35000038 18.3769989 ]
1,0.9961341619491577,[40.20199966  5.35000038 26.3769989 ]
