,scores,centers
0,0.9978612065315247,[-1.00099945 28.75       -0.90500069]
1,0.966903030872345,[12.99900055 28.75       -0.90500069]
2,0.9009429812431335,[10.99900055 20.75       -6.90500069]
