,scores,centers
0,0.999402642250061,[  70.77399826    8.43099976 -270.42800903]
1,0.9952966570854187,[  62.77399826   18.43099976 -278.42800903]
