,scores,centers
0,0.9989223480224609,[10.85499954 46.63099957 45.20700073]
1,0.999006450176239,[ 6.85499954 46.63099957 15.20700073]
