,scores,centers
0,0.9994179010391235,[ 56.09200001  41.89900017 -13.5340004 ]
1,0.99932861328125,[42.09200001 55.89900017 14.4659996 ]
