,scores,centers
0,0.999146580696106,[61.16199875 55.77700043 18.69300079]
1,0.9988875985145569,[73.16199875 41.77700043 36.69300079]
