,scores,centers
0,0.99859219789505,[25.18700027  2.50799942 11.49200058]
1,0.9869235157966614,[31.18700027 16.50799942 27.49200058]
2,0.994251012802124,[37.18700027  6.50799942 -2.50799942]
