,scores,centers
0,0.9990972280502319,[-4.18799973 30.72900009 25.92399979]
1,0.9992508292198181,[ 9.81200027 40.72900009  3.92399979]
2,0.984258770942688,[21.81200027 44.72900009 23.92399979]
3,0.6771798729896545,[-10.18799973  20.72900009   3.92399979]
