,scores,centers
0,0.9991518259048462,[ 23.81599998   7.11399841 -13.0909996 ]
1,0.997381865978241,[ 35.81599998 -14.88600159 -11.0909996 ]
