,scores,centers
0,0.9988034963607788,[32.3239994  24.48000002 22.73200035]
1,0.9975742697715759,[20.3239994  22.48000002 32.73200035]
2,0.9693903923034668,[16.3239994  32.48000002 38.73200035]
3,0.8515263795852661,[22.3239994  16.48000002 56.73200035]
4,0.8563782572746277,[44.3239994  16.48000002  8.73200035]
