,scores,centers
0,0.9994990825653076,[ 29.5999999   46.80200005 -11.68500137]
1,0.9524655342102051,[33.5999999  26.80200005  0.31499863]
2,0.8410396575927734,[33.5999999  60.80200005 -7.68500137]
