,scores,centers
0,0.9984897375106812,[19.44799995  3.66399956 12.30599976]
1,0.9988760352134705,[33.44799995 11.66399956 -5.69400024]
2,0.9911544322967529,[17.44799995  7.66399956 -3.69400024]
