,scores,centers
0,0.9994669556617737,[62.31900024 32.10700035 16.23200035]
1,0.998619556427002,[14.31900024 46.10700035 16.23200035]
2,0.9979938268661499,[38.31900024 40.10700035 24.23200035]
