,scores,centers
0,0.9983434677124023,[ 47.91099977  39.82699966 214.5269928 ]
1,0.9989399313926697,[ 29.91099977  49.82699966 194.5269928 ]
