,scores,centers
0,0.9994646906852722,[  3.5739975   13.27099991 -12.76800156]
1,0.9967160224914551,[29.5739975  -0.72900009 15.23199844]
