,scores,centers
0,0.999752938747406,[30.76399994 26.63799953 23.05299997]
1,0.9804176092147827,[10.76399994 36.63799953 23.05299997]
