,scores,centers
0,0.9986575841903687,[21.69099998 -0.84600067 50.35000038]
1,0.9992688298225403,[-2.30900002  7.15399933 58.35000038]
2,0.9653371572494507,[13.69099998  3.15399933 38.35000038]
