,scores,centers
0,0.9994889497756958,[ 16.8730011  -12.95500183  21.1989994 ]
1,0.9928929209709167,[18.8730011  13.04499817 19.1989994 ]
2,0.9943228960037231,[16.8730011   5.04499817 33.1989994 ]
3,0.9630372524261475,[ 0.8730011  11.04499817 25.1989994 ]
