,scores,centers
0,0.9979935884475708,[45.27799988 26.34000015 10.54100037]
1,0.9887477159500122,[27.27799988 48.34000015  6.54100037]
2,0.9756636619567871,[29.27799988 74.34000015  0.54100037]
3,0.9536741971969604,[21.27799988 66.34000015 14.54100037]
4,0.7828944325447083,[17.27799988 28.34000015 16.54100037]
