,scores,centers
0,0.9992910623550415,[41.59200001 42.50900078 42.07900047]
1,0.9986109733581543,[41.59200001 52.50900078 70.07900047]
