,scores,centers
0,0.9997090697288513,[99.09100342 24.01499939 33.71699905]
