,scores,centers
0,0.9972776770591736,[0.88199997 0.97800064 6.22599983]
1,0.997204601764679,[ 2.88199997  6.97800064 30.22599983]
2,0.9550126791000366,[20.88199997  6.97800064  4.22599983]
