,scores,centers
0,0.9376749396324158,[66.05500031 19.60999966 22.7579999 ]
1,0.7332121133804321,[74.05500031 19.60999966 16.7579999 ]
2,0.8434474468231201,[60.05500031  9.60999966 20.7579999 ]
3,0.5100535750389099,[56.05500031 19.60999966 28.7579999 ]
