,scores,centers
0,0.9996249675750732,[49.45499992  3.18399811 -8.52899933]
1,0.9939730763435364,[57.45499992  9.18399811 15.47100067]
2,0.9870756268501282,[35.45499992 -6.81600189  5.47100067]
3,0.8100257515907288,[35.45499992  9.18399811 11.47100067]
