,scores,centers
0,0.9958380460739136,[ 4.81700134 22.18499947 93.72600174]
1,0.9960538148880005,[ 6.81700134 16.18499947 93.72600174]
2,0.543877363204956,[ 4.81700134 28.18499947 79.72600174]
3,0.4102442264556885,[16.81700134 18.18499947 87.72600174]
4,0.6241654753684998,[14.81700134 28.18499947 85.72600174]
