,scores,centers
0,0.9985584616661072,[49.73699951  0.87899971 35.93400002]
1,0.993522584438324,[47.73699951  0.87899971 33.93400002]
2,0.472490519285202,[51.73699951  6.87899971 17.93400002]
3,0.6954934597015381,[35.73699951  2.87899971 25.93400002]
4,0.4895929992198944,[41.73699951 -7.12100029 15.93400002]
