,scores,centers
0,0.9986121654510498,[86.10399628 17.77900028 45.86300087]
1,0.9945348501205444,[108.10399628  29.77900028  43.86300087]
