,scores,centers
0,0.9997501969337463,[-16.65000153  31.71000004   2.00899887]
1,0.9996141195297241,[-18.65000153  29.71000004  14.00899887]
