,scores,centers
0,0.9985517859458923,[ 64.0890007   29.96500015 115.73600006]
1,0.9923251867294312,[ 52.0890007   27.96500015 121.73600006]
2,0.9620979428291321,[ 60.0890007    9.96500015 117.73600006]
3,0.9641904234886169,[ 56.0890007   29.96500015 105.73600006]
