,scores,centers
0,0.9995935559272766,[10.60400009 17.93199921  5.84199905]
1,0.9977656602859497,[18.60400009 17.93199921 19.84199905]
2,0.9731140732765198,[-9.39599991 27.93199921 19.84199905]
