,scores,centers
0,0.9987890124320984,[45.35000038  2.31200027 60.09899902]
