,scores,centers
0,0.9974743723869324,[ 9.47499847 -6.34400177  6.30999947]
1,0.9947368502616882,[-6.52500153  5.65599823 22.30999947]
2,0.9969063401222229,[ 27.47499847 -18.34400177  24.30999947]
3,0.9970101118087769,[-22.52500153 -10.34400177   6.30999947]
