,scores,centers
0,0.9984087347984314,[31.69499969 -1.29800034 19.88399982]
1,0.9932122230529785,[27.69499969 -1.29800034  7.88399982]
2,0.9917791485786438,[ 23.69499969 -13.29800034  17.88399982]
