,scores,centers
0,0.9994844198226929,[18.90600014 21.76499987 10.73999977]
1,0.9993021488189697,[48.90600014 35.76499987  0.73999977]
2,0.9943369030952454,[ 4.90600014 37.76499987 22.73999977]
