,scores,centers
0,0.9993597865104675,[27.70199966 31.01900101 19.08499908]
1,0.9996912479400635,[ 5.70199966 -2.98099899 19.08499908]
