,scores,centers
0,0.9959973096847534,[17.61299992 60.50500107 23.5719986 ]
1,0.9909324645996094,[13.61299992 40.50500107 11.5719986 ]
2,0.9850806593894958,[19.61299992 70.50500107  5.5719986 ]
