,scores,centers
0,0.9973540306091309,[-19.31800079   9.46199989  11.29699993]
1,0.9932934045791626,[-23.31800079  11.46199989   1.29699993]
2,0.9938803911209106,[-13.31800079  11.46199989  23.29699993]
3,0.6085152626037598,[-1.31800079 13.46199989 19.29699993]
4,0.6855311989784241,[-9.31800079 21.46199989 11.29699993]
