,scores,centers
0,0.9993300437927246,[42.63800049 39.20899963 42.98899841]
1,0.999439537525177,[-9.36199951  3.20899963 -5.01100159]
2,0.9977230429649353,[-7.36199951 45.20899963 54.98899841]
3,0.9980071187019348,[40.63800049 -6.79100037  8.98899841]
