,scores,centers
0,0.9995368719100952,[-18.41899872   7.34199905  16.70700073]
1,0.981780469417572,[-28.41899872  -6.65800095   0.70700073]
2,0.9857515692710876,[-26.41899872  -0.65800095 -11.29299927]
