,scores,centers
0,0.9995142221450806,[16.24100018 66.72999954 36.88999939]
1,0.9407654404640198,[34.24100018 72.72999954 44.88999939]
2,0.9217121005058289,[20.24100018 50.72999954 34.88999939]
3,0.856961190700531,[26.24100018 84.72999954 30.88999939]
4,0.8695314526557922,[28.24100018 68.72999954 52.88999939]
5,0.5498459339141846,[34.24100018 58.72999954 50.88999939]
