,scores,centers
0,0.9991400241851807,[77.70399857 76.08600044 97.66100311]
