,scores,centers
0,0.9985610842704773,[87.70599937 25.88399887  5.68199921]
1,0.9994035959243774,[49.70599937 25.88399887 15.68199921]
