,scores,centers
0,0.9990425705909729,[ 8.16300011 42.19099998 52.67500019]
1,0.9989926218986511,[22.16300011 22.19099998 46.67500019]
