,scores,centers
0,0.9992572665214539,[17.02299976 36.51399994 25.4289999 ]
1,0.9987849593162537,[31.02299976 60.51399994 47.4289999 ]
2,0.9976363182067871,[35.02299976 38.51399994 43.4289999 ]
3,0.9948996901512146,[11.02299976 44.51399994 45.4289999 ]
