,scores,centers
0,0.9996466636657715,[23.90600014 48.86299992 92.81700134]
1,0.9993159770965576,[ 65.90600014  58.86299992 150.81700134]
