,scores,centers
0,0.9996844530105591,[22.84399986 -4.68099976 52.1079998 ]
