,scores,centers
0,0.9997383952140808,[30.18999863  4.5039978  20.67199993]
1,0.9971147775650024,[28.18999863 22.5039978  30.67199993]
2,0.998604953289032,[14.18999863 22.5039978  12.67199993]
