,scores,centers
0,0.9986212253570557,[ -1.99799919  -3.9279995  -24.18099976]
1,0.9950546026229858,[ 2.00080872e-03 -1.92799950e+00 -8.18099976e+00]
2,0.8881763219833374,[-9.99799919 -7.9279995  -2.18099976]
3,0.6410934329032898,[  4.00200081  14.0720005  -14.18099976]
