,scores,centers
0,0.9993091821670532,[96.32699966 61.03300095  0.23899841]
1,0.9996389150619507,[62.32699966 75.03300095 12.23899841]
2,0.9613815546035767,[104.32699966  61.03300095   4.23899841]
