,scores,centers
0,0.9996970891952515,[18.17600012 29.36900043 31.50699997]
