,scores,centers
0,0.9994673132896423,[ 5.45199966  0.08499908 10.61999893]
1,0.9984031319618225,[15.45199966 12.08499908 24.61999893]
2,0.9993448853492737,[27.45199966 20.08499908 24.61999893]
3,0.6619120240211487,[ 3.45199966 22.08499908 34.61999893]
