,scores,centers
0,0.9887679219245911,[13.36199951 -2.04800034 27.82000017]
1,0.9918369650840759,[15.36199951  7.95199966 17.82000017]
2,0.966096043586731,[33.36199951  1.95199966 29.82000017]
3,0.6207484602928162,[ 21.36199951 -10.04800034  39.82000017]
4,0.47595739364624023,[27.36199951 -0.04800034 37.82000017]
