,scores,centers
0,0.9930798411369324,[46.48300171 28.50500011  0.20100021]
1,0.9887646436691284,[46.48300171 32.50500011  2.20100021]
