,scores,centers
0,0.9992048144340515,[14.95400238 31.02499962 21.48800087]
1,0.9991036057472229,[12.95400238 33.02499962 21.48800087]
