,scores,centers
0,0.9979450106620789,[77.25400162 61.64699936 95.43299866]
1,0.988295316696167,[ 95.25400162  83.64699936 105.43299866]
2,0.9931607246398926,[107.25400162 103.64699936 117.43299866]
