,scores,centers
0,0.9991067051887512,[20.03899956 16.44799995 39.9280014 ]
1,0.9930301308631897,[ 66.03899956  -1.55200005 -12.0719986 ]
