,scores,centers
0,0.9982492923736572,[ 8.17499924 11.36499977 35.08699989]
1,0.989967942237854,[-7.82500076  3.36499977 29.08699989]
2,0.9928683638572693,[20.17499924  1.36499977 27.08699989]
3,0.9821035265922546,[ 2.17499924 -8.63500023 43.08699989]
