,scores,centers
0,0.9991928935050964,[22.19499969 47.15999985 66.54700089]
1,0.9976189732551575,[24.19499969 15.15999985 58.54700089]
2,0.9982962012290955,[28.19499969 79.15999985 74.54700089]
