,scores,centers
0,0.9997344613075256,[ 12.10900116   3.27799988 -10.01100159]
1,0.9893775582313538,[ 6.10900116e+00  1.72779999e+01 -1.10015869e-02]
