,scores,centers
0,0.9994269609451294,[-11.4640007   16.69099998  30.15799999]
