,scores,centers
0,0.9991450309753418,[18.57900047 -4.25900269 11.74500275]
1,0.9907709360122681,[24.57900047 31.74099731 11.74500275]
2,0.9635046720504761,[ 20.57900047 -16.25900269  -0.25499725]
