,scores,centers
0,0.9968619346618652,[18.75899982 48.56399918 12.72000122]
1,0.7908488512039185,[10.75899982 44.56399918  6.72000122]
2,0.8539102673530579,[20.75899982 56.56399918  4.72000122]
