,scores,centers
0,0.9988051652908325,[52.67300034 22.3829999   4.81800079]
1,0.951679527759552,[60.67300034 26.3829999  16.81800079]
2,0.8546350598335266,[60.67300034 28.3829999  -5.18199921]
