,scores,centers
0,0.9997552037239075,[-6.00099945  0.18600082 10.8409996 ]
1,0.9881322979927063,[  5.99900055  -9.81399918 -11.1590004 ]
