,scores,centers
0,0.9993147850036621,[28.1500001  34.09700012 33.05900002]
