,scores,centers
0,0.9991528987884521,[98.24199677 69.375      -4.57099915]
1,0.9991052746772766,[96.24199677 45.375      23.42900085]
