,scores,centers
0,0.9996440410614014,[40.48900032 13.08699989 81.9640007 ]
1,0.9871612191200256,[28.48900032  7.08699989 93.9640007 ]
