,scores,centers
0,0.9989379048347473,[41.85700035  6.59900093  3.88299942]
1,0.9808777570724487,[23.85700035 -7.40099907 11.88299942]
2,0.9142299890518188,[39.85700035 18.59900093 15.88299942]
3,0.9818331003189087,[35.85700035 -9.40099907 21.88299942]
