,scores,centers
0,0.9995821118354797,[-20.56900024 -19.77899933 -15.5719986 ]
