,scores,centers
0,0.994835615158081,[ 1.91799927 23.95599985 25.73200035]
1,0.8499757647514343,[-6.08200073 13.95599985 13.73200035]
