,scores,centers
0,0.999680757522583,[-2.36000061 49.74099922 26.70100021]
1,0.9909899234771729,[ 7.63999939 33.74099922 20.70100021]
2,0.9735624194145203,[19.63999939 33.74099922 30.70100021]
3,0.5890738368034363,[ 1.63999939 39.74099922  4.70100021]
