,scores,centers
0,0.9990000128746033,[38.07800007 40.97599983 64.34999847]
1,0.9874885678291321,[22.07800007 54.97599983 70.34999847]
2,0.942905068397522,[38.07800007 60.97599983 66.34999847]
3,0.9607592225074768,[38.07800007 44.97599983 52.34999847]
4,0.7298781871795654,[46.07800007 48.97599983 72.34999847]
