,scores,centers
0,0.9996238946914673,[48.95599937 28.67999983 12.7159996 ]
1,0.9955536723136902,[54.95599937 26.67999983 32.7159996 ]
