,scores,centers
0,0.9991323351860046,[ 2.73099899  0.16300201 16.0890007 ]
1,0.9985595345497131,[14.73099899 26.16300201 24.0890007 ]
