,scores,centers
0,0.9986709356307983,[-16.50299835  34.75600052 -17.50699997]
1,0.9997512698173523,[-22.50299835  62.75600052 -17.50699997]
2,0.9996991157531738,[-26.50299835  14.75600052  -3.50699997]
