,scores,centers
0,0.9983090162277222,[-19.26399994 -21.57600021 -14.69900131]
1,0.9927652478218079,[-19.26399994 -17.57600021 -28.69900131]
2,0.8992156386375427,[-29.26399994 -31.57600021 -26.69900131]
