,scores,centers
0,0.9980195760726929,[53.4659996   1.20299911 36.19899988]
1,0.9930295348167419,[47.4659996   1.20299911 34.19899988]
