,scores,centers
0,0.9970988035202026,[66.27700043 36.0619998  30.12699986]
1,0.9962512850761414,[74.27700043 30.0619998  12.12699986]
2,0.922494649887085,[52.27700043 28.0619998  20.12699986]
3,0.7866191267967224,[50.27700043 38.0619998  12.12699986]
4,0.9757886528968811,[92.27700043 22.0619998  30.12699986]
