,scores,centers
0,0.9990983009338379,[  1.80800056 -16.9640007  -13.19100189]
1,0.9740087985992432,[ 27.80800056   9.0359993  -15.19100189]
