,scores,centers
0,0.9985137581825256,[-83.10600281   6.00299835 -54.82499695]
1,0.9991980195045471,[-93.10600281  12.00299835 -86.82499695]
