,scores,centers
0,0.9987045526504517,[-34.42499924  15.40999985  45.65999985]
1,0.9654762744903564,[-38.42499924   9.40999985  31.65999985]
2,0.9602493643760681,[-24.42499924  -0.59000015  29.65999985]
