,scores,centers
0,0.996860146522522,[ 5.74399948 -3.875      34.51599979]
1,0.9759867191314697,[-10.25600052   4.125       30.51599979]
2,0.9484519362449646,[-0.25600052  8.125      20.51599979]
