,scores,centers
0,0.9985963702201843,[15.34499931 21.59599972  7.13400078]
1,0.8036370873451233,[13.34499931 37.59599972 21.13400078]
2,0.5741127133369446,[21.34499931 27.59599972  9.13400078]
