,scores,centers
0,0.9983518123626709,[26.20199966 17.50600052 68.85800171]
1,0.9967798590660095,[18.20199966 23.50600052 76.85800171]
2,0.9226757287979126,[22.20199966 15.50600052 48.85800171]
3,0.8587546944618225,[34.20199966  1.50600052 64.85800171]
