,scores,centers
0,0.9995908141136169,[17.5        -4.42499924 21.04699993]
1,0.9936009049415588,[23.5        -4.42499924 33.04699993]
2,0.9459618330001831,[ 1.5         9.57500076 23.04699993]
