,scores,centers
0,0.9995514750480652,[27.00600004 26.35700035 72.99000168]
1,0.9885181188583374,[13.00600004 20.35700035 62.99000168]
