,scores,centers
0,0.9977530837059021,[19.76799965  2.01200104 36.41399956]
1,0.9878585338592529,[29.76799965 -5.98799896 32.41399956]
2,0.5806269645690918,[ 9.76799965  8.01200104 26.41399956]
