,scores,centers
0,0.9989088773727417,[ 27.6789999   16.11800003 -14.99900055]
1,0.9972923398017883,[ 35.6789999  -13.88199997 -12.99900055]
2,0.991804838180542,[11.6789999  -9.88199997 -0.99900055]
