,scores,centers
0,0.9959536790847778,[49.13199997 36.12699986 24.72500038]
1,0.9674540162086487,[55.13199997 40.12699986 12.72500038]
2,0.9751396775245667,[59.13199997 38.12699986 14.72500038]
3,0.9715319275856018,[53.13199997 22.12699986 22.72500038]
