,scores,centers
0,0.9989446997642517,[23.38399982 16.58699989 64.12900162]
1,0.9995067119598389,[27.38399982 48.58699989 76.12900162]
