,scores,centers
0,0.9989826083183289,[12.81200027 17.00500107 18.91799927]
1,0.9879631996154785,[ 2.81200027  3.00500107 24.91799927]
2,0.9623188972473145,[28.81200027  5.00500107 22.91799927]
3,0.9761161208152771,[24.81200027 11.00500107  4.91799927]
