,scores,centers
0,0.9991194605827332,[-9.20299911 15.70899963 -7.58300018]
1,0.9934565424919128,[ -3.20299911 -12.29100037 -15.58300018]
