,scores,centers
0,0.9992750287055969,[46.3560009  44.75800037 13.1079998 ]
1,0.9970148801803589,[66.3560009  34.75800037 13.1079998 ]
