,scores,centers
0,0.9986472725868225,[129.38199997 137.40100098  73.90699959]
1,0.9979415535926819,[ 91.38199997 119.40100098  79.90699959]
