,scores,centers
0,0.9994860887527466,[ 47.82799911  29.40499973 129.18499756]
1,0.9802415370941162,[ 53.82799911  41.40499973 145.18499756]
