,scores,centers
0,0.9988887906074524,[ 5.98200035 31.68300009 22.56399918]
1,0.9977536797523499,[ 3.98200035 31.68300009 22.56399918]
2,0.7246800661087036,[11.98200035 15.68300009 20.56399918]
