,scores,centers
0,0.9994296431541443,[-0.57900238  3.79100037 54.90999985]
1,0.9995143413543701,[11.42099762  9.79100037 32.90999985]
