,scores,centers
0,0.9989416003227234,[ 3.43000031 42.6760006  51.05699921]
1,0.9989787340164185,[-10.56999969   4.6760006   61.05699921]
