,scores,centers
0,0.9995049238204956,[29.82399988 23.97200012 44.81900024]
1,0.9600784778594971,[19.82399988 55.97200012 30.81900024]
