,scores,centers
0,0.9987518787384033,[61.02799988 42.28800011 22.4470005 ]
1,0.999291181564331,[61.02799988 16.28800011 12.4470005 ]
