,scores,centers
0,0.9996222257614136,[21.35099983 17.32499981 31.15299988]
1,0.9105114936828613,[21.35099983 13.32499981 37.15299988]
