,scores,centers
0,0.9994669556617737,[ -1.60099792   7.16400146 -11.32300186]
