,scores,centers
0,0.9993581175804138,[56.01399994 29.91899967 41.66899967]
1,0.9990334510803223,[54.01399994 67.91899967 61.66899967]
