,scores,centers
0,0.9996787309646606,[29.10700035 19.99700022 46.18499947]
1,0.9795171022415161,[19.10700035 25.99700022 56.18499947]
