,scores,centers
0,0.9775916934013367,[ 47.20299911  45.83699989 -29.04899597]
1,0.9815245270729065,[ 35.20299911  33.83699989 -45.04899597]
2,0.9890043139457703,[39.20299911 29.83699989 16.95100403]
3,0.9871633052825928,[45.20299911 41.83699989 38.95100403]
