,scores,centers
0,0.9802830219268799,[10.38000011 92.72000122 14.36299992]
1,0.9407278895378113,[18.38000011 94.72000122 10.36299992]
2,0.9833183288574219,[18.38000011 90.72000122 22.36299992]
3,0.9729137420654297,[30.38000011 88.72000122 20.36299992]
4,0.6844883561134338,[14.38000011 82.72000122 20.36299992]
