,scores,centers
0,0.9983980059623718,[36.54300022 39.14699984 40.79599762]
1,0.9984387755393982,[34.54300022 41.14699984 -5.20400238]
