,scores,centers
0,0.9869011044502258,[ 31.89400101 -53.81999969  31.97000027]
1,0.9421249628067017,[-12.10599899 -29.81999969  21.97000027]
2,0.6838909387588501,[ 47.89400101 -75.81999969  33.97000027]
3,0.8310538530349731,[ 53.89400101 -81.81999969  23.97000027]
4,0.7414980530738831,[ 13.89400101 -37.81999969  29.97000027]
5,0.4033827781677246,[-24.10599899 -23.81999969  25.97000027]
