,scores,centers
0,0.9980675578117371,[45.88800049 25.79000092 40.62400055]
1,0.9985652565956116,[25.88800049 53.79000092 70.62400055]
2,0.9968421459197998,[53.88800049 73.79000092  2.62400055]
