,scores,centers
0,0.9987457990646362,[80.4289999  20.91499996 10.10300064]
1,0.9992501139640808,[40.4289999  34.91499996  8.10300064]
2,0.9910364151000977,[46.4289999  28.91499996  8.10300064]
