,scores,centers
0,0.9992057681083679,[ 14.57900047 -13.54199982 -11.80899811]
1,0.9994437098503113,[20.57900047  8.45800018  2.19100189]
2,0.9988297820091248,[  6.57900047 -19.54199982 -27.80899811]
