,scores,centers
0,0.9995237588882446,[33.66699982 45.16500092 10.93900013]
