,scores,centers
0,0.9985119700431824,[110.69400024 -10.2480011   86.98400116]
1,0.9990363121032715,[140.69400024 -24.2480011   72.98400116]
2,0.9980024695396423,[154.69400024 -12.2480011   80.98400116]
