,scores,centers
0,0.9994804263114929,[19.51499939  1.6760006  16.17700005]
