,scores,centers
0,0.9988126754760742,[13.29899979 37.66900015 43.37800026]
1,0.9936619997024536,[ 3.29899979 39.66900015 23.37800026]
2,0.9982389211654663,[21.29899979 43.66900015 15.37800026]
