,scores,centers
0,0.9981106519699097,[ 8.47800064  9.19200134 25.76000023]
1,0.9981364011764526,[-5.52199936 29.19200134 11.76000023]
2,0.9740331172943115,[ 4.47800064  3.19200134 15.76000023]
3,0.9864615797996521,[ 6.47800064 17.19200134 39.76000023]
4,0.9333663582801819,[10.47800064 31.19200134 23.76000023]
