,scores,centers
0,0.999617338180542,[-2.01899719 32.29400015 20.71000004]
1,0.9860137701034546,[11.98100281 24.29400015 24.71000004]
