,scores,centers
0,0.9997410178184509,[113.31999969  31.21700001  14.52200031]
1,0.9996598958969116,[87.31999969 33.21700001 22.52200031]
2,0.9019619822502136,[59.31999969 43.21700001 30.52200031]
3,0.4103340208530426,[59.31999969 39.21700001 46.52200031]
