,scores,centers
0,0.9984399676322937,[20.62800026 47.82099915 25.22999954]
1,0.9945303797721863,[28.62800026 69.82099915 17.22999954]
2,0.9863176345825195,[16.62800026 23.82099915 19.22999954]
