,scores,centers
0,0.9987045526504517,[22.63700104 15.21899986 25.48099995]
