,scores,centers
0,0.9996739625930786,[ 6.05799866  5.88100052 14.42399979]
1,0.9995648264884949,[4.05799866 3.88100052 4.42399979]
