,scores,centers
0,0.998898983001709,[13.66100025 44.05500031  0.53800011]
1,0.9876638054847717,[15.66100025 38.05500031 26.53800011]
2,0.9654752612113953,[17.66100025 24.05500031 20.53800011]
3,0.932589590549469,[11.66100025 34.05500031 10.53800011]
