,scores,centers
0,0.9989857077598572,[90.64599991 32.43799973 25.57799911]
1,0.9996035695075989,[76.64599991 34.43799973 59.57799911]
