,scores,centers
0,0.9977526068687439,[  16.37199974  -85.65299988 -154.96200562]
1,0.9983293414115906,[  38.37199974 -111.65299988 -136.96200562]
