,scores,centers
0,0.9993987083435059,[ -7.94800186   0.20399857 -63.93099976]
1,0.9987226128578186,[  2.05199814 -11.79600143 -27.93099976]
