,scores,centers
0,0.9957470297813416,[30.49900055 -5.73699951 -2.57600021]
1,0.9708737134933472,[38.49900055 -9.73699951 23.42399979]
2,0.9833109378814697,[ 36.49900055 -11.73699951   9.42399979]
3,0.8475147485733032,[36.49900055  8.26300049 17.42399979]
