,scores,centers
0,0.9991108775138855,[22.14699936  6.33399963 20.90200043]
1,0.9963778853416443,[10.14699936 -7.66600037 22.90200043]
