,scores,centers
0,0.999264657497406,[-32.15699768  32.79400015  -3.41899872]
1,0.9994409680366516,[-42.15699768  38.79400015   8.58100128]
2,0.9984429478645325,[-42.15699768  24.79400015 -13.41899872]
