,scores,centers
0,0.9991408586502075,[ 1.95100021 43.52799988 50.86300087]
1,0.6089228987693787,[-12.04899979  45.52799988  60.86300087]
