,scores,centers
0,0.9986668825149536,[ 14.01200104 -33.54700089  11.92300034]
1,0.9982023239135742,[-21.98799896   0.45299911  17.92300034]
2,0.9829044938087463,[-31.98799896 -31.54700089  13.92300034]
