,scores,centers
0,0.9993606209754944,[ 50.61800003 -27.49399948   0.59000015]
1,0.9968254566192627,[ 34.61800003 -25.49399948  12.59000015]
2,0.7981690168380737,[ 18.61800003 -41.49399948  -1.40999985]
3,0.9801984429359436,[ 36.61800003 -21.49399948  16.59000015]
4,0.7042220234870911,[ 14.61800003 -25.49399948   0.59000015]
