,scores,centers
0,0.9996387958526611,[29.69699955  3.39900017 66.7859993 ]
1,0.9995706677436829,[29.69699955  1.39900017 68.7859993 ]
