,scores,centers
0,0.9992519021034241,[11.22700119 36.19399977 35.10900021]
1,0.9977904558181763,[25.22700119 20.19399977 15.10900021]
