,scores,centers
0,0.9992716908454895,[ 8.9109993  34.5170002  23.72999954]
1,0.9955560564994812,[26.9109993  12.5170002   9.72999954]
2,0.982340931892395,[-5.0890007  24.5170002  11.72999954]
3,0.938130795955658,[36.9109993  28.5170002  29.72999954]
