,scores,centers
0,0.9993897676467896,[22.19999981  1.10199738 21.56800079]
1,0.999488353729248,[22.19999981  1.10199738 19.56800079]
