,scores,centers
0,0.9997337460517883,[ 8.57699966 39.7159996   4.3030014 ]
1,0.9913363456726074,[28.57699966 33.7159996   8.3030014 ]
