,scores,centers
0,0.9997221827507019,[24.52299976 29.99800014 51.85499954]
1,0.997687816619873,[16.52299976 41.99800014 35.85499954]
2,0.9924680590629578,[28.52299976 45.99800014 73.85499954]
3,0.9869667887687683,[16.52299976 11.99800014 73.85499954]
4,0.992965579032898,[56.52299976 53.99800014 31.85499954]
