,scores,centers
0,0.9992185831069946,[ 17.33099937  49.42499924 -47.10600281]
1,0.9815042018890381,[ -4.66900063  43.42499924 -37.10600281]
2,0.9019488096237183,[ -8.66900063  41.42499924 -51.10600281]
