,scores,centers
0,0.9994133710861206,[ 5.84199905 15.19199944 77.23900032]
1,0.9995074272155762,[ 5.84199905 13.19199944  3.23900032]
2,0.9984737038612366,[-2.15800095 21.19199944 27.23900032]
