,scores,centers
0,0.9995019435882568,[22.72599983 10.46100044 76.02099991]
1,0.9995813965797424,[40.72599983 32.46100044 46.02099991]
2,0.9988943934440613,[12.72599983 30.46100044 58.02099991]
