,scores,centers
0,0.9991917014122009,[ 5.97999954 -2.59000015 15.83399963]
1,0.9305917620658875,[-14.02000046   5.40999985  21.83399963]
2,0.8554799556732178,[23.97999954  3.40999985 23.83399963]
