,scores,centers
0,0.9992305040359497,[33.89500046  2.0530014  -0.09499931]
1,0.9995562434196472,[11.89500046 12.0530014  11.90500069]
