,scores,centers
0,0.9993221759796143,[ 25.58699989  11.93099976 -12.90200043]
1,0.9984095692634583,[ 37.58699989 -12.06900024 -14.90200043]
2,0.9886027574539185,[  9.58699989 -10.06900024  -0.90200043]
