,scores,centers
0,0.9988549947738647,[23.55900002  2.91600037 11.47399902]
1,0.9906805157661438,[31.55900002 14.91600037 27.47399902]
2,0.982568085193634,[37.55900002  6.91600037 -2.52600098]
