,scores,centers
0,0.9990739822387695,[57.7159996  65.3920002  36.29899979]
1,0.9933579564094543,[59.7159996  41.3920002  40.29899979]
2,0.7186035513877869,[67.7159996  73.3920002  30.29899979]
