,scores,centers
0,0.9996465444564819,[19.99300003  3.70999908  3.56399918]
1,0.99962317943573,[19.99300003  3.70999908  1.56399918]
