,scores,centers
0,0.9993515610694885,[15.3920002   9.41600037 -3.67200089]
1,0.9986541271209717,[ -4.6079998  -10.58399963  -7.67200089]
2,0.9915810227394104,[ 25.3920002  -10.58399963   4.32799911]
