,scores,centers
0,0.9984484910964966,[38.26499987 35.90999985 26.39999962]
1,0.9982642531394958,[12.26499987 43.90999985 16.39999962]
2,0.998185932636261,[62.26499987 33.90999985 16.39999962]
3,0.5316054224967957,[58.26499987 27.90999985 28.39999962]
