,scores,centers
0,0.9993507266044617,[-0.43299866 22.50399971 73.73799896]
1,0.9987655878067017,[ 5.56700134 32.50399971 85.73799896]
