,scores,centers
0,0.9990599751472473,[ 8.20899963  8.27199936 26.07999992]
1,0.997969925403595,[-3.79100037 28.27199936 10.07999992]
