,scores,centers
0,0.9987601041793823,[22.39099884 16.54800034 60.82099915]
1,0.9993221759796143,[24.39099884 28.54800034 70.82099915]
2,0.9991052746772766,[ 2.39099884  0.54800034 54.82099915]
