,scores,centers
0,0.9993116855621338,[12.91600037 20.26499939  4.59000015]
1,0.9988604784011841,[ 8.91600037  4.26499939 28.59000015]
2,0.9953429698944092,[34.91600037 14.26499939 20.59000015]
