,scores,centers
0,0.9995928406715393,[14.92099953 78.36899948 25.94799995]
1,0.9051285982131958,[-3.07900047 76.36899948 13.94799995]
2,0.9783212542533875,[-7.07900047 64.36899948 13.94799995]
