,scores,centers
0,0.9988961219787598,[ 9.74600029 -3.34600067 41.64599991]
1,0.8949092626571655,[ 1.74600029  0.65399933 23.64599991]
