,scores,centers
0,0.9990317821502686,[33.75       38.76300001  0.12899971]
1,0.9968311190605164,[19.75       42.76300001 18.12899971]
