,scores,centers
0,0.9997580647468567,[27.74900055 -3.33800125 72.52199936]
1,0.999637246131897,[37.74900055  4.66199875 42.52199936]
