,scores,centers
0,0.9976646900177002,[27.76099968 47.67199993  8.73900032]
1,0.9638102054595947,[13.76099968 45.67199993 20.73900032]
2,0.9171848297119141,[ 7.76099968 23.67199993 22.73900032]
3,0.4023900032043457,[11.76099968 13.67199993 12.73900032]
