,scores,centers
0,0.9988107681274414,[  1.93999863 -19.20700073  17.45700073]
1,0.9989042282104492,[-14.06000137   8.79299927 -14.54299927]
2,0.9985935091972351,[-14.06000137 -17.20700073  -2.54299927]
