,scores,centers
0,0.999433696269989,[ 9.55599976 29.01399994 -1.5340004 ]
1,0.9995243549346924,[23.55599976  1.01399994 48.4659996 ]
2,0.998816967010498,[23.55599976 11.01399994 22.4659996 ]
