,scores,centers
0,0.9994358420372009,[22.92099953 79.20100021 14.24200058]
1,0.9993109703063965,[36.92099953 63.20100021 26.24200058]
