,scores,centers
0,0.998396098613739,[ 24.0739994    4.54800034 -14.42200089]
1,0.996753990650177,[ 36.0739994  -11.45199966 -14.42200089]
2,0.99250328540802,[12.0739994  -9.45199966 -0.42200089]
