,scores,centers
0,0.9973715543746948,[12.24100018 37.52199936 59.2689991 ]
1,0.9981693029403687,[20.24100018 41.52199936 43.2689991 ]
2,0.9797537922859192,[14.24100018 31.52199936 53.2689991 ]
3,0.9974357485771179,[28.24100018 45.52199936 75.2689991 ]
4,0.4801952838897705,[ 4.24100018 45.52199936 49.2689991 ]
