,scores,centers
0,0.9979822635650635,[67.87400055  7.55799866  9.25      ]
1,0.9905085563659668,[75.87400055 15.55799866 17.25      ]
2,0.8834923505783081,[95.87400055 17.55799866  7.25      ]
3,0.721567690372467,[85.87400055 19.55799866  1.25      ]
4,0.8462752103805542,[77.87400055 13.55799866 23.25      ]
