,scores,centers
0,0.9982837438583374,[11.40800095  9.78800011  1.22999954]
1,0.9972742199897766,[13.40800095 -6.21199989 11.22999954]
2,0.9629570841789246,[ 3.40800095 -2.21199989 19.22999954]
