,scores,centers
0,0.9984258413314819,[3.45199966 0.73999786 5.3730011 ]
1,0.9909022450447083,[  9.45199966 -11.26000214  13.3730011 ]
2,0.8667268753051758,[25.45199966  0.73999786  7.3730011 ]
3,0.7532370090484619,[ 3.45199966 10.73999786 17.3730011 ]
4,0.9448671340942383,[11.45199966 -5.26000214 -4.6269989 ]
