,scores,centers
0,0.9996196031570435,[18.19899988 29.43599987 31.56999969]
1,0.999510645866394,[18.19899988 29.43599987 29.56999969]
