,scores,centers
0,0.994458794593811,[ 0.6780014  17.68299961 14.72399998]
1,0.9934793710708618,[ 0.6780014  17.68299961 16.72399998]
2,0.42641955614089966,[10.6780014  21.68299961  8.72399998]
