,scores,centers
0,0.9954416751861572,[ -5.17300034   8.36299992 122.28299713]
1,0.9777737855911255,[-3.17300034 30.36299992 96.28299713]
2,0.9046671986579895,[  6.82699966  28.36299992 110.28299713]
3,0.7425335645675659,[ -5.17300034  12.36299992 110.28299713]
