,scores,centers
0,0.9989990592002869,[ 47.04400015  -0.59300041 -23.80799866]
1,0.9993867874145508,[27.04400015 19.40699959 -1.80799866]
