,scores,centers
0,0.9994187355041504,[53.81900024 87.04399967 26.78499985]
1,0.9996583461761475,[21.81900024 45.04399967 16.78499985]
