,scores,centers
0,0.9988592863082886,[35.83899975 14.47300005 27.81099987]
1,0.9674038290977478,[25.83899975 14.47300005 23.81099987]
2,0.9867168664932251,[25.83899975 14.47300005 25.81099987]
3,0.48616769909858704,[31.83899975 30.47300005 19.81099987]
4,0.794169008731842,[25.83899975 14.47300005 29.81099987]
