,scores,centers
0,0.9981681108474731,[ 34.53100014 -13.0719986   28.81999969]
1,0.9702121019363403,[ 24.53100014 -11.0719986   16.81999969]
2,0.8609476089477539,[18.53100014 -3.0719986  10.81999969]
3,0.8928083181381226,[26.53100014  2.9280014  20.81999969]
