,scores,centers
0,0.9930071830749512,[-7.3390007  13.56299973 28.56099987]
1,0.9918351173400879,[ 8.6609993   5.56299973 10.56099987]
2,0.98869389295578,[-1.3390007  11.56299973 18.56099987]
3,0.890929102897644,[12.6609993   1.56299973 28.56099987]
4,0.5104663968086243,[ 6.6609993  11.56299973 38.56099987]
