,scores,centers
0,0.9986263513565063,[28.6329999  31.58100033 27.39599991]
1,0.9946449995040894,[34.6329999  31.58100033 11.39599991]
