,scores,centers
0,0.9950357675552368,[21.72700119  7.79500008 25.23099995]
1,0.9953579306602478,[17.72700119 -2.20499992 35.23099995]
2,0.9934636950492859,[19.72700119  9.79500008  9.23099995]
3,0.7931437492370605,[13.72700119 -6.20499992 19.23099995]
4,0.5055161118507385,[27.72700119  1.79500008 15.23099995]
5,0.4464977979660034,[ 5.72700119 13.79500008 11.23099995]
