,scores,centers
0,0.9996697902679443,[-2.15499878 -4.54199982  7.63100052]
1,0.9993988275527954,[ 3.84500122 17.45800018 -6.36899948]
