,scores,centers
0,0.9978485107421875,[-0.22200012  2.66600037  5.41600037]
1,0.8104747533798218,[-6.22200012 -5.33399963 23.41600037]
