,scores,centers
0,0.9987437129020691,[34.3409996  18.52099991 10.36800003]
1,0.9785550236701965,[22.3409996   8.52099991  2.36800003]
2,0.8815598487854004,[32.3409996   2.52099991  8.36800003]
3,0.8310253024101257,[40.3409996  16.52099991 28.36800003]
4,0.4523630738258362,[40.3409996   6.52099991 16.36800003]
