,scores,centers
0,0.9993337988853455,[29.03300095 72.44100189 71.27099991]
1,0.9985793828964233,[-0.96699905  0.44100189 -2.72900009]
