,scores,centers
0,0.9945149421691895,[27.85900021 17.19299984 13.99600029]
1,0.9758180379867554,[31.85900021 23.19299984 21.99600029]
2,0.6089738607406616,[23.85900021 21.19299984 21.99600029]
