,scores,centers
0,0.9990799427032471,[12.28999996 44.20599937 15.77199936]
1,0.999303936958313,[62.28999996 32.20599937 15.77199936]
2,0.998172402381897,[38.28999996 36.20599937 25.77199936]
3,0.9787032008171082,[16.28999996 26.20599937 13.77199936]
