,scores,centers
0,0.9192067384719849,[  6.60899925 -18.13700104   9.25499916]
1,0.6655566692352295,[  0.60899925 -12.13700104   7.25499916]
2,0.6736190319061279,[ -1.39100075 -20.13700104 -10.74500084]
3,0.5085902810096741,[ -7.39100075 -26.13700104   1.25499916]
4,0.40843603014945984,[  6.60899925 -24.13700104  -4.74500084]
