,scores,centers
0,0.9982196688652039,[-31.32799911 -27.08200073  -0.82299805]
1,0.9990248680114746,[-15.32799911 -37.08200073  11.17700195]
2,0.9974251985549927,[ -7.32799911 -49.08200073  31.17700195]
