,scores,centers
0,0.9991239905357361,[-11.28699875  17.38800049  22.82400131]
1,0.9982120990753174,[-25.28699875   5.38800049   4.82400131]
2,0.9915466904640198,[-23.28699875   5.38800049  38.82400131]
