,scores,centers
0,0.9975787997245789,[-1.71899986 24.64400005 14.95400047]
1,0.9778623580932617,[12.28100014 20.64400005 -3.04599953]
2,0.9672247767448425,[ 4.28100014 34.64400005  4.95400047]
