,scores,centers
0,0.9951804876327515,[53.43000031  0.81800079 35.59200001]
1,0.9783717393875122,[47.43000031  2.81800079 31.59200001]
2,0.42175546288490295,[57.43000031  6.81800079 21.59200001]
3,0.6072840094566345,[35.43000031  2.81800079 27.59200001]
