,scores,centers
0,0.9985159039497375,[49.51499939 21.55100012 41.69899988]
