,scores,centers
0,0.999363124370575,[21.34899998 23.66599989 19.38299942]
1,0.9955726861953735,[ 7.34899998 33.66599989 -4.61700058]
