,scores,centers
0,0.9992579817771912,[10.54700089 15.88599968 15.77099991]
1,0.9975780844688416,[10.54700089 27.88599968  1.77099991]
2,0.9494214057922363,[ 8.54700089 29.88599968 21.77099991]
