,scores,centers
0,0.9925559163093567,[38.66300011 57.66200066 -3.14599991]
1,0.996698260307312,[36.66300011 51.66200066  8.85400009]
2,0.972416341304779,[44.66300011 57.66200066 10.85400009]
3,0.984647274017334,[52.66300011 49.66200066  2.85400009]
