,scores,centers
0,0.9995020627975464,[34.93900013 30.66799927 22.39900017]
