,scores,centers
0,0.9995856881141663,[59.11600113 36.72399998 10.08200073]
1,0.9996211528778076,[75.11600113 48.72399998 40.08200073]
