,scores,centers
0,0.9997619986534119,[ -0.23300171 -16.31700134  25.20499992]
1,0.9669504165649414,[ -4.23300171 -22.31700134  43.20499992]
