,scores,centers
0,0.9994887113571167,[-22.35599899 -62.4280014    9.51900101]
