,scores,centers
0,0.9994780421257019,[38.65399933 35.61299992 36.04799986]
