,scores,centers
0,0.9993327260017395,[ 0.625      15.21800041 16.67700005]
1,0.996002733707428,[20.625       9.21800041 14.67700005]
2,0.9911695718765259,[ 4.625       9.21800041 -7.32299995]
3,0.9565937519073486,[ 8.625      19.21800041 -5.32299995]
