,scores,centers
0,0.9994004964828491,[29.68099976  1.01199913 28.80800056]
1,0.9889487028121948,[19.68099976  3.01199913  4.80800056]
2,0.995415210723877,[23.68099976 15.01199913 20.80800056]
