,scores,centers
0,0.9987109899520874,[14.23699951  0.97000122  3.39899826]
