,scores,centers
0,0.9993367791175842,[13.15499878 27.06200027 98.16999817]
1,0.9982240796089172,[19.15499878 25.06200027 84.16999817]
