,scores,centers
0,0.9994925260543823,[20.46199989 -2.29400063 50.20299911]
