,scores,centers
0,0.9988896250724792,[16.82900047  5.27000046 23.54800034]
1,0.9182948470115662,[ 2.82900047 -8.72999954 17.54800034]
2,0.9709603190422058,[24.82900047 -0.72999954 13.54800034]
