,scores,centers
0,0.9991625547409058,[-4.21099854  4.41600037 13.09600067]
1,0.997904896736145,[ 3.78900146 -5.58399963  7.09600067]
2,0.9637274146080017,[-12.21099854   6.41600037  29.09600067]
3,0.6863790154457092,[ -8.21099854 -11.58399963   1.09600067]
