,scores,centers
0,0.9959728121757507,[51.34300041 22.21100044 41.90600014]
1,0.9939258694648743,[43.34300041 18.21100044 51.90600014]
2,0.902388870716095,[37.34300041  8.21100044 55.90600014]
3,0.8452082276344299,[43.34300041  4.21100044 47.90600014]
4,0.6367591619491577,[45.34300041 10.21100044 59.90600014]
5,0.55809485912323,[35.34300041 22.21100044 31.90600014]
6,0.40369734168052673,[31.34300041  8.21100044 39.90600014]
