,scores,centers
0,0.9991625547409058,[13.83399963 19.89699936  5.40100098]
