,scores,centers
0,0.9987909197807312,[-0.06299973 29.06699991 56.92499924]
1,0.7824138402938843,[ 5.93700027 45.06699991 50.92499924]
2,0.9527326226234436,[ 3.93700027 29.06699991 40.92499924]
3,0.8840726017951965,[11.93700027 29.06699991 76.92499924]
