,scores,centers
0,0.9986327290534973,[-26.46300125   3.85800171 -29.3769989 ]
1,0.9931249618530273,[-28.46300125  -8.14199829 -13.3769989 ]
2,0.9891468286514282,[-8.46300125 -4.14199829 -9.3769989 ]
3,0.9389669895172119,[-12.46300125  11.85800171 -15.3769989 ]
