,scores,centers
0,0.9997243285179138,[20.52299881 37.15399933  6.85299969]
1,0.9994414448738098,[12.52299881 13.15399933 34.85299969]
2,0.9940003156661987,[16.52299881 21.15399933 16.85299969]
