,scores,centers
0,0.9991377592086792,[-11.11100006  16.24800014  30.8760004 ]
1,0.9502920508384705,[-7.11100006 14.24800014 36.8760004 ]
2,0.9788605570793152,[-17.11100006  16.24800014  28.8760004 ]
