,scores,centers
0,0.9994972944259644,[-18.32699966 -33.65499878  21.19999981]
1,0.9929130673408508,[-12.32699966 -13.65499878  31.19999981]
