,scores,centers
0,0.9998973608016968,[  8.16300011 -25.14599991  37.3920002 ]
