,scores,centers
0,0.9986420273780823,[36.44799995 37.37899971 30.5710001 ]
