,scores,centers
0,0.9990150928497314,[ 16.03699875 -10.55400085  21.14099979]
1,0.9920452833175659,[20.03699875  5.44599915 31.14099979]
2,0.9824753999710083,[12.03699875 13.44599915 17.14099979]
