,scores,centers
0,0.9988448619842529,[ 5.92399979 -3.16399956 16.1619997 ]
1,0.9564774036407471,[25.92399979 -3.16399956 20.1619997 ]
2,0.6558195948600769,[-16.07600021   2.83600044  22.1619997 ]
3,0.7935388088226318,[11.92399979 -3.16399956 28.1619997 ]
4,0.482841819524765,[ 3.92399979  6.83600044 16.1619997 ]
