,scores,centers
0,0.9982890486717224,[ -1.61899948  28.66300011 -11.34300232]
1,0.9896090030670166,[ -7.61899948   8.66300011 -19.34300232]
2,0.9846481084823608,[10.38100052 18.66300011 -7.34300232]
3,0.711912214756012,[ 0.38100052 12.66300011  2.65699768]
