,scores,centers
0,0.9990567564964294,[11.07099915 17.07999992 10.3219986 ]
1,0.9974777102470398,[39.07099915 41.07999992 26.3219986 ]
