,scores,centers
0,0.9994953870773315,[43.19499969 40.8409996  19.23099899]
