,scores,centers
0,0.9996030926704407,[14.48099995 27.13500023  5.88500023]
1,0.9497893452644348,[ 8.48099995 23.13500023 11.88500023]
