,scores,centers
0,0.9995917677879333,[ 41.09600067 114.23199844  23.02400017]
