,scores,centers
0,0.9985036849975586,[36.68499947 17.7249999  23.90400028]
1,0.9760884046554565,[38.68499947 13.7249999   7.90400028]
2,0.9768815636634827,[34.68499947  9.7249999  35.90400028]
3,0.4659760594367981,[34.68499947 35.7249999  39.90400028]
