,scores,centers
0,0.9996405839920044,[31.15100002 32.8579998  14.19400024]
1,0.937631368637085,[19.15100002 56.8579998  34.19400024]
2,0.9225860238075256,[47.15100002 32.8579998  22.19400024]
3,0.6256350874900818,[33.15100002 54.8579998  36.19400024]
