,scores,centers
0,0.9991884827613831,[12.11199951  9.63700104 53.18900013]
1,0.9985759258270264,[36.11199951  7.63700104 35.18900013]
