,scores,centers
0,0.9918528199195862,[-3.73600006 33.15299988 16.75099945]
1,0.9848192930221558,[ 6.26399994 31.15299988 24.75099945]
2,0.6754316687583923,[ 2.26399994 31.15299988  2.75099945]
