,scores,centers
0,0.9992903470993042,[-2.7480011  -6.70999908 17.77099991]
1,0.99916672706604,[ 9.2519989   5.29000092 19.77099991]
