,scores,centers
0,0.9995550513267517,[-46.85299683  70.36999893  -6.86599922]
1,0.9994950294494629,[-48.85299683  70.36999893  -6.86599922]
2,0.5456490516662598,[-32.85299683  64.36999893  -2.86599922]
