,scores,centers
0,0.9973931312561035,[28.25299978 17.06400013 13.67300034]
1,0.9875489473342896,[32.25299978 25.06400013 23.67300034]
2,0.8315558433532715,[14.25299978 25.06400013 21.67300034]
