,scores,centers
0,0.9980555772781372,[49.28099823 21.1079998   3.2329998 ]
1,0.8609110713005066,[65.28099823 25.1079998   3.2329998 ]
2,0.8608213663101196,[41.28099823 29.1079998  -8.7670002 ]
