,scores,centers
0,0.9977518916130066,[27.37100029 16.01900005 19.73099899]
1,0.9931929707527161,[39.37100029  8.01900005 -2.26900101]
2,0.9794113039970398,[3.33710003e+01 1.90000534e-02 7.73099899e+00]
