,scores,centers
0,0.998814582824707,[13.70899963 45.74600029  0.70199966]
1,0.9868898391723633,[15.70899963 37.74600029 26.70199966]
2,0.8125168085098267,[ 9.70899963 33.74600029  8.70199966]
