,scores,centers
0,0.9988007545471191,[ 22.65299988 -10.2140007  -26.20199966]
1,0.9962437152862549,[ 52.65299988 -28.2140007   31.79800034]
2,0.9985547661781311,[-9.34700012 13.7859993  37.79800034]
