,scores,centers
0,0.9992634654045105,[42.74799919 44.23099995 11.11800003]
1,0.998104453086853,[64.74799919 34.23099995 13.11800003]
2,0.6952816843986511,[72.74799919 50.23099995  3.11800003]
