,scores,centers
0,0.9994438290596008,[30.81699991 56.88699913 85.2820015 ]
1,0.9972752928733826,[42.81699991 38.88699913 75.2820015 ]
