,scores,centers
0,0.9988499879837036,[-6.83000183 37.51100016  0.95700073]
1,0.9986538887023926,[ 13.16999817  25.51100016 -23.04299927]
2,0.998400866985321,[ 31.16999817  35.51100016 -31.04299927]
