,scores,centers
0,0.9993603825569153,[ 32.68000031 121.5530014   27.01099968]
