,scores,centers
0,0.9990254640579224,[  1.8409996  -16.88199997 -13.11299896]
1,0.9720640182495117,[ 27.8409996    9.11800003 -15.11299896]
