,scores,centers
0,0.9947001934051514,[79.94800186 46.65399933 39.27400017]
1,0.9672581553459167,[87.94800186 64.65399933 41.27400017]
2,0.9802307486534119,[73.94800186 54.65399933 29.27400017]
3,0.9749318361282349,[81.94800186 62.65399933 21.27400017]
4,0.7269912362098694,[79.94800186 62.65399933 17.27400017]
