,scores,centers
0,0.9987296462059021,[ 12.79400063 -12.42200089  14.08199978]
1,0.9850789308547974,[6.79400063 5.57799911 6.08199978]
