,scores,centers
0,0.9985083937644958,[56.0250001  39.96400023  9.40999985]
1,0.9939743876457214,[34.0250001  31.96400023  9.40999985]
2,0.9676305651664734,[44.0250001  23.96400023  3.40999985]
3,0.918407142162323,[42.0250001  27.96400023 25.40999985]
4,0.7106462717056274,[22.0250001  31.96400023 19.40999985]
5,0.8184053301811218,[56.0250001  27.96400023 -4.59000015]
6,0.6369673609733582,[44.0250001  17.96400023 17.40999985]
