,scores,centers
0,0.9993813037872314,[ 6.88399887 26.13999939 28.69499969]
1,0.8770285844802856,[10.88399887 16.13999939 16.69499969]
2,0.7389483451843262,[ 0.88399887 16.13999939 34.69499969]
3,0.9505593180656433,[18.88399887 26.13999939 44.69499969]
4,0.7493342161178589,[18.88399887 38.13999939 38.69499969]
5,0.7529114484786987,[ 2.88399887  6.13999939 24.69499969]
6,0.5436089038848877,[24.88399887 18.13999939 34.69499969]
