,scores,centers
0,0.9990010857582092,[51.0369997  -0.81100082 22.16499996]
1,0.9984418749809265,[73.0369997   9.18899918 16.16499996]
2,0.9970629811286926,[27.0369997   7.18899918 18.16499996]
