,scores,centers
0,0.9995112419128418,[-52.28700256   1.02799988 129.24900055]
