,scores,centers
0,0.9996834993362427,[-2.12400055  3.41899872 41.77899933]
