,scores,centers
0,0.9981866478919983,[ 3.03300095  7.54000092 16.12100029]
1,0.9982587695121765,[ 3.03300095  7.54000092 14.12100029]
