,scores,centers
0,0.9979421496391296,[37.86999989  5.13400269 -6.28800011]
1,0.9807925820350647,[49.86999989  1.13400269 11.71199989]
