,scores,centers
0,0.9990742206573486,[22.08500004 26.58199978 34.99499989]
1,0.9964309930801392,[38.08500004 28.58199978 22.99499989]
2,0.9890411496162415,[38.08500004 48.58199978 34.99499989]
