,scores,centers
0,0.9945896863937378,[31.3390007   3.0909996  28.79399967]
1,0.9818108677864075,[21.3390007  11.0909996  28.79399967]
2,0.986752986907959,[33.3390007  -6.9090004  42.79399967]
3,0.7647070288658142,[23.3390007   3.0909996  46.79399967]
4,0.4705512821674347,[ 19.3390007  -10.9090004   28.79399967]
5,0.4197593331336975,[13.3390007  -6.9090004  20.79399967]
