,scores,centers
0,0.9975636005401611,[29.13199997  1.50900078 47.82699966]
1,0.9984467625617981,[31.13199997  1.50900078 47.82699966]
2,0.6990560293197632,[17.13199997 -4.49099922 47.82699966]
