,scores,centers
0,0.9821763634681702,[ 5.375      17.33399963 25.36999989]
1,0.9829203486442566,[17.375       9.33399963 25.36999989]
2,0.9102910757064819,[19.375      27.33399963 23.36999989]
3,0.8222621083259583,[17.375      15.33399963 33.36999989]
