,scores,centers
0,0.9985398054122925,[ 0.7140007  15.50099945 14.88899994]
1,0.9952917098999023,[ 0.7140007  11.50099945 14.88899994]
