,scores,centers
0,0.9978989362716675,[-4.31399918  0.04500008 12.98500061]
1,0.9974973797798157,[ 5.68600082 -5.95499992  6.98500061]
2,0.9672456383705139,[ 3.68600082 -3.95499992 22.98500061]
3,0.9500038623809814,[-16.31399918  -9.95499992  32.98500061]
4,0.9003453850746155,[-10.31399918   4.04500008  28.98500061]
5,0.6037627458572388,[-20.31399918  -3.95499992   4.98500061]
