,scores,centers
0,0.9994696974754333,[ 5.06299973 16.84200001 20.87400055]
1,0.9297275543212891,[19.06299973 26.84200001 -3.12599945]
2,0.8177785277366638,[ 9.06299973 30.84200001 -3.12599945]
