,scores,centers
0,0.9977250695228577,[ 7.52000046  6.77899933 12.91600037]
1,0.9949980974197388,[ 7.52000046  6.77899933 14.91600037]
2,0.7294403910636902,[ 3.52000046 -3.22100067 20.91600037]
