,scores,centers
0,0.9990106821060181,[-40.48999786  -2.18299866 -36.6740036 ]
