,scores,centers
0,0.9993171691894531,[ 40.8210001   45.04599953 124.59500122]
1,0.9973861575126648,[ 42.8210001   71.04599953 122.59500122]
2,0.936704158782959,[ 30.8210001   39.04599953 116.59500122]
