,scores,centers
0,0.9965959191322327,[15.95600128  9.90299988 12.51399994]
1,0.9992030262947083,[11.95600128 37.90299988 18.51399994]
2,0.9994233846664429,[31.95600128 -4.09700012  2.51399994]
