,scores,centers
0,0.9994713664054871,[17.76399994 59.22000122 24.85499954]
1,0.9990801811218262,[19.76399994 67.22000122 44.85499954]
