,scores,centers
0,0.9993601441383362,[28.14400101 21.99399948 45.88199997]
1,0.9994205236434937,[12.14400101 29.99399948 11.88199997]
