,scores,centers
0,0.999351441860199,[62.4109993  24.03100014  9.63899994]
1,0.9980860948562622,[82.4109993  16.03100014  7.63899994]
