,scores,centers
0,0.9994112253189087,[23.40499878 63.72799969 20.30599976]
1,0.9992246627807617,[53.40499878 49.72799969 32.30599976]
