,scores,centers
0,0.9987805485725403,[54.45299911 52.2329998  -3.83599854]
1,0.9980050921440125,[50.45299911 48.2329998  20.16400146]
2,0.9932727813720703,[ 78.45299911  36.2329998  -17.83599854]
3,0.9832265973091125,[54.45299911 62.2329998  36.16400146]
