,scores,centers
0,0.9993292093276978,[102.11199951   5.64400101   2.51600075]
1,0.9945849776268005,[92.11199951 13.64400101 18.51600075]
