,scores,centers
0,0.9989433884620667,[-3.4090004  -4.31500053 39.69400024]
1,0.9886150360107422,[-3.4090004  15.68499947 27.69400024]
2,0.9738349914550781,[ 6.5909996   7.68499947 53.69400024]
