,scores,centers
0,0.9996752738952637,[ 9.79599762 17.30099869 37.77400017]
1,0.9991859793663025,[11.79599762  9.30099869 55.77400017]
2,0.9441879987716675,[31.79599762 13.30099869 33.77400017]
3,0.875918447971344,[23.79599762 13.30099869 19.77400017]
4,0.8672815561294556,[-16.20400238   9.30099869  45.77400017]
5,0.8469991087913513,[-14.20400238  21.30099869  45.77400017]
