,scores,centers
0,0.9993224143981934,[-31.66400146 -25.73699951  19.50899887]
1,0.9997681975364685,[-17.66400146  -5.73699951   7.50899887]
2,0.9591584801673889,[ -1.66400146 -21.73699951  11.50899887]
