,scores,centers
0,0.9997277855873108,[38.64900017 22.97099972 66.24599838]
1,0.9985799789428711,[24.64900017 44.97099972 76.24599838]
2,0.9938933253288269,[ 8.64900017 64.97099972 70.24599838]
