,scores,centers
0,0.9992307424545288,[48.52999878 33.74199963  5.03499985]
