,scores,centers
0,0.9990692734718323,[13.10099983 20.23900032  5.15100098]
1,0.9983190894126892,[11.10099983  8.23900032 25.15100098]
