,scores,centers
0,0.9985429048538208,[ 98.6780014   14.30500031 -42.97799683]
1,0.989926815032959,[110.6780014    8.30500031 -48.97799683]
2,0.9750542044639587,[ 98.6780014    8.30500031 -62.97799683]
3,0.5321727991104126,[102.6780014   24.30500031 -62.97799683]
