,scores,centers
0,0.998382568359375,[26.90100098 43.89699936 29.02699995]
1,0.9989339709281921,[20.90100098 39.89699936 45.02699995]
2,0.7074133157730103,[40.90100098 39.89699936 15.02699995]
3,0.8199964761734009,[ 6.90100098 31.89699936 57.02699995]
