,scores,centers
0,0.9982574582099915,[3.70300007 1.01799774 5.46199989]
1,0.9882850646972656,[ 11.70300007 -12.98200226   9.46199989]
2,0.9165663719177246,[29.70300007 -2.98200226 13.46199989]
