,scores,centers
0,0.9996596574783325,[49.84900093 30.67500019 12.18299866]
1,0.9992423057556152,[69.84900093 56.67500019 44.18299866]
