,scores,centers
0,0.9994094371795654,[27.24499989 36.53000069 37.55400085]
1,0.9994198083877563,[41.24499989 84.53000069 81.55400085]
2,0.9792481660842896,[ 31.24499989  86.53000069 103.55400085]
3,0.9785565137863159,[17.24499989 38.53000069 59.55400085]
