,scores,centers
0,0.9991294741630554,[59.31999969 55.9109993  18.76200104]
1,0.9979490637779236,[73.31999969 43.9109993  36.76200104]
2,0.9957166314125061,[83.31999969 41.9109993  18.76200104]
