,scores,centers
0,0.9995713829994202,[21.34700012 74.54999924  9.88999939]
1,0.9986971020698547,[51.34700012 64.54999924 15.88999939]
2,0.9865195751190186,[37.34700012 80.54999924 19.88999939]
