,scores,centers
0,0.9996167421340942,[ 11.99600029 119.76900101   8.71700287]
1,0.9997827410697937,[  7.99600029  91.76900101 -35.28299713]
2,0.9989745616912842,[  7.99600029 121.76900101 -33.28299713]
