,scores,centers
0,0.9996144771575928,[11.38500023 19.44900131 42.81400013]
1,0.9988792538642883,[13.38500023  9.44900131 54.81400013]
2,0.9785544276237488,[23.38500023  1.44900131 36.81400013]
3,0.8292982578277588,[-8.61499977 21.44900131 46.81400013]
4,0.8618373870849609,[23.38500023 11.44900131 20.81400013]
5,0.7733811140060425,[-10.61499977   3.44900131  40.81400013]
