,scores,centers
0,0.9987340569496155,[23.21500015 85.07600021 44.4289999 ]
1,0.9991987347602844,[45.21500015 97.07600021 36.4289999 ]
2,0.9992308616638184,[ 3.21500015 95.07600021 36.4289999 ]
3,0.9990549683570862,[ 25.21500015 105.07600021  46.4289999 ]
