,scores,centers
0,0.9983876943588257,[53.73800087  0.91200066 36.1170001 ]
1,0.9610418081283569,[39.73800087 -1.08799934 26.1170001 ]
2,0.7379193305969238,[61.73800087 10.91200066 38.1170001 ]
3,0.4832201600074768,[45.73800087 18.91200066 22.1170001 ]
4,0.4222716987133026,[41.73800087 -7.08799934 16.1170001 ]
