,scores,centers
0,0.9974950551986694,[45.46999931 57.98600006 10.7329998 ]
1,0.9972643852233887,[77.46999931 17.98600006 32.7329998 ]
2,0.9986361861228943,[59.46999931 41.98600006 26.7329998 ]
3,0.8758885264396667,[87.46999931 33.98600006 46.7329998 ]
