,scores,centers
0,0.9998325109481812,[23.98699951 41.64599991 92.49399948]
1,0.9997329115867615,[45.98699951 69.64599991 62.49399948]
