,scores,centers
0,0.9994568228721619,[ 1.6609993   3.63899994 54.89400005]
