,scores,centers
0,0.9983981251716614,[-4.20299911  3.95599937 13.12100029]
1,0.9979373216629028,[ 3.79700089 -6.04400063  7.12100029]
2,0.9530932307243347,[ 3.79700089 -2.04400063 23.12100029]
3,0.9788317680358887,[-14.20299911   5.95599937  29.12100029]
4,0.4353239834308624,[-8.20299911 -6.04400063 33.12100029]
