,scores,centers
0,0.9993357062339783,[25.74800014  6.36499977 10.55500031]
