,scores,centers
0,0.9992626309394836,[-5.66300201 90.81100082 63.87799978]
1,0.9993973970413208,[-45.66300201 100.81100082  35.87799978]
