,scores,centers
0,0.9991748929023743,[11.16399956 34.67700005 22.42000008]
1,0.9835099577903748,[-4.83600044 26.67700005 10.42000008]
2,0.9905303120613098,[27.16399956 14.67700005 10.42000008]
