,scores,centers
0,0.9973764419555664,[13.14900017 56.63199997 53.28300095]
1,0.9985460042953491,[29.14900017 42.63199997 63.28300095]
2,0.9030043482780457,[ 1.14900017 70.63199997 39.28300095]
3,0.49013960361480713,[ 7.14900017 82.63199997 51.28300095]
