,scores,centers
0,0.9991152882575989,[30.47700119  1.58600044 50.90699959]
