,scores,centers
0,0.9993427395820618,[ 17.39999962 -13.35499954  23.39500046]
1,0.9927737712860107,[23.39999962  8.64500046 33.39500046]
