,scores,centers
0,0.9982439279556274,[-24.17499924  -6.09500122  -9.21099854]
1,0.9977327585220337,[-20.17499924   7.90499878 -13.21099854]
