,scores,centers
0,0.9923242330551147,[39.6060009  92.8429985  76.87400055]
1,0.9372925162315369,[49.6060009  86.8429985  70.87400055]
2,0.9196638464927673,[49.6060009  90.8429985  90.87400055]
3,0.8148312568664551,[55.6060009  76.8429985  88.87400055]
4,0.6242445707321167,[57.6060009  84.8429985  82.87400055]
5,0.5430335998535156,[51.6060009  68.8429985  72.87400055]
