,scores,centers
0,0.9974574446678162,[27.16699982 86.02099991 90.29100037]
1,0.9850316047668457,[31.16699982 66.02099991 76.29100037]
2,0.9010999798774719,[ 11.16699982 104.02099991  84.29100037]
