,scores,centers
0,0.9982959628105164,[22.52799988 -6.22900009 42.38199997]
1,0.9973524808883667,[-11.47200012  -0.22900009  10.38199997]
2,0.9978378415107727,[ 6.52799988 11.77099991 20.38199997]
