,scores,centers
0,0.9992589354515076,[16.53600025 12.14999962 37.5       ]
1,0.8641229271888733,[ 36.53600025 -15.85000038  31.5       ]
2,0.9970898628234863,[32.53600025  2.14999962 39.5       ]
