,scores,centers
0,0.999058187007904,[24.45000076 24.60200119 29.02400017]
