,scores,centers
0,0.9986318945884705,[11.98099995 25.34799957  7.51300049]
1,0.9881026148796082,[17.98099995 15.34799957  3.51300049]
