,scores,centers
0,0.9983925223350525,[54.32500076 19.01999998 -1.63999939]
1,0.9832685589790344,[64.32500076 33.01999998 -1.63999939]
2,0.9753260612487793,[48.32500076 37.01999998  6.36000061]
