,scores,centers
0,0.9992434978485107,[ 6.67700195 48.48499966  4.93000031]
1,0.9990567564964294,[-5.32299805 38.48499966  8.93000031]
2,0.9850795269012451,[-5.32299805 56.48499966 10.93000031]
3,0.9736306667327881,[-11.32299805  40.48499966  32.93000031]
4,0.7184003591537476,[-7.32299805 46.48499966 -9.06999969]
5,0.7782402634620667,[-9.32299805 26.48499966 10.93000031]
6,0.8293991684913635,[-7.32299805 24.48499966 14.93000031]
