,scores,centers
0,0.9994437098503113,[-22.07899857 164.1519928   23.35500002]
1,0.9915986061096191,[-22.07899857 192.1519928   15.35500002]
