,scores,centers
0,0.9991552829742432,[  8.68399811 -11.62799835  32.60700035]
1,0.9976219534873962,[ 12.68399811 -19.62799835  54.60700035]
