,scores,centers
0,0.9993189573287964,[20.61899948 95.02600098 50.13599968]
1,0.9984194040298462,[24.61899948 79.02600098 40.13599968]
