,scores,centers
0,0.9983396530151367,[53.49099922  1.04000092 35.78599977]
1,0.9852945804595947,[47.49099922  3.04000092 31.78599977]
2,0.46207940578460693,[59.49099922  3.04000092 35.78599977]
