,scores,centers
0,0.9849041700363159,[114.02799988  61.83500004   7.26399994]
1,0.9946597218513489,[100.02799988  71.83500004  21.26399994]
2,0.9945985078811646,[96.02799988 37.83500004 55.26399994]
3,0.9766859412193298,[80.02799988 43.83500004 49.26399994]
4,0.4936751425266266,[88.02799988 37.83500004 39.26399994]
5,0.7826242446899414,[96.02799988 17.83500004 57.26399994]
