,scores,centers
0,0.9996896982192993,[ 9.77799988 51.12800026 14.91900063]
1,0.9997789263725281,[41.77799988 25.12800026 36.91900063]
