,scores,centers
0,0.9994158744812012,[32.74799919  9.11899948 60.95899963]
1,0.9991934895515442,[-1.25200081  1.11899948 10.95899963]
2,0.9656848907470703,[20.74799919  7.11899948 84.95899963]
