,scores,centers
0,0.9993739724159241,[-23.45600128 -42.23500061 -27.36399841]
1,0.9885749220848083,[-21.45600128 -34.23500061  -3.36399841]
