,scores,centers
0,0.9994778037071228,[13.53100014 57.93299866  1.80800056]
1,0.9424097537994385,[23.53100014 53.93299866 -2.19199944]
