,scores,centers
0,0.7812997698783875,[ 14.27099991 -22.15499878 -29.69200134]
1,0.5182916522026062,[ 10.27099991 -14.15499878 -27.69200134]
2,0.4063759744167328,[ 10.27099991 -14.15499878 -33.69200134]
