,scores,centers
0,0.9993220567703247,[ 71.42200089 -18.2140007   47.59499931]
1,0.9954276084899902,[87.42200089 -4.2140007  37.59499931]
2,0.9930764436721802,[ 51.42200089 -20.2140007   51.59499931]
