,scores,centers
0,0.9992949962615967,[ 25.70899963   7.6960001  -20.77000046]
1,0.9925366640090942,[33.70899963 21.6960001  27.22999954]
