,scores,centers
0,0.9990406632423401,[33.56999969 15.65399933 56.97699928]
1,0.9988973140716553,[11.56999969 39.65399933 42.97699928]
