,scores,centers
0,0.9995379447937012,[14.72500038 17.0710001  44.68799973]
1,0.9996451139450073,[12.72500038 17.0710001  12.68799973]
