,scores,centers
0,0.9984381794929504,[16.91600037 25.83400011 30.17199993]
1,0.9982665181159973,[ 4.91600037 33.83400011 16.17199993]
2,0.9940308928489685,[ 8.91600037 15.83400011 12.17199993]
