,scores,centers
0,0.9987911581993103,[ 7.01399994 -8.06399918 18.68899918]
1,0.9589069485664368,[17.01399994  1.93600082  8.68899918]
2,0.6006044149398804,[17.01399994 -8.06399918  8.68899918]
3,0.9437018036842346,[ 9.01399994  3.93600082 22.68899918]
