,scores,centers
0,0.9991538524627686,[85.66199875 30.03600025 23.36400032]
1,0.9995725750923157,[73.66199875 32.03600025 57.36400032]
