,scores,centers
0,0.9993712306022644,[55.79999924 54.13299942 17.87000084]
1,0.9977720379829407,[45.79999924 48.13299942 39.87000084]
