,scores,centers
0,0.9989877343177795,[ 8.29899979  6.54800034 11.45000076]
1,0.9990000128746033,[30.29899979 -7.45199966 19.45000076]
2,0.9905046820640564,[36.29899979  0.54800034 35.45000076]
