,scores,centers
0,0.910947859287262,[29.09399986 24.17399979 23.93200016]
1,0.8639332056045532,[29.09399986 18.17399979 25.93200016]
2,0.7094601988792419,[31.09399986 32.17399979 29.93200016]
3,0.6719064116477966,[33.09399986 36.17399979 33.93200016]
