,scores,centers
0,0.9917580485343933,[61.60900116  5.27500153 20.04300022]
1,0.9585990309715271,[ 59.60900116 -12.72499847   8.04300022]
2,0.9770436882972717,[73.60900116 -0.72499847 14.04300022]
3,0.8828831315040588,[ 65.60900116 -14.72499847   4.04300022]
4,0.6475330591201782,[65.60900116 -6.72499847 16.04300022]
