,scores,centers
0,0.9990934133529663,[24.09700012 24.42700005 30.83100033]
