,scores,centers
0,0.9985993504524231,[13.63400269  6.45800018 15.56399918]
1,0.9974996447563171,[ 11.63400269 -21.54199982  35.56399918]
