,scores,centers
0,0.9993442893028259,[20.78499985 11.53899956 33.2329998 ]
1,0.9912181496620178,[28.78499985 23.53899956 33.2329998 ]
2,0.9809179306030273,[36.78499985 21.53899956 45.2329998 ]
3,0.4902017116546631,[22.78499985 21.53899956 47.2329998 ]
4,0.49498629570007324,[26.78499985 11.53899956 39.2329998 ]
