,scores,centers
0,0.9983865022659302,[  6.46899986 -16.88700104   9.85000038]
1,0.9992120265960693,[ 16.46899986 -12.88700104  43.85000038]
