,scores,centers
0,0.9996247291564941,[21.11499977 36.34300041 57.22400093]
