,scores,centers
0,0.999518871307373,[  7.20599937 -19.81800079   2.88700104]
1,0.9921775460243225,[ 21.20599937   6.18199921 -11.11299896]
2,0.994150698184967,[ 13.20599937 -19.81800079 -21.11299896]
