,scores,centers
0,0.999535083770752,[ 6.47100067 87.0490036  42.24799919]
1,0.9752986431121826,[ 12.47100067 103.0490036   50.24799919]
2,0.8986101150512695,[ 6.47100067 83.0490036  58.24799919]
3,0.893700122833252,[22.47100067 93.0490036  56.24799919]
