,scores,centers
0,0.9989110231399536,[44.38299942 37.2670002  -2.36700058]
1,0.994687557220459,[36.38299942 29.2670002  17.63299942]
2,0.9859198331832886,[10.38299942 29.2670002  33.63299942]
