,scores,centers
0,0.9994527697563171,[ 6.80899811 29.63600016 23.99300003]
1,0.9991937279701233,[-7.19100189 53.63600016 23.99300003]
