,scores,centers
0,0.9990400671958923,[45.77900028 -7.30799866 46.24500084]
1,0.9990633130073547,[25.77900028  0.69200134 52.24500084]
2,0.9732962846755981,[53.77900028 -1.30799866 26.24500084]
3,0.9721080660820007,[21.77900028 20.69200134 50.24500084]
