,scores,centers
0,0.9975031018257141,[81.35700035 10.78899956 38.63299942]
1,0.9974115490913391,[29.35700035 26.78899956  2.63299942]
2,0.9857139587402344,[73.35700035 24.78899956 52.63299942]
3,0.985454797744751,[-8.64299965 22.78899956  2.63299942]
