,scores,centers
0,0.9988954067230225,[24.67000008 35.84000015 14.29199982]
1,0.9885475635528564,[10.67000008 19.84000015  8.29199982]
