,scores,centers
0,0.9981521964073181,[53.71899986  0.86300087 36.02400017]
1,0.9068368077278137,[47.71899986 -1.13699913 28.02400017]
2,0.6421979069709778,[57.71899986  4.86300087 36.02400017]
3,0.48109933733940125,[45.71899986 18.86300087 22.02400017]
