,scores,centers
0,0.9992049336433411,[-11.1289978   75.37700081  95.3010006 ]
1,0.9976679682731628,[ 8.8710022  33.37700081 91.3010006 ]
