,scores,centers
0,0.9991934895515442,[30.46000004  6.26600075 41.20499992]
1,0.7926393747329712,[26.46000004 -5.73399925 27.20499992]
2,0.8483483195304871,[16.46000004 -3.73399925 31.20499992]
3,0.5791276097297668,[48.46000004 -5.73399925 41.20499992]
4,0.9982176423072815,[22.46000004 18.26600075 37.20499992]
