,scores,centers
0,0.9992954730987549,[12.60400009 12.90200043 16.61199951]
1,0.9992172718048096,[34.60400009  8.90200043 10.61199951]
