,scores,centers
0,0.9995208978652954,[17.97900009 66.81900024 35.14699936]
1,0.9554386734962463,[33.97900009 72.81900024 45.14699936]
2,0.8726101517677307,[27.97900009 82.81900024 29.14699936]
3,0.7578460574150085,[21.97900009 52.81900024 35.14699936]
4,0.9482245445251465,[27.97900009 68.81900024 53.14699936]
