,scores,centers
0,0.9982784986495972,[12.40499878 -8.80699921 12.09899998]
