,scores,centers
0,0.8601332902908325,[ 31.60999966 -21.6230011  118.63700104]
1,0.6314529776573181,[ 21.60999966 -25.6230011  112.63700104]
2,0.8059945106506348,[ 29.60999966 -29.6230011  112.63700104]
3,0.5587840676307678,[ 25.60999966 -29.6230011  112.63700104]
4,0.5989214181900024,[ 29.60999966 -27.6230011  116.63700104]
