,scores,centers
0,0.9991773962974548,[ 7.9640007  -2.00900078 20.88899994]
1,0.9992175102233887,[-2.03599930e+00 -9.00077820e-03  4.08889999e+01]
