,scores,centers
0,0.9977729916572571,[53.47200012  0.82999992 35.68300009]
1,0.969554603099823,[43.47200012  0.82999992 27.68300009]
2,0.6484690308570862,[35.47200012  2.82999992 27.68300009]
