,scores,centers
0,0.9992061257362366,[21.90500069 94.73200226 49.88599968]
1,0.9980185031890869,[27.90500069 78.73200226 41.88599968]
2,0.9842709898948669,[27.90500069 98.73200226 69.88599968]
