,scores,centers
0,0.9947911500930786,[-15.11199951  26.12799978  51.95400047]
1,0.9873195886611938,[ 0.88800049 34.12799978 47.95400047]
