,scores,centers
0,0.9995672106742859,[16.58200073 -7.23799896  6.75300026]
1,0.9913771152496338,[20.58200073  2.76200104 20.75300026]
2,0.9105661511421204,[-1.41799927 10.76200104 20.75300026]
3,0.9355683326721191,[ 6.58200073 14.76200104  6.75300026]
4,0.6703972816467285,[16.58200073 -7.23799896 24.75300026]
