,scores,centers
0,0.9910675883293152,[42.95199966 53.84700012 -0.16199875]
1,0.9966902732849121,[46.95199966 63.84700012 19.83800125]
2,0.9844739437103271,[ 62.95199966  71.84700012 -16.16199875]
