,scores,centers
0,0.9986737966537476,[ 23.02799988 112.29299927  27.67900085]
1,0.9972350001335144,[ 33.02799988  94.29299927 -10.32099915]
