,scores,centers
0,0.9993866682052612,[-1.09600067 27.91100025  9.28899956]
1,0.9865352511405945,[-9.09600067 35.91100025 27.28899956]
2,0.9815505743026733,[12.90399933 29.91100025 37.28899956]
