,scores,centers
0,0.9963323473930359,[21.15400028 -2.96199989 35.59700012]
1,0.950617790222168,[33.15400028 17.03800011 27.59700012]
2,0.6682796478271484,[17.15400028 21.03800011 35.59700012]
3,0.829357385635376,[13.15400028 13.03800011 25.59700012]
