,scores,centers
0,0.9983339905738831,[ 9.37199974 -1.45400047 41.83300018]
1,0.8770681619644165,[-0.62800026  0.54599953 21.83300018]
2,0.8693640232086182,[ 5.37199974 14.54599953 21.83300018]
