,scores,centers
0,0.9984429478645325,[87.13400078 24.10499954  5.75399971]
1,0.9983955025672913,[49.13400078 28.10499954 13.75399971]
