,scores,centers
0,0.9995037317276001,[62.20800018 24.14099979  8.84200001]
1,0.9979216456413269,[80.20800018 20.14099979  6.84200001]
