,scores,centers
0,0.9979996085166931,[42.36599922  5.88700104 25.34399986]
1,0.9249602556228638,[28.36599922 15.88700104 19.34399986]
