,scores,centers
0,0.9934090375900269,[14.18600082 33.95100021 18.75600052]
1,0.9590120911598206,[ 4.18600082 23.95100021 20.75600052]
2,0.9250865578651428,[-3.81399918 29.95100021 14.75600052]
3,0.9352651238441467,[12.18600082 15.95100021 20.75600052]
4,0.7838528752326965,[ 4.18600082 15.95100021  4.75600052]
