,scores,centers
0,0.9922635555267334,[15.59700012 28.44699955 33.77999973]
1,0.97182297706604,[13.59700012 34.44699955 21.77999973]
2,0.9551965594291687,[29.59700012 24.44699955 37.77999973]
3,0.853719174861908,[15.59700012 26.44699955 23.77999973]
