,scores,centers
0,0.9996125102043152,[18.29500008  9.79700089  7.95299911]
1,0.9930155277252197,[14.29500008 -0.20299911 19.95299911]
