,scores,centers
0,0.9994542002677917,[46.82699966 47.91600037 11.11100006]
1,0.9959025979042053,[64.82699966 33.91600037 13.11100006]
2,0.9095686674118042,[74.82699966 49.91600037  3.11100006]
