,scores,centers
0,0.9918334484100342,[-0.51300049  0.13500023 11.0539999 ]
1,0.9465880990028381,[ 5.48699951  0.13500023 17.0539999 ]
2,0.9065262079238892,[17.48699951 14.13500023 15.0539999 ]
3,0.9246562123298645,[11.48699951  2.13500023 27.0539999 ]
