,scores,centers
0,0.999392032623291,[ 4.97200012 24.36600018 17.34499931]
1,0.9906042218208313,[-1.02799988 32.36600018  3.34499931]
