,scores,centers
0,0.9991936087608337,[24.78100014 48.65200043 77.93700027]
1,0.999154806137085,[22.78100014 16.65200043 63.93700027]
