,scores,centers
0,0.9940341114997864,[32.69099998 71.45600128 58.23900032]
1,0.9321852326393127,[48.69099998 77.45600128 58.23900032]
2,0.8154217600822449,[26.69099998 79.45600128 38.23900032]
3,0.927707850933075,[32.69099998 79.45600128 54.23900032]
4,0.8827855587005615,[24.69099998 89.45600128 52.23900032]
