,scores,centers
0,0.9988511800765991,[48.78300095 20.4749999  17.05400085]
1,0.9927131533622742,[46.78300095 36.4749999  23.05400085]
