,scores,centers
0,0.9991017580032349,[44.38500023 45.12800026 89.14599991]
1,0.9983932375907898,[40.38500023 13.12800026 69.14599991]
