,scores,centers
0,0.9988158941268921,[21.89699936 96.79799652 51.65500069]
1,0.9984645843505859,[25.89699936 78.79799652 41.65500069]
2,0.9753212332725525,[ 7.89699936 88.79799652 61.65500069]
