,scores,centers
0,0.9997395873069763,[ 8.00300026 27.40299988 67.20900011]
1,0.9997391104698181,[28.00300026 27.40299988 21.20900011]
2,0.998580813407898,[10.00300026 27.40299988 45.20900011]
