,scores,centers
0,0.9790157079696655,[4.53199959 5.34799957 1.68300056]
1,0.8901170492172241,[ 2.53199959  9.34799957 -6.31699944]
2,0.6714845299720764,[ 4.53199959 17.34799957 -2.31699944]
3,0.49956995248794556,[10.53199959 25.34799957  7.68300056]
