,scores,centers
0,0.998847484588623,[37.30699921 27.65499878 16.95599937]
1,0.9977916479110718,[77.30699921 13.65499878 38.95599937]
2,0.9984291195869446,[ 3.30699921 -6.34500122  8.95599937]
3,0.9984057545661926,[77.30699921 41.65499878 26.95599937]
