,scores,centers
0,0.9989173412322998,[21.18599987 19.43000031 45.17200089]
1,0.9971060156822205,[25.18599987 23.43000031 43.17200089]
