,scores,centers
0,0.9994693398475647,[ 9.39899826 30.71899986 23.85099983]
1,0.9993284940719604,[-10.60100174  52.71899986  23.85099983]
