,scores,centers
0,0.9993950128555298,[43.09799957 83.66699982 83.11599922]
1,0.9994820952415466,[29.09799957 35.66699982 35.11599922]
2,0.9682852029800415,[19.09799957 39.66699982 59.11599922]
3,0.9670904278755188,[ 33.09799957  87.66699982 103.11599922]
