,scores,centers
0,0.9996333122253418,[-40.05799866 -51.63300323 117.41899872]
1,0.9892569184303284,[-54.05799866 -37.63300323 119.41899872]
