,scores,centers
0,0.9991210103034973,[29.23799992  8.22000122 33.74100018]
1,0.9889660477638245,[19.23799992 10.22000122 11.74100018]
2,0.9966425895690918,[23.23799992 10.22000122  9.74100018]
3,0.8837054967880249,[27.23799992 12.22000122 59.74100018]
