,scores,centers
0,0.9995813965797424,[ 0.65399933 69.16400146 60.07999992]
1,0.9927297234535217,[ 4.65399933 53.16400146 72.07999992]
