,scores,centers
0,0.9982030391693115,[ 40.80000019 110.78700256  11.81100082]
1,0.9981038570404053,[ 32.80000019  94.78700256 -10.18899918]
2,0.9978493452072144,[30.80000019 90.78700256 21.81100082]
