,scores,centers
0,0.9987977743148804,[18.08100128  0.6989975  22.42199993]
1,0.9977297186851501,[ 26.08100128 -15.3010025   26.42199993]
2,0.9927484393119812,[ 4.08100128 -9.3010025  22.42199993]
