,scores,centers
0,0.9984015822410583,[13.78999996 25.57800007  7.27700043]
1,0.6028341054916382,[13.78999996 37.57800007 21.27700043]
2,0.9863795638084412,[17.78999996 17.57800007  3.27700043]
