,scores,centers
0,0.9995681643486023,[14.94099998  0.08499908 -1.26900101]
1,0.9993643164634705,[12.94099998  0.08499908  2.73099899]
