,scores,centers
0,0.9995423555374146,[13.35000038 76.88600159 23.21199989]
1,0.9781185984611511,[-4.64999962 64.88600159 13.21199989]
2,0.7590428590774536,[-2.64999962 76.88600159 13.21199989]
