,scores,centers
0,0.9979052543640137,[ 24.71500015 113.10700226  27.8560009 ]
1,0.9977935552597046,[ 32.71500015  95.10700226 -10.1439991 ]
