,scores,centers
0,0.9993502497673035,[25.44499969 75.53700066 -9.35700226]
1,0.9496085047721863,[17.44499969 53.53700066 10.64299774]
2,0.9965927004814148,[25.44499969 73.53700066 10.64299774]
3,0.9246092438697815,[21.44499969 37.53700066  4.64299774]
4,0.962356686592102,[21.44499969 59.53700066 -5.35700226]
