,scores,centers
0,0.9991949200630188,[-11.29000092  16.63100004  29.44900036]
1,0.9265981316566467,[-5.29000092 16.63100004 37.44900036]
