,scores,centers
0,0.9988068342208862,[23.11700058 40.53199768  5.25200081]
1,0.9988892674446106,[ 1.11700058  6.53199768 53.25200081]
