,scores,centers
0,0.9995444416999817,[73.75       32.08699989 56.11499977]
1,0.9993410706520081,[87.75       30.08699989 24.11499977]
