,scores,centers
0,0.9986269474029541,[39.88199997 10.79599953  9.30200005]
1,0.9985080361366272,[11.88199997  2.79599953  9.30200005]
2,0.9790888428688049,[39.88199997 32.79599953 21.30200005]
3,0.5026362538337708,[ 5.88199997  4.79599953 31.30200005]
