,scores,centers
0,0.9967921376228333,[ 72.18899918  43.71800041 184.98199463]
1,0.9974800944328308,[ 48.18899918  49.71800041 176.98199463]
2,0.9973700046539307,[ 76.18899918  59.71800041 204.98199463]
