,scores,centers
0,0.9989314675331116,[10.96899986 18.4109993  -2.23399925]
1,0.9946420192718506,[12.96899986 10.4109993  17.76600075]
2,0.9628918766975403,[18.96899986 28.4109993  13.76600075]
