,scores,centers
0,0.999519944190979,[22.3560009  33.18000031 20.27300072]
1,0.9993836879730225,[ 2.3560009  -2.81999969 28.27300072]
2,0.9994854927062988,[-7.6439991  37.18000031 -5.72699928]
3,0.9995291233062744,[26.3560009  -0.81999969 54.27300072]
