,scores,centers
0,0.9993392825126648,[31.61299992 31.7840004  12.59700012]
1,0.9377216100692749,[11.61299992 41.7840004  14.59700012]
