,scores,centers
0,0.9989354014396667,[ 5.87400055 -3.10899925 15.84599972]
1,0.9580274224281311,[25.87400055 -3.10899925 19.84599972]
2,0.5629672408103943,[ 5.87400055  6.89100075 17.84599972]
