,scores,centers
0,0.9991340041160583,[-1.20999908 29.88000011  1.80799866]
1,0.9787631630897522,[26.79000092 33.88000011 15.80799866]
