,scores,centers
0,0.9993796348571777,[-15.82699966  12.92200089  21.49699974]
