,scores,centers
0,0.999106228351593,[ 16.87599945 -12.86399841  23.29699993]
1,0.9927570223808289,[16.87599945  5.13600159 33.29699993]
2,0.9769614338874817,[28.87599945  3.13600159 23.29699993]
