,scores,centers
0,0.999428927898407,[19.37400055 64.04599953 17.6269989 ]
1,0.9993873834609985,[39.37400055 52.04599953  3.6269989 ]
2,0.9891889095306396,[27.37400055 38.04599953 25.6269989 ]
