,scores,centers
0,0.998163640499115,[30.28100014 -3.1969986  43.00800037]
1,0.9373533725738525,[48.28100014  8.8030014  27.00800037]
2,0.6564942002296448,[34.28100014 -5.1969986  23.00800037]
3,0.7696387767791748,[38.28100014 18.8030014  31.00800037]
4,0.5826085209846497,[34.28100014 16.8030014  19.00800037]
