,scores,centers
0,0.999541163444519,[ 15.6609993  -13.23699951  20.55999947]
1,0.9835098385810852,[11.6609993   0.76300049 34.55999947]
2,0.9134759902954102,[ 1.6609993  10.76300049 24.55999947]
3,0.8733468055725098,[19.6609993   8.76300049 22.55999947]
