,scores,centers
0,0.9996664524078369,[17.70800018  2.90299988 27.23600006]
1,0.9997768998146057,[13.70800018 40.90299988 21.23600006]
