,scores,centers
0,0.9989332556724548,[ 8.11999893 17.97000027  9.32999992]
1,0.9962373971939087,[ 4.11999893 33.97000027 -0.67000008]
