,scores,centers
0,0.999290943145752,[31.96700001 42.95599937 11.71199989]
