,scores,centers
0,0.9997597336769104,[ 5.09600067 61.76200104 31.39599991]
1,0.9996618032455444,[ 1.09600067 61.76200104 31.39599991]
