,scores,centers
0,0.9971554279327393,[20.87100029 24.09399986 24.90299988]
1,0.980851411819458,[18.87100029 30.09399986 12.90299988]
2,0.8597085475921631,[16.87100029 28.09399986 30.90299988]
3,0.7512363195419312,[14.87100029 28.09399986 34.90299988]
