,scores,centers
0,0.9696863293647766,[10.71799994  2.04500008 18.86999989]
1,0.8119016289710999,[16.71799994 -1.95499992 28.86999989]
2,0.42074254155158997,[18.71799994 -5.95499992 16.86999989]
