,scores,centers
0,0.9988730549812317,[ 8.05799866 32.35099983 20.61600113]
