,scores,centers
0,0.9991273283958435,[24.18499947 17.09200001 25.85299969]
1,0.9934968948364258,[46.18499947 29.09200001 31.85299969]
2,0.9876253008842468,[54.18499947  9.09200001 39.85299969]
