,scores,centers
0,0.9991693496704102,[-35.5        -12.73899841  -6.81700134]
1,0.9995051622390747,[30.5        -8.73899841 -6.81700134]
