,scores,centers
0,0.9994733929634094,[ 48.83199978 121.59200287  47.72800064]
1,0.9846482276916504,[44.83199978 95.59200287 43.72800064]
2,0.9687644839286804,[ 64.83199978 109.59200287  55.72800064]
