,scores,centers
0,0.9980803728103638,[92.22399902 92.94599915 62.96500015]
1,0.9763095378875732,[80.22399902 98.94599915 40.96500015]
2,0.9434877634048462,[94.22399902 78.94599915 54.96500015]
