,scores,centers
0,0.9994248151779175,[15.36899948 15.92300034 21.39299965]
1,0.9931704998016357,[ 5.36899948 39.92300034 35.39299965]
2,0.9979664087295532,[-12.63100052  27.92300034  33.39299965]
