,scores,centers
0,0.9981814622879028,[12.66799927 30.41899967 32.05400085]
1,0.9986396431922913,[20.66799927 20.41899967 58.05400085]
2,0.9989135265350342,[-5.33200073 30.41899967 28.05400085]
3,0.979860246181488,[38.66799927 32.41899967 68.05400085]
4,0.8221427798271179,[-3.33200073 30.41899967  0.05400085]
