,scores,centers
0,0.9920735955238342,[12.96500015 -3.6230011  26.98099899]
1,0.9947572946548462,[24.96500015 22.3769989   8.98099899]
2,0.9839069843292236,[  4.96500015 -11.6230011   14.98099899]
