,scores,centers
0,0.9992864727973938,[20.72200012  4.51499939 -9.45700073]
1,0.9993813037872314,[32.72200012 56.51499939 24.54299927]
2,0.9984638690948486,[26.72200012 28.51499939  8.54299927]
