,scores,centers
0,0.9993504881858826,[23.73600006 -6.60599899 10.43999863]
1,0.992821991443634,[35.73600006 15.39400101 10.43999863]
