,scores,centers
0,0.9996262788772583,[-1.79199982 34.43200016 35.66500092]
1,0.9992384910583496,[ 2.20800018 46.43200016  7.66500092]
2,0.9991737008094788,[-7.79199982 24.43200016 63.66500092]
