,scores,centers
0,0.9992850422859192,[10.40200043 52.75       34.27900028]
1,0.9838018417358398,[ 4.40200043 44.75       36.27900028]
