,scores,centers
0,0.9993265867233276,[ 0.96100044 29.40299988 18.4489994 ]
1,0.9989917874336243,[12.96100044 23.40299988  2.4489994 ]
2,0.9933360815048218,[ 4.96100044 25.40299988 36.4489994 ]
