,scores,centers
0,0.9993137121200562,[ -9.60499954 -21.09799957  34.6960001 ]
1,0.9753209948539734,[ 12.39500046 -21.09799957  26.6960001 ]
2,0.8093421459197998,[  6.39500046 -13.09799957  22.6960001 ]
3,0.5652626156806946,[ 10.39500046 -11.09799957  38.6960001 ]
