,scores,centers
0,0.9994125366210938,[ 70.6760006  -29.91199875  -4.67499924]
1,0.9963337182998657,[32.6760006  -5.91199875  9.32500076]
