,scores,centers
0,0.999075174331665,[ 0.94300079 60.43899918 25.56299973]
1,0.9967515468597412,[20.94300079 78.43899918 -6.43700027]
2,0.9808205366134644,[22.94300079 68.43899918  1.56299973]
