,scores,centers
0,0.9985734224319458,[ 27.62599993  -8.52299881 -28.53300476]
1,0.9817126393318176,[ 31.62599993 -26.52299881 -14.53300476]
2,0.841623067855835,[ 21.62599993 -26.52299881 -36.53300476]
