,scores,centers
0,0.9991390705108643,[ 73.24700165 136.54199982 -97.67900085]
1,0.9944455623626709,[  85.24700165  144.54199982 -115.67900085]
