,scores,centers
0,0.9929482936859131,[-50.04699707  -6.66400146  34.38699913]
1,0.9917070269584656,[-52.04699707 -26.66400146  50.38699913]
2,0.9902275800704956,[-44.04699707 -22.66400146  76.38699913]
