,scores,centers
0,0.9988609552383423,[10.71699905 -7.99900055 36.28199959]
1,0.9811028838157654,[-3.28300095e+00  9.99450684e-04  3.62819996e+01]
2,0.9674621820449829,[14.71699905 -1.99900055 32.28199959]
3,0.959489107131958,[16.71699905 10.00099945 30.28199959]
