,scores,centers
0,0.9993259906768799,[10.5019989  32.46199989 29.90600014]
1,0.9976334571838379,[14.5019989  26.46199989 11.90600014]
2,0.9690728783607483,[28.5019989  34.46199989 17.90600014]
3,0.8721641302108765,[20.5019989  32.46199989 45.90600014]
