,scores,centers
0,0.9996991157531738,[27.48600006 11.78499985 34.61299992]
