,scores,centers
0,0.9996232986450195,[18.1079998  28.40100002 66.05099869]
1,0.958775520324707,[16.1079998  40.40100002 84.05099869]
