,scores,centers
0,0.9995495676994324,[11.4640007  -0.84900093 25.5720005 ]
1,0.9859905242919922,[-2.5359993  -8.84900093 19.5720005 ]
2,0.9472018480300903,[-2.5359993  13.15099907 17.5720005 ]
