,scores,centers
0,0.9983735084533691,[-4.16799927  4.15200043 15.01300049]
1,0.9973451495170593,[ 5.83200073 -5.84799957  9.01300049]
2,0.9735151529312134,[ 3.83200073 -1.84799957 23.01300049]
3,0.9587793350219727,[-16.16799927  -7.84799957  31.01300049]
4,0.4458048343658447,[-16.16799927 -11.84799957   5.01300049]
