,scores,centers
0,0.9936091899871826,[23.19499969 17.08500004 10.92199993]
1,0.9858221411705017,[27.19499969  9.08500004 32.92199993]
2,0.8437702059745789,[37.19499969 11.08500004 22.92199993]
