,scores,centers
0,0.9989584684371948,[-4.23899841  4.45199966 15.11499977]
1,0.9981533885002136,[ 5.76100159 -5.54800034  7.11499977]
2,0.9886122345924377,[ 3.76100159 -3.54800034 25.11499977]
