,scores,centers
0,0.9949430823326111,[ 54.09200001 108.47000122  93.06600189]
1,0.9922866821289062,[ 24.09200001 106.47000122  99.06600189]
2,0.9969764947891235,[ 36.09200001 128.47000122  85.06600189]
3,0.9316202998161316,[ 68.09200001 132.47000122  97.06600189]
