,scores,centers
0,0.9990000128746033,[148.42700195  15.36800003  -5.22200012]
1,0.99101322889328,[148.42700195  31.36800003  12.77799988]
