,scores,centers
0,0.997919499874115,[ 9.75699997 26.00500011  7.17200089]
1,0.8335549831390381,[ 15.75699997  16.00500011 -16.82799911]
