,scores,centers
0,0.9984586238861084,[10.02400017 57.39199829 63.69400024]
1,0.9951293468475342,[16.02400017 69.39199829 63.69400024]
2,0.5281664729118347,[12.02400017 47.39199829 51.69400024]
