,scores,centers
0,0.9992524981498718,[ 14.875      -13.30500031  21.12899971]
1,0.9951861500740051,[18.875      12.69499969 19.12899971]
2,0.9838632345199585,[16.875       4.69499969 33.12899971]
3,0.7992890477180481,[ 0.875      -3.30500031 25.12899971]
