,scores,centers
0,0.9990242719650269,[13.4829998  58.42199993 70.57900047]
1,0.9934949278831482,[-0.5170002  66.42199993 58.57900047]
2,0.9949702620506287,[21.4829998  46.42199993 68.57900047]
3,0.9884745478630066,[ 9.4829998  86.42199993 44.57900047]
