,scores,centers
0,0.9992102384567261,[50.32999992  6.1269989  13.46299934]
1,0.9903468489646912,[44.32999992 12.1269989  43.46299934]
2,0.930506706237793,[34.32999992 20.1269989  37.46299934]
