,scores,centers
0,0.9991846680641174,[-7.36500168 18.26399994 27.56299973]
1,0.9989843964576721,[-9.36500168 16.26399994 27.56299973]
2,0.42419177293777466,[-1.36500168 24.26399994 47.56299973]
