,scores,centers
0,0.9980912804603577,[20.31499863 54.6590004  54.36400032]
1,0.9990749359130859,[32.31499863 40.6590004  70.36400032]
2,0.9986900687217712,[ 4.31499863 64.6590004  26.36400032]
