,scores,centers
0,0.9983464479446411,[-12.11399841  31.65700006   6.36299896]
1,0.9985820055007935,[-8.11399841 23.65700006 18.36299896]
2,0.9215083122253418,[-14.11399841  13.65700006  -3.63700104]
3,0.8543184995651245,[-16.11399841  35.65700006  -1.63700104]
