,scores,centers
0,0.9969315528869629,[30.00899982 73.57099915 15.60499954]
1,0.9929855465888977,[34.00899982 91.57099915  9.60499954]
2,0.9222720861434937,[14.00899982 51.57099915 13.60499954]
3,0.9667719006538391,[20.00899982 59.57099915 23.60499954]
4,0.5237394571304321,[22.00899982 85.57099915 21.60499954]
5,0.41391873359680176,[12.00899982 79.57099915 15.60499954]
