,scores,centers
0,0.9988973140716553,[-33.67299652  -5.11399841 -21.56299973]
1,0.9933798313140869,[-47.67299652 -27.11399841 -19.56299973]
2,0.9840558767318726,[-57.67299652 -13.11399841 -25.56299973]
3,0.9633368253707886,[-63.67299652 -17.11399841  -3.56299973]
