,scores,centers
0,0.9993415474891663,[ 16.70600128 -11.47699738  22.56699944]
1,0.9917895793914795,[16.70600128  4.52300262 34.56699944]
2,0.9917474985122681,[18.70600128 12.52300262 20.56699944]
3,0.9775298833847046,[ 8.70600128 -5.47699738  4.56699944]
