,scores,centers
0,0.9994444251060486,[ 16.2519989  -11.75299835  21.2840004 ]
1,0.9923527836799622,[16.2519989   4.24700165 33.2840004 ]
2,0.9870250225067139,[-1.7480011  10.24700165 31.2840004 ]
