,scores,centers
0,0.9993516802787781,[15.28199959 20.90100002 39.07999992]
