,scores,centers
0,0.9993225336074829,[17.12599945 23.09799957  8.73900032]
1,0.9993003606796265,[ 7.12599945  3.09799957 10.73900032]
2,0.9920123219490051,[27.12599945 15.09799957 24.73900032]
3,0.968542218208313,[ 3.12599945 19.09799957 12.73900032]
