,scores,centers
0,0.9998268485069275,[45.625      35.88899994 13.67099953]
1,0.9960485100746155,[37.625      31.88899994 29.67099953]
