,scores,centers
0,0.9991196990013123,[62.93299866  6.52599907 55.16900063]
1,0.9890546798706055,[52.93299866 -1.47400093 53.16900063]
