,scores,centers
0,0.9949192404747009,[-2.78300095 51.64800072 73.89400101]
1,0.9936849474906921,[ 9.21699905 59.64800072 57.89400101]
2,0.9419785141944885,[ 9.21699905 45.64800072 63.89400101]
3,0.5113740563392639,[-0.78300095 59.64800072 45.89400101]
4,0.5326116681098938,[-12.78300095  57.64800072  55.89400101]
5,0.47683265805244446,[-6.78300095 49.64800072 51.89400101]
