,scores,centers
0,0.9981820583343506,[ 7.86899948  9.15600014 35.29099989]
1,0.9845617413520813,[-6.13100052  1.15600014 29.29099989]
2,0.9904701709747314,[-0.13100052 -8.84399986 43.29099989]
3,0.9928458333015442,[19.86899948  1.15600014 25.29099989]
