,scores,centers
0,0.9986476302146912,[27.21899986 63.74000168 45.61300087]
1,0.9557459354400635,[47.21899986 51.74000168 55.61300087]
2,0.9656749963760376,[43.21899986 51.74000168 43.61300087]
3,0.8296220302581787,[13.21899986 53.74000168 43.61300087]
4,0.8571581840515137,[25.21899986 49.74000168 37.61300087]
5,0.7667068839073181,[29.21899986 67.74000168 63.61300087]
