,scores,centers
0,0.9879999756813049,[2.91699982 7.75499916 7.11199951]
1,0.9256110191345215,[10.91699982 -4.24500084 19.11199951]
2,0.8554883003234863,[10.91699982 11.75499916 -0.88800049]
3,0.716108500957489,[ 8.91699982 -2.24500084  5.11199951]
