,scores,centers
0,0.9984214305877686,[16.17399979 35.36800003 55.79899979]
