,scores,centers
0,0.9982714653015137,[36.45299911 19.78900003 42.22200012]
1,0.9938569664955139,[50.45299911 37.78900003 48.22200012]
2,0.9473720192909241,[56.45299911 31.78900003 32.22200012]
3,0.8893391489982605,[36.45299911 27.78900003 56.22200012]
4,0.49027660489082336,[52.45299911 17.78900003 54.22200012]
