,scores,centers
0,0.999754011631012,[99.26000214 23.95299911 33.60300064]
