,scores,centers
0,0.9981645941734314,[13.65100002 21.97200012  5.37899971]
1,0.9986610412597656,[ 9.65100002 23.97200012  5.37899971]
2,0.5371888279914856,[21.65100002 17.97200012 -4.62100029]
3,0.4049735367298126,[13.65100002 35.97200012 21.37899971]
