,scores,centers
0,0.9995737671852112,[ 9.89900017 13.95400238 46.29500008]
1,0.9996641874313354,[21.89900017  9.95400238 24.29500008]
