,scores,centers
0,0.997246265411377,[60.49799919 98.36199951 25.9659996 ]
1,0.9774885177612305,[36.49799919 82.36199951 13.9659996 ]
2,0.982244074344635,[50.49799919 88.36199951 27.9659996 ]
3,0.8722285032272339,[ 48.49799919 110.36199951  19.9659996 ]
