,scores,centers
0,0.9980481863021851,[-12.49100113  48.6989994   22.9090004 ]
1,0.9948151707649231,[19.50899887 70.6989994  20.9090004 ]
