,scores,centers
0,0.9995887875556946,[-75.84799957 -13.05199814 -29.19000244]
1,0.996970534324646,[-75.84799957 -29.05199814 -45.19000244]
