,scores,centers
0,0.9966064691543579,[ 0.38500023  5.54500008 10.37199974]
