,scores,centers
0,0.9985772371292114,[88.47699928 26.29299927  5.47299957]
1,0.9991229176521301,[48.47699928 28.29299927 15.47299957]
