,scores,centers
0,0.9994474053382874,[25.47900009 17.97299957  7.42900085]
1,0.9989387392997742,[25.47900009 13.97299957  9.42900085]
