,scores,centers
0,0.9970968961715698,[28.35900021 17.25       13.69199991]
1,0.9832087159156799,[32.35900021 25.25       21.69199991]
2,0.9874330163002014,[32.35900021 21.25       21.69199991]
3,0.7137449979782104,[14.35900021 25.25       21.69199991]
