,scores,centers
0,0.9995208978652954,[19.625      10.64999962 23.41399956]
