,scores,centers
0,0.9981884360313416,[16.47999954  9.32499981 -4.70700073]
1,0.9737407565116882,[14.47999954 25.32499981 -2.70700073]
2,0.9651893377304077,[4.47999954 3.32499981 9.29299927]
3,0.8763181567192078,[ 4.47999954 13.32499981 15.29299927]
