,scores,centers
0,0.9981383085250854,[23.45899963  2.86100006 24.64400005]
1,0.9814117550849915,[15.45899963 10.86100006 44.64400005]
