,scores,centers
0,0.9992009997367859,[19.68599987 -7.54000092  9.02499962]
1,0.9740009903907776,[17.68599987  0.45999908  7.02499962]
2,0.9826829433441162,[15.68599987 14.45999908 19.02499962]
3,0.7662458419799805,[15.68599987 -7.54000092 21.02499962]
