,scores,centers
0,0.9985731840133667,[ 9.94599915 20.36000013 23.7670002 ]
1,0.9969152212142944,[-12.05400085  20.36000013  23.7670002 ]
2,0.988452136516571,[25.94599915 36.36000013 19.7670002 ]
