,scores,centers
0,0.9994837045669556,[  2.57500076  21.73099995 298.17800903]
1,0.9995875954627991,[ -9.42499924  45.73099995 318.17800903]
