,scores,centers
0,0.9985438585281372,[23.20300007 14.04500008 72.61499977]
1,0.998993456363678,[23.20300007 -7.95499992 52.61499977]
2,0.99769127368927,[39.20300007  8.04500008 48.61499977]
