,scores,centers
0,0.9953678846359253,[  9.83300018 -14.63000107   3.69100189]
1,0.9879831075668335,[ -2.16699982 -12.63000107  -8.30899811]
2,0.9785207509994507,[  1.83300018 -32.63000107   1.69100189]
