,scores,centers
0,0.9991528987884521,[ 38.73200035 -11.24599838  49.31799984]
1,0.9990670084953308,[18.73200035 10.75400162 15.31799984]
