,scores,centers
0,0.9987480640411377,[23.44799995 33.13699913 27.33300018]
1,0.9987415671348572,[23.44799995 37.13699913 23.33300018]
