,scores,centers
0,0.9997808337211609,[103.54699707  91.61599731  30.1239996 ]
1,0.9613864421844482,[119.54699707  89.61599731  28.1239996 ]
2,0.9942052960395813,[117.54699707  85.61599731  26.1239996 ]
