,scores,centers
0,0.9920291304588318,[ 26.31799984  38.83899975 112.64800262]
1,0.9639912247657776,[ 28.31799984  14.83899975 112.64800262]
2,0.8625195622444153,[ 28.31799984  36.83899975 110.64800262]
3,0.9478092789649963,[ 14.31799984  20.83899975 106.64800262]
4,0.561337411403656,[ 14.31799984  40.83899975 110.64800262]
