,scores,centers
0,0.9995098114013672,[ 66.06600189  54.67499924 -11.36800003]
1,0.9958420395851135,[ 92.06600189  56.67499924 -29.36800003]
