,scores,centers
0,0.9958406090736389,[27.94799995 17.16699982 13.86999989]
1,0.9860103130340576,[31.94799995 23.16699982 21.86999989]
2,0.9588306546211243,[29.94799995 17.16699982 15.86999989]
3,0.5778113007545471,[13.94799995 27.16699982 19.86999989]
