,scores,centers
0,0.9994683861732483,[46.40500069 46.47900009 11.01300049]
1,0.9962422847747803,[66.40500069 36.47900009  9.01300049]
