,scores,centers
0,0.9947288632392883,[36.56599998 51.68499947  9.61800003]
1,0.9934960603713989,[52.56599998 51.68499947 -2.38199997]
2,0.9901447296142578,[ 32.56599998  43.68499947 -12.38199997]
3,0.9717126488685608,[54.56599998 37.68499947 19.61800003]
