,scores,centers
0,0.9977216124534607,[66.89500046 39.27000046  0.8730011 ]
1,0.9962666630744934,[66.89500046 39.27000046 -1.1269989 ]
2,0.667719841003418,[80.89500046 47.27000046  2.8730011 ]
3,0.4574664533138275,[ 74.89500046  49.27000046 -19.1269989 ]
4,0.4457881450653076,[ 70.89500046  45.27000046 -21.1269989 ]
