,scores,centers
0,0.9993317723274231,[44.99200058 53.18499947 18.71800041]
1,0.994236409664154,[56.99200058 41.18499947 14.71800041]
2,0.9873929619789124,[58.99200058 51.18499947 18.71800041]
3,0.9889050722122192,[58.99200058 47.18499947 20.71800041]
