,scores,centers
0,0.9993359446525574,[-39.15399933  20.45100021   5.46800041]
1,0.9996377229690552,[-39.15399933  24.45100021  19.46800041]
2,0.9982638955116272,[-33.15399933  -5.54899979  23.46800041]
