,scores,centers
0,0.9989979863166809,[-2.40800095  5.45899963 49.05400085]
1,0.9980837106704712,[19.59199905  9.45899963 49.05400085]
