,scores,centers
0,0.9984159469604492,[ 4.77199936 -8.94300079 10.71299934]
1,0.9783358573913574,[-7.22800064  3.05699921 14.71299934]
2,0.9857782125473022,[22.77199936 -6.94300079 24.71299934]
3,0.7449283003807068,[16.77199936 13.05699921 24.71299934]
