,scores,centers
0,0.9995586276054382,[33.66800022 43.19199944  9.85000038]
