,scores,centers
0,0.9994007349014282,[ 16.47900009 -13.16699982  21.47100067]
1,0.9857111573219299,[14.47900009 -9.16699982  9.47100067]
2,0.9945504069328308,[16.47900009  4.83300018 33.47100067]
