,scores,centers
0,0.9992169141769409,[ 3.44599915  5.1590004  14.81500053]
1,0.9629805088043213,[ 19.44599915 -22.8409996   -7.18499947]
2,0.9744395613670349,[13.44599915 15.1590004  28.81500053]
3,0.9595533013343811,[ 25.44599915 -12.8409996   -1.18499947]
4,0.8075911998748779,[11.44599915 -2.8409996   4.81500053]
5,0.44978976249694824,[ 3.44599915 29.1590004  36.81500053]
