,scores,centers
0,0.9993416666984558,[14.46500015 16.76900101 18.96899986]
1,0.9872516393661499,[ 2.46500015  2.76900101 26.96899986]
2,0.9220772385597229,[26.46500015  2.76900101 20.96899986]
3,0.9302345514297485,[22.46500015 10.76900101  2.96899986]
4,0.8555049896240234,[22.46500015 10.76900101  0.96899986]
