,scores,centers
0,0.9993643164634705,[32.90199995 46.66200018 73.21800041]
