,scores,centers
0,0.9985248446464539,[34.98799992 14.15999985 29.11499977]
1,0.9889733195304871,[30.98799992 16.15999985 17.11499977]
2,0.8163815140724182,[30.98799992 30.15999985 21.11499977]
3,0.9754182696342468,[26.98799992 14.15999985 27.11499977]
4,0.4386470913887024,[32.98799992 24.15999985 15.11499977]
5,0.4302157461643219,[18.98799992 18.15999985 35.11499977]
