,scores,centers
0,0.9996680021286011,[40.52599907 13.25799942 82.23500061]
1,0.9268477559089661,[28.52599907  9.25799942 96.23500061]
2,0.9948086142539978,[28.52599907  7.25799942 92.23500061]
