,scores,centers
0,0.9994173049926758,[44.41599989 37.29400063 23.89500046]
1,0.9995538592338562,[16.41599989 17.29400063 33.89500046]
2,0.9928733110427856,[38.41599989 17.29400063 19.89500046]
