,scores,centers
0,0.9994238615036011,[ 70.50899887 104.15000153  90.5       ]
1,0.9980873465538025,[ 94.50899887 128.15000153  86.5       ]
