,scores,centers
0,0.999666690826416,[29.40699959  1.60200119 67.67100143]
1,0.9995236396789551,[27.40699959  1.60200119 65.67100143]
