,scores,centers
0,0.999509334564209,[80.80799866 53.12199974 30.29199982]
1,0.9977043271064758,[76.80799866 41.12199974 10.29199982]
2,0.9902474284172058,[92.80799866 73.12199974 26.29199982]
3,0.4091481864452362,[78.80799866 73.12199974 12.29199982]
