,scores,centers
0,0.9974330067634583,[ 44.39599991  20.47999954 -22.48199844]
1,0.9804931282997131,[30.39599991 22.47999954 -2.48199844]
2,0.9860633015632629,[ 46.39599991  40.47999954 -12.48199844]
