,scores,centers
0,0.9988685846328735,[49.25199986 10.11700058 -1.31200027]
1,0.990704357624054,[27.25199986 28.11700058  0.68799973]
