,scores,centers
0,0.9991366267204285,[39.7869997  56.16699982  9.07999992]
1,0.9992635846138,[47.7869997  76.16699982 15.07999992]
