,scores,centers
0,0.9995726943016052,[41.34300041 43.12599945 50.49699974]
1,0.9982972741127014,[25.34300041 65.12599945 42.49699974]
2,0.9871834516525269,[27.34300041 47.12599945 34.49699974]
