,scores,centers
0,0.998007595539093,[13.16600037 40.25       41.26500034]
