,scores,centers
0,0.9992782473564148,[30.72200012 19.58500004  7.55700016]
1,0.9892532229423523,[42.72200012  3.58500004 13.55700016]
2,0.9887113571166992,[52.72200012 31.58500004 25.55700016]
3,0.9835878014564514,[38.72200012 21.58500004 25.55700016]
4,0.6658835411071777,[52.72200012 27.58500004 11.55700016]
