,scores,centers
0,0.9992175102233887,[ 50.63399982 -26.24900055   2.9470005 ]
