,scores,centers
0,0.9984826445579529,[ 1.19200134 11.77499962 31.37300014]
1,0.9906315803527832,[ 1.19200134 29.77499962 41.37300014]
