,scores,centers
0,0.9997914433479309,[27.51100016 14.12800026  5.05400085]
1,0.9997022747993469,[37.51100016 16.12800026 31.05400085]
