,scores,centers
0,0.9930604696273804,[50.42399979 22.18700027 41.82699966]
1,0.9920935034751892,[42.42399979 18.18700027 51.82699966]
2,0.9529305100440979,[50.42399979  8.18700027 51.82699966]
3,0.7449378371238708,[42.42399979  4.18700027 47.82699966]
4,0.5531208515167236,[32.42399979  8.18700027 39.82699966]
