,scores,centers
0,0.9989782571792603,[47.39999962 33.11800003 -0.97299957]
1,0.9995051622390747,[17.39999962 21.11800003 11.02700043]
2,0.9934238195419312,[ 3.39999962 39.11800003 19.02700043]
