,scores,centers
0,0.9990589022636414,[56.93300056 49.69799995 38.46699905]
1,0.9984779953956604,[78.93300056 25.69799995 40.46699905]
