,scores,centers
0,0.9995847344398499,[ 6.94300079 35.19299984 19.84499931]
1,0.9951884746551514,[16.94300079 53.19299984 27.84499931]
