,scores,centers
0,0.9945494532585144,[-9.14699936 15.13199997 21.82700014]
1,0.9783998727798462,[ 2.85300064 11.13199997 19.82700014]
2,0.9326275587081909,[ 4.85300064 27.13199997 31.82700014]
3,0.8191331028938293,[ 4.85300064 11.13199997 31.82700014]
