,scores,centers
0,0.9993300437927246,[53.65799999 12.86000061 55.04399967]
