,scores,centers
0,0.9991410970687866,[56.45299911 57.6060009  24.39500046]
