,scores,centers
0,0.9990262985229492,[-19.95000076 -17.75400162  57.54500008]
1,0.9991164803504944,[26.04999924 -7.75400162 25.54500008]
2,0.9837664365768433,[  6.04999924 -13.75400162  53.54500008]
3,0.9612020254135132,[ -3.95000076 -23.75400162  73.54500008]
