,scores,centers
0,0.8930070400238037,[71.40299988 80.24700165 52.86100006]
1,0.8675578832626343,[69.40299988 80.24700165 52.86100006]
2,0.7635250687599182,[65.40299988 78.24700165 52.86100006]
