,scores,centers
0,0.9979842901229858,[-12.36700058  76.24599838   4.06299973]
1,0.9939907789230347,[-12.36700058  58.24599838   2.06299973]
2,0.7604829668998718,[-30.36700058  70.24599838   8.06299973]
3,0.5001723766326904,[-18.36700058  68.24599838  18.06299973]
4,0.5116848945617676,[-26.36700058  60.24599838 -13.93700027]
