,scores,centers
0,0.9985795021057129,[-35.7009964    9.96100044  38.75800037]
1,0.9980427026748657,[-31.7009964   19.96100044  18.75800037]
2,0.9939560294151306,[-33.7009964    5.96100044  22.75800037]
3,0.7572191953659058,[-53.7009964   21.96100044  26.75800037]
