,scores,centers
0,0.9988675117492676,[-4.46199799  3.86700058 13.20600128]
1,0.9976498484611511,[ 5.53800201 -6.13299942  7.20600128]
2,0.9859170317649841,[ 3.53800201 -4.13299942 25.20600128]
3,0.9689304232597351,[-14.46199799   5.86700058  29.20600128]
4,0.4939069151878357,[-16.46199799 -12.13299942   5.20600128]
