,scores,centers
0,0.999016284942627,[20.40299988 34.32000017 15.32999992]
1,0.997150719165802,[30.40299988 18.32000017  3.32999992]
2,0.9554214477539062,[10.40299988 20.32000017 23.32999992]
3,0.9084329605102539,[32.40299988 34.32000017 29.32999992]
