,scores,centers
0,0.9992226362228394,[25.         28.29899979 48.98900032]
1,0.9996451139450073,[19.         42.29899979 34.98900032]
