,scores,centers
0,0.9998476505279541,[ 27.07600021 -10.21300125  16.80699921]
