,scores,centers
0,0.9995617270469666,[ 0.29199982 -8.51699829  8.17200089]
1,0.9988020658493042,[-1.70800018 -4.51699829 10.17200089]
2,0.8340287804603577,[ 6.29199982  9.48300171 30.17200089]
3,0.6132161617279053,[ 4.29199982 21.48300171 26.17200089]
4,0.4044870436191559,[12.29199982 13.48300171 14.17200089]
