,scores,centers
0,0.9990874528884888,[-7.55699921 17.30999994  0.17900085]
1,0.9516547322273254,[-13.55699921  21.30999994  -3.82099915]
