,scores,centers
0,0.9983200430870056,[81.36599922 19.6779995  52.43099976]
1,0.9990550875663757,[53.36599922 51.6779995  40.43099976]
