,scores,centers
0,0.9977676868438721,[ 34.90100002 -34.31100082  31.71199989]
1,0.8875116109848022,[ 44.90100002 -32.31100082  25.71199989]
