,scores,centers
0,0.9993705153465271,[18.19400024 67.45199966 35.4659996 ]
1,0.9434789419174194,[20.19400024 53.45199966 35.4659996 ]
2,0.9277167916297913,[38.19400024 71.45199966 41.4659996 ]
3,0.9569987654685974,[30.19400024 67.45199966 27.4659996 ]
4,0.5973841547966003,[18.19400024 81.45199966 53.4659996 ]
5,0.40506672859191895,[26.19400024 87.45199966 31.4659996 ]
