,scores,centers
0,0.9993467926979065,[68.55099869 95.52700043 28.16400003]
1,0.996852457523346,[70.55099869 75.52700043 20.16400003]
