,scores,centers
0,0.9994264841079712,[43.53199959 64.61199951 80.89899826]
1,0.9904798865318298,[63.53199959 76.61199951 84.89899826]
