,scores,centers
0,0.9993392825126648,[11.9829998  21.03800011 31.13700008]
1,0.9929733276367188,[37.9829998  23.03800011 37.13700008]
