,scores,centers
0,0.998815655708313,[34.77200031 30.24499989 43.47599983]
1,0.9981887936592102,[42.77200031 50.24499989 49.47599983]
2,0.9691089391708374,[24.77200031 56.24499989 57.47599983]
3,0.9351828694343567,[54.77200031 36.24499989 53.47599983]
4,0.7311106324195862,[44.77200031 44.24499989 29.47599983]
