,scores,centers
0,0.999231219291687,[ 8.09199905 75.25500107 25.02400017]
1,0.9933486580848694,[14.09199905 91.25500107  5.02400017]
2,0.9968395233154297,[ 4.09199905 95.25500107 27.02400017]
