,scores,centers
0,0.9988214373588562,[28.80000019 15.28699875 24.97399998]
1,0.9991238713264465,[38.80000019 25.28699875 16.97399998]
2,0.925080418586731,[34.80000019 27.28699875 38.97399998]
