,scores,centers
0,0.9993426203727722,[40.64299965 12.60200024  2.82499981]
1,0.9871450066566467,[32.64299965 26.60200024 10.82499981]
2,0.883281946182251,[36.64299965 20.60200024 22.82499981]
3,0.8631618022918701,[44.64299965  8.60200024 14.82499981]
4,0.9192302227020264,[30.64299965  2.60200024 20.82499981]
