,scores,centers
0,0.9952607750892639,[53.48200035  0.58399963 35.47800016]
1,0.9863649606704712,[43.48200035  0.58399963 27.47800016]
2,0.9808714985847473,[39.48200035  4.58399963 15.47800016]
3,0.5605007410049438,[37.48200035 10.58399963 33.47800016]
