,scores,centers
0,0.9996767044067383,[22.21299982 61.28300095 80.3409996 ]
1,0.9824551939964294,[ 38.21299982  73.28300095 100.3409996 ]
2,0.9988792538642883,[28.21299982 69.28300095 68.3409996 ]
3,0.9967882633209229,[ 20.21299982  51.28300095 100.3409996 ]
