,scores,centers
0,0.9991762042045593,[-15.0530014   58.9129982   18.88000011]
1,0.9988197684288025,[-1.0530014  58.9129982  22.88000011]
2,0.933332622051239,[14.9469986  46.9129982  38.88000011]
3,0.5257323980331421,[12.9469986  60.9129982  36.88000011]
4,0.8543603420257568,[-33.0530014   56.9129982   16.88000011]
5,0.7363433837890625,[-29.0530014   72.9129982   12.88000011]
6,0.499070942401886,[-9.0530014  46.9129982  34.88000011]
