,scores,centers
0,0.9989476799964905,[34.73099995 30.09700012 45.36899948]
1,0.9984340071678162,[44.73099995 50.09700012 49.36899948]
2,0.9748719334602356,[26.73099995 56.09700012 57.36899948]
3,0.8852661848068237,[50.73099995 36.09700012 63.36899948]
4,0.841546356678009,[44.73099995 44.09700012 29.36899948]
