,scores,centers
0,0.9788225293159485,[17.97300005 33.74399996 16.5539999 ]
1,0.5963914394378662,[25.97300005 21.74399996  6.5539999 ]
2,0.538811206817627,[23.97300005 33.74399996 24.5539999 ]
