,scores,centers
0,0.9992005228996277,[40.25299978 41.25499916 32.68900013]
1,0.9989677667617798,[16.25299978 29.25499916 24.68900013]
2,0.9572902321815491,[22.25299978 39.25499916 16.68900013]
