,scores,centers
0,0.9970282912254333,[53.625       0.74699974 35.80800009]
1,0.9776934385299683,[45.625      -3.25300026 27.80800009]
2,0.6248630285263062,[35.625       2.74699974 27.80800009]
