,scores,centers
0,0.9993686079978943,[21.45400047 23.8579998  17.60300064]
1,0.9891607165336609,[ 5.45400047 29.8579998  11.60300064]
