,scores,centers
0,0.9990854263305664,[83.87900162 22.70800018 30.52999878]
1,0.9964224100112915,[103.87900162  32.70800018  34.52999878]
