,scores,centers
0,0.9971502423286438,[-17.5379982   23.08799982  50.15600014]
1,0.9904257655143738,[-25.5379982   33.08799982  44.15600014]
2,0.9858347773551941,[-11.5379982   17.08799982  32.15600014]
3,0.8422182202339172,[-23.5379982   29.08799982  58.15600014]
