,scores,centers
0,0.9994632601737976,[47.47999954 98.68699646 -2.28099823]
1,0.990895688533783,[ 35.47999954 106.68699646   1.71900177]
2,0.8802698254585266,[ 51.47999954  92.68699646 -22.28099823]
