,scores,centers
0,0.9983125925064087,[ 8.84499931  8.59499931 25.72200012]
1,0.9982823133468628,[-5.15500069 28.59499931  9.72200012]
2,0.9487047791481018,[ 6.84499931 16.59499931 39.72200012]
3,0.5931609869003296,[-11.15500069   6.59499931  41.72200012]
4,0.44523680210113525,[12.84499931 32.59499931 21.72200012]
