,scores,centers
0,0.9996505975723267,[14.99500275 15.46000004 23.59300041]
1,0.995972216129303,[-13.00499725  29.46000004  33.59300041]
2,0.9967373013496399,[-3.00499725  7.46000004 13.59300041]
