,scores,centers
0,0.9989100694656372,[18.82800007 21.67700005 -0.94799805]
1,0.998600423336029,[22.82800007 11.67700005 53.05200195]
