,scores,centers
0,0.938974142074585,[26.7329998  54.02899933 37.08300018]
1,0.7716519236564636,[ 8.7329998  50.02899933 41.08300018]
2,0.6601887941360474,[32.7329998  56.02899933 31.08300018]
3,0.5349892377853394,[18.7329998  54.02899933 45.08300018]
