,scores,centers
0,0.999439537525177,[43.9829998  35.03800011 23.15699959]
1,0.9993402361869812,[11.9829998  21.03800011 31.15699959]
2,0.995235025882721,[41.9829998  25.03800011 39.15699959]
3,0.979522705078125,[31.9829998  51.03800011 35.15699959]
