,scores,centers
0,0.9991620779037476,[64.20499992 60.30800009  4.39900017]
