,scores,centers
0,0.9943665862083435,[52.4279995  23.69500017 -6.16899872]
1,0.9360223412513733,[ 32.4279995   19.69500017 -18.16899872]
2,0.6400718092918396,[ 48.4279995   15.69500017 -18.16899872]
3,0.5368838310241699,[56.4279995  13.69500017 -2.16899872]
4,0.48593035340309143,[42.4279995  21.69500017 -4.16899872]
