,scores,centers
0,0.9991210103034973,[ -0.62899971 -75.71700287   8.07600021]
1,0.9980770349502563,[ 27.37100029 -53.71700287 -13.92399979]
2,0.997728168964386,[  9.37100029 -33.71700287   4.07600021]
3,0.9977472424507141,[ 59.37100029 -33.71700287   2.07600021]
