,scores,centers
0,0.9932287931442261,[  9.62100029 -61.73200226  31.42499924]
1,0.9546229839324951,[ 41.62100029 -53.73200226  35.42499924]
2,0.9556049704551697,[ 37.62100029 -47.73200226  31.42499924]
