,scores,centers
0,0.9994580149650574,[ 3.96199799  8.57799911 70.94099998]
1,0.9994150400161743,[ 9.96199799 14.57799911 44.94099998]
