,scores,centers
0,0.998696506023407,[86.59899902 10.22599983 -4.42099953]
1,0.9969459176063538,[68.59899902 40.22599983 41.57900047]
2,0.9956122636795044,[126.59899902   6.22599983  -0.42099953]
