,scores,centers
0,0.9994934797286987,[46.20800018 37.53000069 21.71199989]
1,0.9995521903038025,[16.20800018 17.53000069 33.71199989]
2,0.9950809478759766,[40.20800018 17.53000069 21.71199989]
3,0.9894990921020508,[22.20800018 27.53000069 17.71199989]
