,scores,centers
0,0.9984858632087708,[22.85599899 -1.22800064 16.28300095]
1,0.9989492297172546,[20.85599899 10.77199936 40.28300095]
