,scores,centers
0,0.9980144500732422,[24.82900047 15.27000046  1.36000061]
1,0.9988600015640259,[16.82900047  5.27000046 23.36000061]
2,0.9978036284446716,[38.82900047 21.27000046  1.36000061]
