,scores,centers
0,0.9992917776107788,[ 53.56399918  42.82800007 -39.90000153]
1,0.9992293119430542,[ 91.56399918   8.82800007 -13.90000153]
