,scores,centers
0,0.998271107673645,[-4.41600037  5.71999931 15.04999924]
1,0.9982929825782776,[ 3.58399963 -6.28000069  7.04999924]
2,0.9714951515197754,[-16.41600037  -8.28000069  31.04999924]
3,0.9698377847671509,[-14.41600037   5.71999931  29.04999924]
