,scores,centers
0,0.9994688630104065,[43.95800018 37.06599998 22.14699984]
1,0.999515175819397,[15.95800018 17.06599998 32.14699984]
2,0.9970085024833679,[39.95800018 19.06599998 22.14699984]
3,0.9826874136924744,[19.95800018 41.06599998 32.14699984]
