,scores,centers
0,0.9991315007209778,[30.54899979 -1.03700256 13.22400093]
1,0.996030867099762,[ 14.54899979 -13.03700256  37.22400093]
2,0.9869406819343567,[ 8.54899979  4.96299744 -4.77599907]
