,scores,centers
0,0.9914432168006897,[45.22499847 15.85400009 23.9469986 ]
1,0.8680693507194519,[53.22499847 27.85400009 13.9469986 ]
2,0.9009320735931396,[61.22499847 25.85400009 39.9469986 ]
3,0.7495613098144531,[67.22499847 19.85400009 35.9469986 ]
4,0.45988693833351135,[65.22499847 15.85400009 25.9469986 ]
5,0.4143006205558777,[ 45.22499847  25.85400009 -10.0530014 ]
