,scores,centers
0,0.9980254173278809,[-8.80799866 13.52099991 13.16600037]
1,0.9994620680809021,[ 1.19200134 11.52099991 37.16600037]
2,0.9841414093971252,[-28.80799866   5.52099991  -0.83399963]
