,scores,centers
0,0.9995110034942627,[ 16.23300171  29.19199944 123.75900269]
1,0.9993762373924255,[ 26.23300171   9.19199944 149.75900269]
