,scores,centers
0,0.9993194341659546,[26.36700058  2.30500031 50.97099972]
