,scores,centers
0,0.9979308843612671,[27.57999992 18.0170002  60.75600052]
1,0.9974294304847717,[19.57999992  8.0170002  68.75600052]
2,0.937749981880188,[17.57999992 22.0170002  66.75600052]
3,0.9708446264266968,[13.57999992  8.0170002  44.75600052]
4,0.786449134349823,[19.57999992 32.0170002  42.75600052]
5,0.4807543158531189,[11.57999992 18.0170002  34.75600052]
