,scores,centers
0,0.9939170479774475,[60.7840004  40.25900078 37.36800003]
1,0.983155369758606,[70.7840004  54.25900078 35.36800003]
2,0.9457115530967712,[78.7840004  38.25900078 41.36800003]
3,0.5454636812210083,[72.7840004  28.25900078 25.36800003]
4,0.6560307741165161,[64.7840004  28.25900078 35.36800003]
5,0.6025391817092896,[56.7840004  26.25900078 19.36800003]
6,0.508874773979187,[74.7840004  42.25900078 19.36800003]
