,scores,centers
0,0.9991331696510315,[-17.77600098  35.54199982   6.15699768]
1,0.9632453322410583,[-1.77600098 21.54199982 -1.84300232]
2,0.7642122507095337,[ 0.22399902 39.54199982  8.15699768]
