,scores,centers
0,0.9994075298309326,[46.33499908 44.23099995 10.99900055]
1,0.9969096779823303,[66.33499908 36.23099995 12.99900055]
