,scores,centers
0,0.9994540810585022,[ 6.3409996   2.04500008 16.5359993 ]
1,0.9992170333862305,[38.3409996  -3.95499992  4.5359993 ]
