,scores,centers
0,0.9992892742156982,[ 17.60700035 -10.09999847  23.12100029]
1,0.9848805665969849,[39.60700035  7.90000153 31.12100029]
2,0.9728628396987915,[21.60700035  5.90000153 25.12100029]
3,0.7589101195335388,[37.60700035  7.90000153 11.12100029]
