,scores,centers
0,0.9980672001838684,[36.86499977 17.73699999 23.77099991]
1,0.9774762392044067,[36.86499977 25.73699999 45.77099991]
2,0.9727814793586731,[38.86499977 13.73699999  7.77099991]
3,0.9043420553207397,[32.86499977 35.73699999 41.77099991]
4,0.794841468334198,[40.86499977 29.73699999 21.77099991]
5,0.6632229089736938,[40.86499977 27.73699999 17.77099991]
