,scores,centers
0,0.9987586736679077,[ 28.52799988 -18.00999832  17.02099991]
1,0.9988800883293152,[12.52799988 17.99000168  5.02099991]
