,scores,centers
0,0.9995874762535095,[19.35300064 36.43899918 39.08499908]
1,0.9946739673614502,[17.35300064 -7.56100082 47.08499908]
2,0.9944761395454407,[ 7.35300064 18.43899918 69.08499908]
