,scores,centers
0,0.9991443157196045,[33.39799976 11.96300125 -5.36499977]
1,0.9988340735435486,[19.39799976  5.96300125 12.63500023]
2,0.9912769794464111,[17.39799976  7.96300125 -3.36499977]
