,scores,centers
0,0.9989076852798462,[49.69599915  0.94099998 35.98099995]
1,0.9085548520088196,[57.69599915  2.94099998 35.98099995]
2,0.5227898359298706,[45.69599915 18.94099998 21.98099995]
