,scores,centers
0,0.9996670484542847,[71.04399872 13.79299927 23.99200058]
1,0.9996597766876221,[85.04399872 31.79299927 15.99200058]
