,scores,centers
0,0.9983331561088562,[ 35.03700018  75.94200134 -19.02799988]
1,0.9893224835395813,[ 29.03700018  71.94200134 -11.02799988]
2,0.7227267622947693,[25.03700018 63.94200134 -1.02799988]
3,0.7378105521202087,[ 35.03700018  95.94200134 -17.02799988]
4,0.8719270825386047,[19.03700018 79.94200134 -5.02799988]
