,scores,centers
0,0.9992246627807617,[22.55200005 11.62300014 33.29599953]
1,0.9909837245941162,[28.55200005 23.62300014 33.29599953]
2,0.7949736714363098,[20.55200005 21.62300014 47.29599953]
