,scores,centers
0,0.9994950294494629,[-7.91799927 52.45700073 44.23400021]
1,0.9685192704200745,[-3.91799927 32.45700073 34.23400021]
2,0.9426940083503723,[-17.91799927  36.45700073  32.23400021]
