,scores,centers
0,0.9973210692405701,[49.51100016 28.84600019 28.40299988]
1,0.9921627640724182,[29.51100016 20.84600019  6.40299988]
2,0.9834465384483337,[27.51100016 28.84600019 30.40299988]
