,scores,centers
0,0.9981209635734558,[-34.01399994  25.46500015  67.20800018]
1,0.9974228143692017,[35.98600006 55.46500015 27.20800018]
2,0.9983524084091187,[ 3.98600006  7.46500015 21.20800018]
