,scores,centers
0,0.9984632730484009,[ 19.62100029 -14.15299988  38.38899994]
1,0.9434324502944946,[  5.62100029 -18.15299988  32.38899994]
2,0.9917188882827759,[25.62100029  9.84700012 40.38899994]
