,scores,centers
0,0.999150276184082,[ 0.2840004  75.66799927  3.13600159]
1,0.9990599751472473,[-9.7159996  59.66799927 -2.86399841]
2,0.9937060475349426,[-15.7159996   77.66799927  15.13600159]
3,0.839711606502533,[-33.7159996   61.66799927  -6.86399841]
