,scores,centers
0,0.996955394744873,[16.21899986 16.08300018 12.59799957]
1,0.9994980096817017,[32.21899986 -3.91699982  2.59799957]
2,0.9992552399635315,[12.21899986 38.08300018 18.59799957]
