,scores,centers
0,0.9977232813835144,[17.80000019 58.79899979 21.63399982]
1,0.9971086382865906,[ 9.80000019 52.79899979 17.63399982]
2,0.9776754379272461,[33.80000019 52.79899979 27.63399982]
3,0.6866817474365234,[31.80000019 48.79899979 15.63399982]
