,scores,centers
0,0.9988203644752502,[ 7.60700035 42.79700089  9.45600128]
1,0.9969736337661743,[17.60700035 60.79700089 21.45600128]
2,0.9878215193748474,[25.60700035 52.79700089  7.45600128]
3,0.6971845626831055,[23.60700035 42.79700089  9.45600128]
