,scores,centers
0,0.9991254210472107,[59.08799934 50.72399998 38.57299995]
1,0.9979063272476196,[61.08799934 28.72399998 54.57299995]
