,scores,centers
0,0.9979212880134583,[20.60499954 16.45800018 61.64199829]
1,0.99913090467453,[24.60499954 28.45800018 71.64199829]
2,0.9992252588272095,[ 2.60499954  0.45800018 55.64199829]
3,0.5735611915588379,[16.60499954  8.45800018 45.64199829]
