,scores,centers
0,0.9996222257614136,[131.51399994 114.25700378  89.74800014]
1,0.9996046423912048,[121.51399994 112.25700378  29.74800014]
