,scores,centers
0,0.9989306330680847,[23.77400017 24.65800095 29.06000042]
