,scores,centers
0,0.9930886626243591,[ 69.86700058 -39.94400024  32.9289999 ]
1,0.987598717212677,[ 63.86700058 -47.94400024  10.9289999 ]
