,scores,centers
0,0.9989466071128845,[  2.06399918  49.5250001  151.38999939]
1,0.9989563226699829,[  4.06399918  21.5250001  133.38999939]
2,0.9165744185447693,[ 16.06399918  11.5250001  153.38999939]
