,scores,centers
0,0.9991853833198547,[40.53499985 17.90100002 63.76499939]
1,0.9193944334983826,[56.53499985 13.90100002 75.76499939]
2,0.8347998261451721,[36.53499985  5.90100002 51.76499939]
