,scores,centers
0,0.9977808594703674,[14.70100021 18.07099915  5.00099945]
1,0.997323751449585,[32.70100021 16.07099915  7.00099945]
2,0.9900409579277039,[26.70100021  0.07099915 -0.99900055]
3,0.8910554647445679,[24.70100021 -1.92900085 13.00099945]
4,0.9200875163078308,[28.70100021 22.07099915 25.00099945]
5,0.7463104724884033,[14.70100021 28.07099915 19.00099945]
