,scores,centers
0,0.9990498423576355,[18.92500019 17.26599979 14.2140007 ]
