,scores,centers
0,0.9990641474723816,[13.53699875 47.05599976 58.60800171]
