,scores,centers
0,0.999413251876831,[82.00400162 31.15399981  9.98999786]
1,0.9942827224731445,[ 76.00400162  35.15399981 -20.01000214]
