,scores,centers
0,0.9990838766098022,[14.31299973 52.4090004  79.60000038]
1,0.9963864088058472,[28.31299973 64.4090004  69.60000038]
