,scores,centers
0,0.9994121789932251,[ 7.53100014 27.24800014 12.79800034]
1,0.9985260367393494,[11.53100014 21.24800014 16.79800034]
