,scores,centers
0,0.9990839958190918,[-135.32299805    8.45500183   65.10900116]
1,0.9977036118507385,[-121.32299805  -13.54499817   65.10900116]
2,0.9943640232086182,[-135.32299805  -17.54499817   67.10900116]
