,scores,centers
0,0.9980560541152954,[17.21199989 50.60499954 59.0529995 ]
1,0.9924121499061584,[ 5.21199989 42.60499954 57.0529995 ]
2,0.7808821201324463,[-2.78800011 32.60499954 47.0529995 ]
