,scores,centers
0,0.9986414313316345,[12.36299992 52.86000061 51.5529995 ]
1,0.9700725078582764,[26.36299992 68.86000061 37.5529995 ]
2,0.9893807172775269,[48.36299992 64.86000061 53.5529995 ]
3,0.6315798163414001,[28.36299992 74.86000061 53.5529995 ]
