,scores,centers
0,0.9990205764770508,[11.45400238 -5.59400177 -7.34499931]
1,0.9822118878364563,[23.45400238  8.40599823 14.65500069]
