,scores,centers
0,0.9986860156059265,[ 5.75399971 38.91800022 41.04399967]
1,0.9937328696250916,[15.75399971 20.91800022 25.04399967]
