,scores,centers
0,0.9991587400436401,[ 21.47399998   8.70800018 113.41400146]
1,0.997735857963562,[ 33.47399998  10.70800018 107.41400146]
2,0.9849241971969604,[ 29.47399998  -5.29199982 117.41400146]
3,0.9226197004318237,[ 47.47399998  10.70800018 123.41400146]
