,scores,centers
0,0.9997943043708801,[26.08100128 62.21999931 27.76399994]
1,0.9985361099243164,[28.08100128 76.21999931  9.76399994]
