,scores,centers
0,0.9992932081222534,[ 13.23899841 -14.99399948  32.36000061]
1,0.9990353584289551,[37.23899841 -2.99399948 16.36000061]
