,scores,centers
0,0.999351441860199,[10.57500076 32.24400043 29.85599995]
1,0.9982606768608093,[10.57500076 30.24400043 23.85599995]
2,0.9389287233352661,[24.57500076 28.24400043 27.85599995]
3,0.9422252774238586,[20.57500076 32.24400043 45.85599995]
