,scores,centers
0,0.9983110427856445,[ 7.65699959 -1.43700027 42.05799961]
1,0.8989297151565552,[-0.34300041  0.56299973 24.05799961]
2,0.43291938304901123,[ 5.65699959 14.56299973 22.05799961]
