,scores,centers
0,0.9992978572845459,[27.42500019 30.32799911 38.64400101]
1,0.9970685839653015,[31.42500019  4.32799911  4.64400101]
