,scores,centers
0,0.9984475374221802,[53.75600052  0.88199997 36.09499979]
1,0.9822530746459961,[45.75600052 -3.11800003 28.09499979]
2,0.5627800226211548,[45.75600052 18.88199997 22.09499979]
