,scores,centers
0,0.9997707009315491,[ 33.03100014 101.48200226  10.22700119]
1,0.9964739680290222,[ 35.03100014 119.48200226   2.22700119]
2,0.9839594960212708,[ 25.03100014 113.48200226  10.22700119]
