,scores,centers
0,0.9975647926330566,[35.20699978 14.16599989 29.43900013]
1,0.9776222705841064,[27.20699978 16.16599989 25.43900013]
2,0.9703603386878967,[25.20699978 14.16599989 27.43900013]
3,0.5885487794876099,[31.20699978 30.16599989 21.43900013]
4,0.7051059007644653,[25.20699978 16.16599989 31.43900013]
