,scores,centers
0,0.9991902709007263,[21.87699986 -1.45800018 15.26799965]
1,0.9980111122131348,[39.87699986 18.54199982 19.26799965]
2,0.9532532095909119,[25.87699986 -1.45800018 31.26799965]
