,scores,centers
0,0.9991229176521301,[15.57799911  7.5        30.97200012]
1,0.9911360740661621,[21.57799911 13.5         6.97200012]
2,0.9951382875442505,[-6.42200089  7.5         2.97200012]
