,scores,centers
0,0.9991167187690735,[87.52799988 25.89500046  5.06100082]
1,0.9992908239364624,[47.52799988 27.89500046 13.06100082]
