,scores,centers
0,0.9989570379257202,[39.4279995   8.21700001 18.7859993 ]
