,scores,centers
0,0.9982840418815613,[15.31299973 21.84300041  7.46199989]
1,0.9234462380409241,[19.31299973 37.84300041 21.46199989]
2,0.434379518032074,[27.31299973 31.84300041  5.46199989]
