,scores,centers
0,0.9990609288215637,[53.70199966 26.14400005 56.28300095]
1,0.9933121800422668,[39.70199966 32.14400005 58.28300095]
2,0.8962479829788208,[43.70199966  8.14400005 66.28300095]
3,0.6329070329666138,[45.70199966 34.14400005 40.28300095]
4,0.7210192084312439,[41.70199966 16.14400005 60.28300095]
5,0.7911444902420044,[37.70199966 20.14400005 48.28300095]
6,0.6497684121131897,[53.70199966 14.14400005 66.28300095]
