,scores,centers
0,0.9933465719223022,[-2.62400055  2.97800064 -2.79000092]
1,0.9922873973846436,[-16.62400055 -11.02199936  -6.79000092]
2,0.9517530798912048,[-26.62400055  -9.02199936  15.20999908]
3,0.944879412651062,[-12.62400055  12.97800064  -0.79000092]
