,scores,centers
0,0.9996545314788818,[35.24699974 45.46899986 61.38500023]
