,scores,centers
0,0.9965512752532959,[16.11899948 16.13299942 12.54400063]
1,0.9991288781166077,[12.11899948 38.13299942 16.54400063]
2,0.9995600581169128,[30.11899948 -3.86700058  2.54400063]
