,scores,centers
0,0.9995323419570923,[21.5890007  23.46700001 19.42100143]
1,0.9967515468597412,[ 5.5890007  29.46700001 13.42100143]
