,scores,centers
0,0.9908376336097717,[27.921      17.06000042 13.69000006]
1,0.9899494647979736,[31.921      23.06000042 21.69000006]
2,0.6334311962127686,[17.921      25.06000042 21.69000006]
