,scores,centers
0,0.9982566237449646,[ 42.41399956  19.77400017 141.73600006]
1,0.9983177185058594,[ 64.41399956  29.77400017 115.73600006]
2,0.9084438681602478,[ 60.41399956   7.77400017 115.73600006]
