,scores,centers
0,0.9993205070495605,[17.11299896 40.12800026 59.68400002]
1,0.9989941716194153,[33.11299896 24.12800026 45.68400002]
