,scores,centers
0,0.9995763897895813,[14.73999977 23.88700008  9.09899902]
1,0.9791821241378784,[18.73999977 43.88700008 17.09899902]
2,0.9983037710189819,[14.73999977 29.88700008 29.09899902]
