,scores,centers
0,0.9147876501083374,[ -5.71099854  18.68199921 252.0980072 ]
1,0.40139147639274597,[-25.71099854  -1.31800079 242.0980072 ]
