,scores,centers
0,0.9892774820327759,[66.64199829 27.13000011 20.92099953]
1,0.9773564338684082,[68.64199829 13.13000011 18.92099953]
2,0.8147027492523193,[74.64199829 17.13000011 26.92099953]
3,0.5704172253608704,[84.64199829 25.13000011 18.92099953]
4,0.4622732996940613,[72.64199829 25.13000011  6.92099953]
5,0.5423422455787659,[60.64199829 13.13000011 28.92099953]
