,scores,centers
0,0.9995914101600647,[10.13899994 15.73399925 40.31099987]
1,0.9986246824264526,[10.13899994 11.73399925 56.31099987]
2,0.9337132573127747,[30.13899994  9.73399925 32.31099987]
3,0.7255330681800842,[22.13899994 11.73399925 18.31099987]
4,0.8358898758888245,[ 4.13899994 -0.26600075 32.31099987]
