,scores,centers
0,0.9945474863052368,[53.36800003  0.86499977 35.42700005]
1,0.9013771414756775,[43.36800003  0.86499977 27.42700005]
2,0.4709646701812744,[55.36800003  6.86499977 21.42700005]
3,0.6294307708740234,[39.36800003 10.86499977 33.42700005]
4,0.4444103538990021,[49.36800003 16.86499977 19.42700005]
