,scores,centers
0,0.995781660079956,[10.69199944 56.64599991 17.7869997 ]
1,0.9471037983894348,[-1.30800056 54.64599991 31.7869997 ]
2,0.8966259360313416,[-7.30800056 62.64599991 37.7869997 ]
3,0.8137825727462769,[-15.30800056  66.64599991  29.7869997 ]
4,0.4501306712627411,[-1.30800056 48.64599991 15.7869997 ]
