,scores,centers
0,0.9992783665657043,[19.59899998 55.70299911 28.56599998]
1,0.9962005019187927,[41.59899998 35.70299911 18.56599998]
