,scores,centers
0,0.9994791150093079,[ 3.70400238  8.22599983 70.82600021]
1,0.9993011951446533,[11.70400238 10.22599983 32.82600021]
