,scores,centers
0,0.9993522763252258,[-42.01599884   0.13800049  -8.99200058]
1,0.9992614388465881,[31.98400116 -7.86199951 -6.99200058]
