,scores,centers
0,0.9994500279426575,[56.05000019 90.01800156 68.7670002 ]
1,0.9993797540664673,[36.05000019 60.01800156 46.7670002 ]
