,scores,centers
0,0.9989355206489563,[30.3239994  28.17599964 -4.42399979]
1,0.6656835675239563,[34.3239994  20.17599964  7.57600021]
