,scores,centers
0,0.998236894607544,[28.54300022 -6.16900063 13.02600098]
1,0.9945800304412842,[30.54300022  9.83099937 -0.97399902]
2,0.9550013542175293,[ 12.54300022  11.83099937 -12.97399902]
