,scores,centers
0,0.999334990978241,[31.39000034  1.58499908 14.67900085]
1,0.9986032843589783,[37.39000034 11.58499908 24.67900085]
2,0.7244884371757507,[21.39000034 15.58499908 28.67900085]
3,0.8355481028556824,[27.39000034  1.58499908  6.67900085]
4,0.7634756565093994,[25.39000034 -2.41500092 30.67900085]
5,0.5971449613571167,[21.39000034 11.58499908  2.67900085]
