,scores,centers
0,0.9993177652359009,[46.83300018 44.5340004  12.69200134]
1,0.9954652190208435,[66.83300018 36.5340004   8.69200134]
