,scores,centers
0,0.9906156659126282,[31.94000006 52.16699982 49.25399971]
1,0.9930464625358582,[19.94000006 80.16699982 79.25399971]
2,0.9980196952819824,[35.94000006 76.16699982 59.25399971]
