,scores,centers
0,0.9993258714675903,[-3.63599968 49.6079998   8.8579998 ]
1,0.9995051622390747,[32.36400032 41.6079998   8.8579998 ]
