,scores,centers
0,0.999495267868042,[36.88800001 42.52000046 17.34799957]
1,0.9961373209953308,[54.88800001 22.52000046 21.34799957]
2,0.9842394590377808,[18.88800001 48.52000046 -4.65200043]
