,scores,centers
0,0.9984093308448792,[ 53.53299999 -17.75299835 -24.33599854]
1,0.9972087740898132,[ 27.53299999   6.24700165 -12.33599854]
2,0.9980927109718323,[ 43.53299999  20.24700165 -22.33599854]
