,scores,centers
0,0.9988755583763123,[ 13.19499969 100.18000031  73.60400009]
1,0.9933670163154602,[  7.19499969 114.18000031  73.60400009]
2,0.9313709735870361,[ -6.80500031 104.18000031  69.60400009]
3,0.97209632396698,[ 1.19499969 86.18000031 87.60400009]
4,0.7739355564117432,[13.19499969 94.18000031 87.60400009]
