,scores,centers
0,0.9992595314979553,[14.27600002  0.29899979  1.36100006]
