,scores,centers
0,0.9929183125495911,[ 9.33199978 -5.54599953 32.43599987]
1,0.9856648445129395,[13.33199978 -7.54599953 22.43599987]
2,0.7186782956123352,[ 9.33199978 -1.54599953 44.43599987]
3,0.7191089391708374,[21.33199978  6.45400047 34.43599987]
