,scores,centers
0,0.9992504715919495,[29.16499996 26.00699997 28.84600019]
1,0.996809184551239,[33.16499996 26.00699997 34.84600019]
