,scores,centers
0,0.9997683167457581,[ 47.81800079 102.54399872  37.21100044]
