,scores,centers
0,0.9993007183074951,[31.54500008  9.9279995  24.46999931]
1,0.9972791075706482,[45.54500008 17.9279995  -7.53000069]
