,scores,centers
0,0.9994377493858337,[25.77799988 -2.77700043 17.01099968]
1,0.9990068078041077,[21.77799988 -6.77700043 -8.98900032]
2,0.9846440553665161,[17.77799988  1.22299957  5.01099968]
3,0.9655489325523376,[  9.77799988 -12.77700043  23.01099968]
