,scores,centers
0,0.9995642304420471,[40.68400002 44.45000076 50.73700047]
1,0.9977783560752869,[26.68400002 66.45000076 42.73700047]
