,scores,centers
0,0.9987668991088867,[ 6.66600037  7.48200035 28.21899986]
1,0.9978742599487305,[-3.33399963 29.48200035 10.21899986]
2,0.9865216612815857,[-5.33399963  7.48200035 20.21899986]
3,0.9733965396881104,[ 6.66600037 19.48200035 38.21899986]
4,0.6828776597976685,[18.66600037 17.48200035 16.21899986]
