,scores,centers
0,0.9991648197174072,[-10.97800064  16.36499977  29.19099998]
1,0.9830746054649353,[-2.97800064 24.36499977 47.19099998]
