,scores,centers
0,0.9997660517692566,[30.2489996   8.02499962 40.09600067]
1,0.990920901298523,[12.2489996   8.02499962 56.09600067]
2,0.9974676370620728,[28.2489996  14.02499962 38.09600067]
