,scores,centers
0,0.9996335506439209,[20.54000092  7.17399979 55.59000015]
