,scores,centers
0,0.9986878037452698,[27.45499992 36.171      79.16500092]
1,0.984375536441803,[39.45499992 28.171      69.16500092]
2,0.8378422260284424,[33.45499992 64.171      81.16500092]
3,0.896389365196228,[43.45499992 14.171      83.16500092]
