,scores,centers
0,0.998881995677948,[84.80500031 35.23499966 14.97599983]
1,0.9728286266326904,[94.80500031 55.23499966 28.97599983]
2,0.9387114644050598,[84.80500031 47.23499966 38.97599983]
3,0.6871227622032166,[82.80500031 61.23499966 22.97599983]
4,0.7539433240890503,[96.80500031 49.23499966  4.97599983]
