,scores,centers
0,0.9993853569030762,[18.67900085  9.67399979  7.86400032]
1,0.9945076107978821,[14.67900085 -0.32600021 19.86400032]
