,scores,centers
0,0.9992546439170837,[72.51900101 49.95400047 47.86100006]
1,0.985062837600708,[54.51900101 35.95400047 35.86100006]
2,0.9831776022911072,[94.51900101 41.95400047 47.86100006]
