,scores,centers
0,0.9992351531982422,[26.03800011 25.2579999  24.98799992]
1,0.9733215570449829,[42.03800011 39.2579999  20.98799992]
