,scores,centers
0,0.9994328618049622,[29.95299911 23.77600002 86.4469986 ]
1,0.8097677230834961,[37.95299911 21.77600002 76.4469986 ]
