,scores,centers
0,0.9926748871803284,[ 15.25500011   0.11499977 -16.03099823]
1,0.9696782231330872,[ 31.25500011   4.11499977 -10.03099823]
2,0.4563636779785156,[ 25.25500011  -5.88500023 -16.03099823]
