,scores,centers
0,0.9876991510391235,[14.05600023 31.77699995 16.62599945]
1,0.8785413503646851,[28.05600023 17.77699995  4.62599945]
2,0.6035964488983154,[24.05600023 33.77699995 24.62599945]
3,0.5926598310470581,[36.05600023 25.77699995 16.62599945]
