,scores,centers
0,0.9988883137702942,[20.65400028 26.69199944 42.54500008]
1,0.9975026249885559,[12.65400028 46.69199944 52.54500008]
2,0.9807761907577515,[34.65400028 12.69199944 36.54500008]
