,scores,centers
0,0.9988793730735779,[-1.93399811 61.88599968 66.04199982]
1,0.9990241527557373,[ 2.06600189 17.88599968 40.04199982]
2,0.9982175230979919,[ 2.06600189 93.88599968 70.04199982]
