,scores,centers
0,0.998391330242157,[-16.5359993   18.80700016  42.85199928]
1,0.9936920404434204,[-0.5359993  36.80700016 46.85199928]
