,scores,centers
0,0.9993023872375488,[47.41800022 -1.93899918 26.32400131]
