,scores,centers
0,0.9995774626731873,[ 8.49200058 47.92199993 51.06400013]
1,0.9996849298477173,[12.49200058 19.92199993 31.06400013]
2,0.9947555065155029,[36.49200058 21.92199993 19.06400013]
