,scores,centers
0,0.9881373047828674,[12.9470005  34.21600008  1.48600006]
1,0.993213415145874,[ 4.9470005  24.21600008 11.48600006]
2,0.9827647805213928,[28.9470005  38.21600008 13.48600006]
3,0.9765324592590332,[30.9470005  26.21600008 11.48600006]
4,0.6797306537628174,[22.9470005  44.21600008 -8.51399994]
