,scores,centers
0,0.9942400455474854,[ -9.61999893  -8.5        -17.3390007 ]
1,0.9891681671142578,[-21.61999893   1.5        -21.3390007 ]
2,0.9712786078453064,[ -7.61999893 -12.5        -31.3390007 ]
3,0.863155722618103,[ 10.38000107 -18.5         -9.3390007 ]
4,0.41291818022727966,[ 10.38000107  -0.5        -17.3390007 ]
