,scores,centers
0,0.9990155696868896,[43.78999996 -2.17300034 15.48500061]
1,0.9991862177848816,[ 21.78999996 -10.17300034  21.48500061]
2,0.9638670086860657,[ 49.78999996 -10.17300034  35.48500061]
