,scores,centers
0,0.9990906715393066,[21.7159996  94.88500214 49.79700089]
1,0.9981279969215393,[25.7159996  78.88500214 41.79700089]
2,0.9753178954124451,[29.7159996  98.88500214 67.79700089]
