,scores,centers
0,0.9991337656974792,[ 18.18899918 -13.65000153  23.25300026]
1,0.9946911931037903,[16.18899918  4.34999847 33.25300026]
2,0.978459358215332,[ 2.18899918 12.34999847 27.25300026]
3,0.9378678798675537,[ 4.18899918  0.34999847 11.25300026]
