,scores,centers
0,0.9974946975708008,[35.39599991 19.87099981 42.05900002]
1,0.9910036325454712,[51.39599991 33.87099981 48.05900002]
2,0.9685162901878357,[55.39599991 29.87099981 32.05900002]
3,0.923488438129425,[49.39599991 17.87099981 54.05900002]
4,0.9178893566131592,[47.39599991 21.87099981 38.05900002]
