,scores,centers
0,0.9966297745704651,[ 8.80400085 56.63999939 17.79799986]
1,0.9586585164070129,[-1.19599915 50.63999939 31.79799986]
2,0.9618554711341858,[-15.19599915  66.63999939  27.79799986]
3,0.8034236431121826,[-9.19599915 64.63999939 35.79799986]
