,scores,centers
0,0.9846179485321045,[ 8.20800018 -7.32600021  4.20199966]
1,0.9795954823493958,[16.20800018  0.67399979 16.20199966]
2,0.9564762711524963,[ 22.20800018 -17.32600021  24.20199966]
