,scores,centers
0,0.9992658495903015,[22.38199997  4.57900047 -9.56999969]
1,0.9995761513710022,[32.38199997 56.57900047 24.43000031]
2,0.998468816280365,[26.38199997 28.57900047  8.43000031]
