,scores,centers
0,0.9992522597312927,[ 9.12100029 -7.0019989  21.11899948]
1,0.9936075210571289,[  7.12100029 -13.0019989    9.11899948]
2,0.9803362488746643,[-0.87899971  6.9980011  13.11899948]
3,0.8015610575675964,[21.12100029  0.9980011  13.11899948]
