,scores,centers
0,0.9992154836654663,[22.39400101  4.7159996  -9.43299866]
1,0.9995177984237671,[32.39400101 56.7159996  24.56700134]
2,0.9985817670822144,[26.39400101 28.7159996   8.56700134]
