,scores,centers
0,0.9995030164718628,[ 6.57900238 39.29199982 43.32799911]
1,0.9990171194076538,[10.57900238 49.29199982 77.32799911]
