,scores,centers
0,0.9986701011657715,[36.94199944 15.7869997  22.32999992]
1,0.9791082739830017,[36.94199944 23.7869997  46.32999992]
2,0.7898030281066895,[30.94199944 35.7869997  26.32999992]
