,scores,centers
0,0.998023271560669,[12.67300034  8.57499981 -5.88500023]
1,0.9756556153297424,[24.67300034 10.57499981 -5.88500023]
