,scores,centers
0,0.9986581802368164,[-2.95100021 -4.69400024 32.77400017]
1,0.9895513653755188,[13.04899979 -4.69400024 30.77400017]
2,0.9747726917266846,[ 7.04899979 -8.69400024 48.77400017]
3,0.9053485989570618,[-2.95100021 21.30599976 34.77400017]
