,scores,centers
0,0.9992479681968689,[88.28300095 25.56700134  5.375     ]
1,0.9996980428695679,[50.28300095 27.56700134 13.375     ]
