,scores,centers
0,0.9988446235656738,[10.33899975 25.75       27.64499998]
1,0.9920290112495422,[20.33899975 17.75       17.64499998]
