,scores,centers
0,0.9973128437995911,[37.85700035 26.43900013 21.87199974]
1,0.9941406846046448,[41.85700035 14.43900013 37.87199974]
2,0.9435515403747559,[49.85700035 30.43900013 39.87199974]
3,0.9421662092208862,[41.85700035 50.43900013 39.87199974]
