,scores,centers
0,0.9980922341346741,[ 26.82999992 -20.61700058 117.33100128]
1,0.997353196144104,[  4.82999992 -22.61700058 107.33100128]
2,0.9961643218994141,[ 16.82999992 -38.61700058 103.33100128]
3,0.9559878706932068,[ 36.82999992   7.38299942 123.33100128]
