,scores,centers
0,0.9993844032287598,[-24.45700073 -14.6969986   74.53700066]
1,0.9992679953575134,[-20.45700073 -48.6969986   64.53700066]
