,scores,centers
0,0.9994558691978455,[45.66699982 13.01900101 41.47900009]
1,0.9994254112243652,[27.66699982 29.01900101 49.47900009]
