,scores,centers
0,0.9994451403617859,[24.01499939 15.7140007  22.79600143]
