,scores,centers
0,0.9990668892860413,[8.98699951 2.81599998 7.52299881]
1,0.9392886161804199,[ 2.98699951  0.81599998 -0.47700119]
2,0.8996555805206299,[2.98699951 4.81599998 7.52299881]
