,scores,centers
0,0.9973336458206177,[33.97300005 43.02599907 -5.58200073]
1,0.9638462066650391,[37.97300005 61.02599907  0.41799927]
2,0.9909583330154419,[27.97300005 41.02599907 10.41799927]
