,scores,centers
0,0.9983036518096924,[48.76499939 87.73799896  2.54100037]
1,0.9939818978309631,[60.76499939 81.73799896 10.54100037]
2,0.969987154006958,[62.76499939 95.73799896 10.54100037]
