,scores,centers
0,0.9991708993911743,[24.50699997 24.47299957 29.04100037]
