,scores,centers
0,0.9978150129318237,[13.12400055 56.40299988 53.47900009]
1,0.9981876015663147,[29.12400055 42.40299988 63.47900009]
2,0.9816402792930603,[ 7.12400055 50.40299988 41.47900009]
3,0.4994608163833618,[ 7.12400055 82.40299988 51.47900009]
