,scores,centers
0,0.9843942523002625,[23.51599979 26.72099972 24.4119997 ]
1,0.7256566286087036,[15.51599979  8.72099972 24.4119997 ]
