,scores,centers
0,0.9722492098808289,[56.38700104 43.56200027 31.25399971]
1,0.9943300485610962,[44.38700104 31.56200027 37.25399971]
2,0.9864069819450378,[76.38700104 39.56200027 39.25399971]
3,0.9846591949462891,[62.38700104 45.56200027 43.25399971]
4,0.5522233247756958,[68.38700104 53.56200027 25.25399971]
