,scores,centers
0,0.9961347579956055,[62.49300003 91.38700104  4.89900017]
1,0.997244119644165,[76.49300003 81.38700104 -1.10099983]
2,0.8210994601249695,[58.49300003 93.38700104 20.89900017]
3,0.9333670139312744,[ 68.49300003 103.38700104  10.89900017]
