,scores,centers
0,0.9997503161430359,[ 41.34900093 -33.54600525  -3.47200012]
1,0.9997424483299255,[53.34900093 -9.54600525 30.52799988]
2,0.9991229176521301,[45.34900093 -5.54600525  8.52799988]
