,scores,centers
0,0.9986189603805542,[14.75099945 61.52199936 35.74200058]
1,0.9981904625892639,[20.75099945 67.52199936  7.74200058]
2,0.9982073307037354,[ 30.75099945  49.52199936 -16.25799942]
