,scores,centers
0,0.9992146492004395,[ 44.40600014 -20.43299866  22.98900032]
