,scores,centers
0,0.9992309808731079,[21.125       6.62199974 34.96100044]
1,0.9966657757759094,[33.125       2.62199974 38.96100044]
