,scores,centers
0,0.9989439845085144,[ -1.74799919 104.4260025   15.91500092]
1,0.9943935871124268,[ 22.25200081 110.4260025   15.91500092]
2,0.974949300289154,[ 24.25200081 110.4260025   15.91500092]
