,scores,centers
0,0.9995009899139404,[-6.86100006 18.74300003 30.95400047]
1,0.9995582699775696,[17.13899994  4.74300003 12.95400047]
2,0.9964724779129028,[ 3.13899994 30.74300003  8.95400047]
