,scores,centers
0,0.9788066744804382,[ 35.20299911  34.15800095 -44.80000305]
1,0.9882047176361084,[ 43.20299911  32.15800095 -26.80000305]
2,0.9912416934967041,[45.20299911 28.15800095 29.19999695]
3,0.9638352394104004,[45.20299911 40.15800095 39.19999695]
4,0.9774140119552612,[41.20299911 42.15800095  7.19999695]
5,0.5017833113670349,[ 37.20299911  52.15800095 -46.80000305]
