,scores,centers
0,0.9988453388214111,[49.54599953  0.93899918 35.74900007]
1,0.9679868817329407,[45.54599953  0.93899918 33.74900007]
2,0.6496120691299438,[43.54599953  4.93899918 33.74900007]
