,scores,centers
0,0.999251663684845,[25.65400028  6.06299973 10.6439991 ]
1,0.9991747736930847,[21.65400028  8.06299973 10.6439991 ]
2,0.5791669487953186,[25.65400028 -7.93700027 -5.3560009 ]
