,scores,centers
0,0.9993509650230408,[30.44299984 -3.93499947  3.00499916]
1,0.9822845458984375,[28.44299984 10.06500053  9.00499916]
