,scores,centers
0,0.9976498484611511,[13.6420002  44.39599991 -9.39500046]
1,0.9963382482528687,[-0.3579998  22.39599991 16.60499954]
2,0.9936650991439819,[ 3.6420002  34.39599991 -3.39500046]
3,0.8584578633308411,[  1.6420002   42.39599991 -21.39500046]
