,scores,centers
0,0.9990272521972656,[72.48999977 30.95699978 67.42300034]
1,0.9973383545875549,[66.48999977 40.95699978 89.42300034]
2,0.8214103579521179,[64.48999977 22.95699978 55.42300034]
