,scores,centers
0,0.9986289739608765,[18.66500092 34.53900003 15.93400002]
1,0.9946262240409851,[26.66500092 12.53900003  9.93400002]
2,0.9625471234321594,[ 0.66500092 38.53900003 21.93400002]
3,0.9223414659500122,[34.66500092 28.53900003 29.93400002]
