,scores,centers
0,0.9988388419151306,[ 16.35400009 -12.15399933  23.54400063]
1,0.9951854348182678,[16.35400009  5.84600067 33.54400063]
2,0.95173180103302,[14.35400009 -8.15399933  9.54400063]
