,scores,centers
0,0.998625636100769,[20.17900085 19.80500031 22.97999954]
1,0.9857158064842224,[28.17900085 25.80500031 14.97999954]
2,0.9046341180801392,[ 2.17900085  7.80500031 18.97999954]
3,0.8049994111061096,[ 6.17900085 11.80500031 26.97999954]
4,0.9181820750236511,[12.17900085 31.80500031 14.97999954]
