,scores,centers
0,0.9989247918128967,[50.57600021  0.51499939 22.08799934]
1,0.9980254173278809,[76.57600021  6.51499939 26.08799934]
2,0.9977560639381409,[26.57600021  6.51499939 18.08799934]
