,scores,centers
0,0.9821745157241821,[-8.67200089 17.11800003 31.72700119]
1,0.9642293453216553,[ 3.32799911 -0.88199997 27.72700119]
2,0.9317759871482849,[-12.67200089  -2.88199997  17.72700119]
3,0.638669490814209,[ -4.67200089 -12.88199997  11.72700119]
4,0.474265992641449,[ 5.32799911  9.11800003 39.72700119]
