,scores,centers
0,0.9994725584983826,[ 43.54299927  36.64000034 103.18599701]
1,0.9841800928115845,[ 37.54299927  38.64000034 101.18599701]
2,0.9955326318740845,[ 43.54299927  22.64000034 109.18599701]
3,0.43080785870552063,[49.54299927 44.64000034 83.18599701]
