,scores,centers
0,0.9978380799293518,[ 9.13800049 23.88899994 10.08799934]
1,0.9959189295768738,[17.13800049 31.88899994 -7.91200066]
