,scores,centers
0,0.9918848276138306,[21.08500004 -0.17499924 27.38999987]
1,0.9800297617912292,[ 7.08500004 -0.17499924 35.38999987]
2,0.974172830581665,[ 25.08500004 -10.17499924  33.38999987]
3,0.8922312259674072,[ 19.08500004 -16.17499924  37.38999987]
4,0.7469422221183777,[ 15.08500004 -18.17499924  23.38999987]
