,scores,centers
0,0.9983559250831604,[40.11000061 -4.46600342 72.60199928]
1,0.9992780089378357,[34.11000061 35.53399658 50.60199928]
2,0.9984440207481384,[ 34.11000061 -34.46600342  86.60199928]
