,scores,centers
0,0.9991065859794617,[30.64900017  1.43600082 28.51799965]
1,0.9929224252700806,[16.64900017  3.43600082 24.51799965]
2,0.9904472827911377,[18.64900017  1.43600082  4.51799965]
