,scores,centers
0,0.9992019534111023,[20.62100029 95.00800323 50.12100029]
1,0.9980219602584839,[26.62100029 79.00800323 40.12100029]
2,0.9706113934516907,[ 8.62100029 89.00800323 64.12100029]
