,scores,centers
0,0.9988570213317871,[-2.2859993  70.03900146 36.87300014]
1,0.9996798038482666,[19.7140007  56.03900146 40.87300014]
