,scores,centers
0,0.9991967082023621,[-3.85100174 21.10400009 23.28000069]
1,0.9992457628250122,[-15.85100174  13.10400009  21.28000069]
