,scores,centers
0,0.999322772026062,[25.51399994 37.46000004 14.75900078]
