,scores,centers
0,0.9997143149375916,[21.86399984  9.5        13.44999981]
