,scores,centers
0,0.9986799359321594,[ 17.91799927 -49.52300262  22.0880003 ]
1,0.9792349934577942,[  3.91799927 -55.52300262  36.0880003 ]
