,scores,centers
0,0.9983630776405334,[27.75500011 17.88299942 60.70599937]
1,0.9984601736068726,[17.75500011  5.88299942 70.70599937]
2,0.911668062210083,[ 3.75500011 23.88299942 62.70599937]
3,0.9463309645652771,[13.75500011  7.88299942 44.70599937]
4,0.7263800501823425,[19.75500011 33.88299942 42.70599937]
5,0.5784516930580139,[ 3.75500011 31.88299942 54.70599937]
6,0.5179277062416077,[11.75500011 17.88299942 34.70599937]
