,scores,centers
0,0.9979403614997864,[ 10.61600113  26.55700016 -35.5       ]
1,0.9942691326141357,[ -1.38399887  36.55700016 -59.5       ]
2,0.9929344654083252,[ 22.61600113  34.55700016 -67.5       ]
3,0.9189239740371704,[  4.61600113  56.55700016 -59.5       ]
