,scores,centers
0,0.9991639852523804,[14.49300003 23.00899982 43.5170002 ]
1,0.9995868802070618,[14.49300003 31.00899982 23.5170002 ]
