,scores,centers
0,0.999257504940033,[-11.26800156  16.90199995  29.37100029]
1,0.9990866184234619,[-11.26800156  16.90199995  25.37100029]
