,scores,centers
0,0.999625563621521,[-20.42499924  11.2329998    8.67300034]
1,0.9881250858306885,[-28.42499924  -6.7670002    2.67300034]
