,scores,centers
0,0.9938676953315735,[25.23999977  0.97399902 34.57699966]
1,0.980240523815155,[15.23999977 -5.02600098 24.57699966]
2,0.8851606249809265,[31.23999977  8.97399902 42.57699966]
3,0.9369022846221924,[33.23999977  4.97399902 24.57699966]
4,0.5413959622383118,[15.23999977 14.97399902 38.57699966]
