,scores,centers
0,0.9994829893112183,[17.26499987 25.36299992 30.80700016]
1,0.9856891632080078,[37.26499987 27.36299992 26.80700016]
2,0.9601813554763794,[21.26499987 13.36299992 40.80700016]
3,0.5256115794181824,[29.26499987 25.36299992 52.80700016]
4,0.5490622520446777,[31.26499987 23.36299992 16.80700016]
