,scores,centers
0,0.9865579009056091,[ 0.2480011  18.71500015 14.73500061]
1,0.9734326004981995,[ 4.2480011  16.71500015 16.73500061]
2,0.9782043695449829,[ 0.2480011  16.71500015 14.73500061]
