,scores,centers
0,0.9993680119514465,[41.14400101 38.64800072 53.97999954]
1,0.9991024732589722,[ 9.14400101 32.64800072 39.97999954]
2,0.9903533458709717,[45.14400101 18.64800072  9.97999954]
