,scores,centers
0,0.995612382888794,[ 28.96500015 -17.45199966  10.98099899]
1,0.9939035773277283,[24.96500015 -1.45199966 40.98099899]
