,scores,centers
0,0.9990505576133728,[-8.16999817 51.25600052 41.6960001 ]
1,0.993263840675354,[13.83000183 39.25600052 29.6960001 ]
