,scores,centers
0,0.998403012752533,[50.0250001  -1.06999969 24.06799984]
1,0.9990757703781128,[78.0250001   4.93000031 26.06799984]
2,0.9992585778236389,[28.0250001   8.93000031 22.06799984]
