,scores,centers
0,0.9994021654129028,[ 9.51000023 33.27099991 26.77000046]
