,scores,centers
0,0.9975086450576782,[ -4.23699951  25.84899998 -11.49200058]
1,0.9886381030082703,[-4.23699951  3.84899998 -5.49200058]
