,scores,centers
0,0.9994127750396729,[ 13.02299881 129.93800354  -5.12200165]
1,0.9974443912506104,[ 29.02299881 121.93800354  12.87799835]
