,scores,centers
0,0.9990359544754028,[ -3.49300003 -45.97200012 -60.29399872]
1,0.9987517595291138,[ 10.50699997 -61.97200012 -68.29399872]
2,0.9488234519958496,[-15.49300003 -55.97200012 -62.29399872]
