,scores,centers
0,0.9869983792304993,[ 11.32099915 -10.13800049  65.33300018]
1,0.9755539298057556,[21.32099915  1.86199951 65.33300018]
2,0.9478868246078491,[ 3.32099915  9.86199951 71.33300018]
