,scores,centers
0,0.998097836971283,[ 21.58200073 -13.22499847  36.46100044]
1,0.9822680950164795,[27.58200073  8.77500153 40.46100044]
2,0.9367066621780396,[ 7.58200073 -7.22499847 22.46100044]
3,0.9490496516227722,[ -0.41799927 -19.22499847  36.46100044]
