,scores,centers
0,0.9990390539169312,[-11.08300018  16.79199982  25.93099976]
1,0.9991337656974792,[-11.08300018  16.79199982  29.93099976]
2,0.5162600874900818,[-3.08300018 32.79199982 37.93099976]
