,scores,centers
0,0.9994887113571167,[ 4.20899963  7.58300018 66.95499992]
1,0.9994685053825378,[10.20899963 11.58300018 32.95499992]
