,scores,centers
0,0.9961050748825073,[58.0890007  73.39299965 -5.32099915]
1,0.9935957789421082,[68.0890007  45.39299965 26.67900085]
2,0.9887704849243164,[70.0890007  57.39299965 10.67900085]
3,0.9048771262168884,[82.0890007  49.39299965 10.67900085]
