,scores,centers
0,0.9987479448318481,[14.37800026 -9.32900047 24.05900002]
1,0.9879653453826904,[10.37800026  2.67099953 34.05900002]
2,0.8819544315338135,[16.37800026 12.67099953 22.05900002]
3,0.7024255394935608,[ 0.37800026  8.67099953 16.05900002]
