,scores,centers
0,0.998848557472229,[ 9.08399963 36.23099995 23.39999962]
1,0.9956533908843994,[21.08399963 26.23099995 13.39999962]
2,0.988640546798706,[ 9.08399963 20.23099995 21.39999962]
3,0.6541637778282166,[35.08399963 30.23099995 29.39999962]
4,0.5640450716018677,[37.08399963 14.23099995 23.39999962]
