,scores,centers
0,0.9996121525764465,[31.9640007  11.42000008 35.6609993 ]
