,scores,centers
0,0.9993188381195068,[ 7.68600082 24.84399986 59.3239994 ]
1,0.9992890357971191,[17.68600082 16.84399986 45.3239994 ]
