,scores,centers
0,0.9950689077377319,[22.38400078 -1.13199997 18.10400009]
1,0.99725741147995,[12.38400078  0.86800003 42.10400009]
2,0.9943907856941223,[18.38400078 10.86800003 10.10400009]
3,0.7764101028442383,[ 4.38400078 -9.13199997 20.10400009]
4,0.9627941846847534,[22.38400078 16.86800003 24.10400009]
5,0.5165948271751404,[10.38400078 22.86800003  0.10400009]
