,scores,centers
0,0.9994725584983826,[52.06599998 57.15199995 64.4090004 ]
1,0.9995300769805908,[22.06599998 27.15199995 62.4090004 ]
