,scores,centers
0,0.9996086955070496,[ 25.27899933   2.72400093 -13.13600159]
1,0.713716447353363,[33.27899933 -3.27599907 10.86399841]
