,scores,centers
0,0.9994378685951233,[ 2.14500046 14.45999908 37.95000076]
1,0.9993281364440918,[16.14500046  0.45999908 11.95000076]
