,scores,centers
0,0.9994301199913025,[29.93200016 50.0510006  33.47099972]
1,0.9545182585716248,[17.93200016 62.0510006  27.47099972]
