,scores,centers
0,0.9997184872627258,[73.08300018 91.63299942 47.62899971]
1,0.9872174859046936,[75.08300018 73.63299942 29.62899971]
2,0.9832841157913208,[95.08300018 77.63299942 39.62899971]
