,scores,centers
0,0.994282603263855,[24.04100037  2.81200027 50.65299988]
1,0.8165896534919739,[36.04100037  8.81200027 46.65299988]
2,0.9398108720779419,[10.04100037  2.81200027 54.65299988]
3,0.8731575608253479,[34.04100037  8.81200027 64.65299988]
4,0.5944985747337341,[38.04100037  8.81200027 46.65299988]
5,0.4260956346988678,[28.04100037 22.81200027 56.65299988]
6,0.5690075755119324,[14.04100037 10.81200027 68.65299988]
