,scores,centers
0,0.9992958307266235,[31.69799995  9.31200027 60.15000153]
1,0.978131890296936,[27.69799995  7.31200027 78.15000153]
