,scores,centers
0,0.9988211989402771,[21.61700058 33.42399979 35.54099989]
1,0.8830953240394592,[15.61700058 49.42399979 21.54099989]
2,0.611491322517395,[21.61700058 39.42399979 17.54099989]
