,scores,centers
0,0.9993194341659546,[54.6760006  41.88500023 12.07999992]
