,scores,centers
0,0.9993599057197571,[ 6.84899902 55.08800125 33.48999977]
1,0.9891752600669861,[ 8.84899902 69.08800125 45.48999977]
