,scores,centers
0,0.9990645051002502,[16.47599983 50.87000084 55.5       ]
1,0.9788008332252502,[-7.52400017 56.87000084 29.5       ]
