,scores,centers
0,0.9995779395103455,[16.22299957 25.26100016 30.0710001 ]
1,0.9674032330513,[18.22299957 41.26100016 24.0710001 ]
2,0.8891555070877075,[ 4.22299957 45.26100016 30.0710001 ]
3,0.8813192248344421,[28.22299957 25.26100016 14.0710001 ]
