,scores,centers
0,0.9990589022636414,[-4.16500092  4.1609993  12.97900009]
1,0.9989282488822937,[ 5.83499908 -5.8390007   6.97900009]
2,0.9539766907691956,[-14.16500092   6.1609993   28.97900009]
3,0.9156741499900818,[ 3.83499908 -1.8390007  24.97900009]
