,scores,centers
0,0.9992241859436035,[17.45700073 57.0890007  32.62899971]
1,0.9584007859230042,[11.45700073 51.0890007  56.62899971]
2,0.8863428235054016,[17.45700073 35.0890007  54.62899971]
3,0.659674346446991,[ 3.45700073 43.0890007  58.62899971]
