,scores,centers
0,0.9993802309036255,[24.50099945 76.4090004  71.53700066]
1,0.9988234639167786,[ 20.50099945 116.4090004   41.53700066]
2,0.9990212917327881,[ 20.50099945 122.4090004   87.53700066]
3,0.9986636638641357,[ 22.50099945 104.4090004   65.53700066]
