,scores,centers
0,0.999816358089447,[33.20499992 34.18600082 13.2480011 ]
1,0.9997826218605042,[11.20499992 14.18600082  9.2480011 ]
2,0.9997846484184265,[27.20499992 10.18600082 33.2480011 ]
