,scores,centers
0,0.9990085959434509,[46.0079999  64.49700165 99.97499847]
1,0.9992840886116028,[36.0079999  94.49700165 93.97499847]
2,0.9955462217330933,[34.0079999  78.49700165 77.97499847]
3,0.9823700189590454,[ 44.0079999   48.49700165 103.97499847]
4,0.9571294784545898,[10.0079999  92.49700165 91.97499847]
