,scores,centers
0,0.9982070922851562,[-31.2120018  -23.85200119  19.6230011 ]
1,0.9996115565299988,[-17.2120018   -5.85200119   7.6230011 ]
2,0.9914786219596863,[-9.2120018  -5.85200119 23.6230011 ]
3,0.9905793070793152,[ -3.2120018  -23.85200119   9.6230011 ]
