,scores,centers
0,0.9991022348403931,[51.51499939 21.73699951 40.25      ]
1,0.9896564483642578,[47.51499939 15.73699951 54.25      ]
2,0.8863869309425354,[55.51499939  7.73699951 42.25      ]
