,scores,centers
0,0.9997698664665222,[29.85999966 -9.40200043 13.25300026]
1,0.9903705716133118,[31.85999966 -5.40200043 37.25300026]
