,scores,centers
0,0.9988137483596802,[22.86499977 10.15200043 26.26800013]
1,0.9974989295005798,[26.86499977 20.15200043 52.26800013]
