,scores,centers
0,0.999369204044342,[  7.64900017 111.44999695  78.66500092]
1,0.9987932443618774,[ 27.64900017 129.44999695  64.66500092]
