,scores,centers
0,0.9990494847297668,[16.59000015  3.06000137 35.15299988]
1,0.9530765414237976,[ 6.59000015 19.06000137 37.15299988]
