,scores,centers
0,0.9968008995056152,[18.18499947 62.93899918 27.65399933]
1,0.9974240064620972,[22.18499947 78.93899918 25.65399933]
2,0.981162428855896,[ 6.18499947 50.93899918  9.65399933]
3,0.9802665114402771,[38.18499947 60.93899918 33.65399933]
