,scores,centers
0,0.9998910427093506,[-28.85300064 -11.48300171  61.47300005]
1,0.9997618794441223,[-0.85300064  6.51699829 23.47300005]
