,scores,centers
0,0.9992840886116028,[30.23600006  2.56200027 51.16600037]
