,scores,centers
0,0.9969224333763123,[12.4090004  48.88199997 69.0359993 ]
1,0.993535041809082,[ 4.4090004  48.88199997 61.0359993 ]
2,0.962482213973999,[20.4090004  58.88199997 69.0359993 ]
3,0.7144679427146912,[16.4090004  38.88199997 57.0359993 ]
