,scores,centers
0,0.9993532299995422,[30.14599991 31.62899971 36.56799984]
