,scores,centers
0,0.9992071986198425,[30.63099957  8.24800014 10.37400055]
1,0.9982598423957825,[34.63099957 36.24800014 20.37400055]
2,0.9607560634613037,[36.63099957 18.24800014 26.37400055]
3,0.9809073805809021,[22.63099957 28.24800014  6.37400055]
