,scores,centers
0,0.9989556074142456,[-7.40399933 51.77699995 23.84600067]
1,0.9990712404251099,[ 6.59600067 31.77699995 23.84600067]
