,scores,centers
0,0.9993581175804138,[23.69400024 26.43300009 75.99599838]
1,0.9823179244995117,[ 7.69400024 12.43300009 83.99599838]
2,0.9042832255363464,[19.69400024 18.43300009 91.99599838]
3,0.7093777656555176,[21.69400024 28.43300009 61.99599838]
4,0.42800453305244446,[19.69400024  6.43300009 81.99599838]
