,scores,centers
0,0.9997192025184631,[29.49600029 14.1779995  -0.76199913]
1,0.9942482709884644,[17.49600029 20.1779995  -8.76199913]
2,0.9848629832267761,[21.49600029 10.1779995  13.23800087]
3,0.9240602850914001,[27.49600029 18.1779995  15.23800087]
4,0.44969892501831055,[13.49600029  2.1779995  -0.76199913]
