,scores,centers
0,0.9984103441238403,[36.06000137 20.47200012 42.46100044]
1,0.9974800944328308,[58.06000137 32.47200012 10.46100044]
