,scores,centers
0,0.999674916267395,[40.98099995 31.11899948 22.3220005 ]
1,0.9996877908706665,[56.98099995  1.11899948 40.3220005 ]
