,scores,centers
0,0.999751627445221,[ 48.72699928 -25.04600525   5.34600067]
1,0.9829286336898804,[ 36.72699928 -45.04600525  -4.65399933]
2,0.9836943745613098,[ 38.72699928 -23.04600525  21.34600067]
