,scores,centers
0,0.9990695118904114,[ 35.60299969  56.08099937 140.66400146]
1,0.9937210083007812,[ 45.60299969  44.08099937 142.66400146]
2,0.9877821803092957,[ 27.60299969  48.08099937 126.66400146]
