,scores,centers
0,0.9983331561088562,[21.41199875 18.82900047 29.1420002 ]
1,0.9991042017936707,[ 1.41199875 16.82900047 15.1420002 ]
