,scores,centers
0,0.9996225833892822,[10.3579998  15.79399872 40.29399967]
1,0.9992746710777283,[12.3579998  11.79399872 56.29399967]
2,0.9579827189445496,[30.3579998  11.79399872 34.29399967]
3,0.9857968688011169,[10.3579998  -0.20600128 42.29399967]
4,0.648415744304657,[-11.6420002   17.79399872  44.29399967]
