,scores,centers
0,0.9954816102981567,[ -24.20299911   71.53300095 -128.97200012]
1,0.9964731335639954,[ -22.20299911   53.53300095 -112.97200012]
2,0.9708583354949951,[ -24.20299911   75.53300095 -140.97200012]
3,0.9222032427787781,[-20.20299911  65.53300095 -88.97200012]
4,0.9524289965629578,[  -6.20299911   63.53300095 -120.97200012]
5,0.44133639335632324,[ -10.20299911   79.53300095 -138.97200012]
