,scores,centers
0,0.9986478686332703,[ 10.49200058 -41.11499786 121.67199707]
1,0.9967268705368042,[ 26.49200058 -55.11499786  95.67199707]
2,0.9634591937065125,[  6.49200058 -41.11499786  97.67199707]
3,0.9801911115646362,[ 22.49200058 -31.11499786 103.67199707]
