,scores,centers
0,0.9996862411499023,[-2.72800064 27.73200035  0.64900208]
