,scores,centers
0,0.9944928884506226,[16.53299999 44.78300095 31.5630002 ]
1,0.9760480523109436,[26.53299999 38.78300095 31.5630002 ]
2,0.4506954252719879,[20.53299999 58.78300095 25.5630002 ]
