,scores,centers
0,0.9996216297149658,[32.57600021 21.42300034 65.6780014 ]
1,0.9965750575065613,[38.57600021 39.42300034 83.6780014 ]
