,scores,centers
0,0.9996122717857361,[ 10.0170002  112.61199951  33.23199987]
1,0.9995947480201721,[26.0170002  80.61199951 35.23199987]
