,scores,centers
0,0.9991785883903503,[ 9.39599991 16.04800034 23.14400005]
1,0.9997182488441467,[21.39599991 28.04800034 31.14400005]
2,0.9996939897537231,[-0.60400009  4.04800034 33.14400005]
