,scores,centers
0,0.9992164373397827,[ 4.72400093 11.58600044 27.89400101]
1,0.9877140522003174,[-13.27599907  23.58600044  17.89400101]
2,0.9898485541343689,[14.72400093 27.58600044 19.89400101]
3,0.9025613069534302,[10.72400093 21.58600044 45.89400101]
