,scores,centers
0,0.998217761516571,[ 9.25       23.30800056  3.1970005 ]
1,0.9114617109298706,[23.25       17.30800056 -4.8029995 ]
2,0.5535922050476074,[ 9.25       37.30800056 21.1970005 ]
3,0.5654391646385193,[27.25       31.30800056  5.1970005 ]
