,scores,centers
0,0.9943785071372986,[-0.68600082 33.04599953 12.4659996 ]
1,0.9940722584724426,[-2.68600082 33.04599953 28.4659996 ]
2,0.7050467133522034,[ 1.31399918 41.04599953 12.4659996 ]
3,0.6695541739463806,[19.31399918 35.04599953  6.4659996 ]
4,0.6478642225265503,[ 7.31399918 49.04599953 20.4659996 ]
