,scores,centers
0,0.9997292160987854,[ 8.60599899 40.1960001   6.02199936]
1,0.9947675466537476,[ 8.60599899 32.1960001  20.02199936]
2,0.9322403073310852,[ 6.60599899 48.1960001  -9.97800064]
3,0.5871355533599854,[ 8.60599899 24.1960001  -9.97800064]
