,scores,centers
0,0.9990100860595703,[ 42.72200012 -12.11299896  43.77499962]
1,0.996747612953186,[ 28.72200012 -10.11299896  59.77499962]
2,0.9890596866607666,[ 44.72200012 -20.11299896  71.77499962]
3,0.9862788319587708,[48.72200012 -0.11299896 67.77499962]
4,0.6895735859870911,[ 36.72200012 -34.11299896  47.77499962]
