,scores,centers
0,0.9980276226997375,[16.59700012 36.0510006  19.11400032]
1,0.4947736859321594,[20.59700012 30.0510006  11.11400032]
