,scores,centers
0,0.9992554783821106,[19.00300026 34.35900021 15.65899992]
1,0.9992347955703735,[-0.99699974 28.35900021 43.65899992]
2,0.9821363091468811,[13.00300026 28.35900021 41.65899992]
3,0.9684703946113586,[ 3.00300026 14.35900021 27.65899992]
