,scores,centers
0,0.9042794704437256,[45.70899963  6.10700035 34.38500023]
1,0.9638999104499817,[39.70899963 18.10700035 46.38500023]
