,scores,centers
0,0.9984918832778931,[75.18199921 16.22999954 11.23500061]
1,0.9989288449287415,[49.18199921 28.22999954 15.23500061]
