,scores,centers
0,0.999271810054779,[-4.07799911 -3.9489994  39.31599998]
1,0.999365508556366,[-2.07799911  4.0510006  25.31599998]
2,0.9978923201560974,[ 9.92200089  4.0510006  27.31599998]
3,0.7344905734062195,[17.92200089 -9.9489994  39.31599998]
