,scores,centers
0,0.9987421631813049,[17.09799957 -4.9109993  -2.81700134]
1,0.9519068598747253,[29.09799957  3.0890007   3.18299866]
2,0.8437880277633667,[23.09799957 -4.9109993  11.18299866]
3,0.8425201177597046,[ 17.09799957 -10.9109993   13.18299866]
