,scores,centers
0,0.9988753199577332,[44.13000011 25.68700027 60.76300049]
1,0.9985204339027405,[20.13000011 35.68700027 42.76300049]
2,0.9986045956611633,[54.13000011 17.68700027 84.76300049]
