,scores,centers
0,0.9994814991950989,[ 63.98199844  56.625      -13.23199844]
1,0.9952774047851562,[ 91.98199844  56.625      -29.23199844]
