,scores,centers
0,0.99909508228302,[  5.91999817 -19.56100082 -16.25400162]
1,0.9984272718429565,[  9.91999817 -31.56100082 -28.25400162]
2,0.9295433163642883,[-14.08000183 -15.56100082 -16.25400162]
