,scores,centers
0,0.9978435039520264,[53.71500015  1.04500008 36.15600014]
1,0.9781646728515625,[45.71500015  3.04500008 32.15600014]
2,0.5629122853279114,[61.71500015 11.04500008 38.15600014]
3,0.5320952534675598,[45.71500015 19.04500008 22.15600014]
4,0.424905002117157,[41.71500015 -6.95499992 16.15600014]
