,scores,centers
0,0.9989932179450989,[59.08800125 81.43899918 35.80000019]
