,scores,centers
0,0.9971985816955566,[80.31499863 41.72599983 39.88199997]
1,0.9973315000534058,[62.31499863 41.72599983 39.88199997]
