,scores,centers
0,0.9990931749343872,[31.57800007 54.91899872 18.25799942]
1,0.9498108625411987,[29.57800007 50.91899872 -7.74200058]
2,0.8126344084739685,[21.57800007 62.91899872 -9.74200058]
