,scores,centers
0,0.9987509250640869,[23.66499996 36.6779995  23.33199978]
