,scores,centers
0,0.9996917247772217,[18.62800026 -7.3010025  26.39900017]
1,0.9996802806854248,[38.62800026 10.6989975  16.39900017]
