,scores,centers
0,0.9980260133743286,[28.40499973 44.24300003 26.36899948]
1,0.9970086216926575,[68.40499973 52.24300003 62.36899948]
