,scores,centers
0,0.9983546137809753,[ 1.30799866 12.72800064 30.55299997]
1,0.9938448667526245,[-16.69200134  18.72800064  40.55299997]
