,scores,centers
0,0.9886493682861328,[ 10.65799999   8.35900021 100.67500019]
1,0.9979148507118225,[24.65799999 18.35900021 30.67500019]
2,0.9928733110427856,[16.65799999 18.35900021 64.67500019]
3,0.46274903416633606,[22.65799999 38.35900021 10.67500019]
