,scores,centers
0,0.9981260895729065,[16.15600014  1.57799911 -3.26100159]
1,0.9964011907577515,[34.15600014  3.57799911 -3.26100159]
