,scores,centers
0,0.9989099502563477,[-14.65599823 -46.3010025  129.02799988]
1,0.9874294400215149,[-18.65599823 -26.3010025  141.02799988]
2,0.93843013048172,[-10.65599823 -32.3010025  123.02799988]
3,0.5190720558166504,[-22.65599823 -22.3010025  131.02799988]
4,0.9611174464225769,[  1.34400177 -44.3010025  137.02799988]
