,scores,centers
0,0.9942423701286316,[30.06099987 43.73799992 30.03600025]
1,0.992497980594635,[28.06099987 35.73799992 50.03600025]
2,0.994392454624176,[10.06099987 35.73799992 38.03600025]
