,scores,centers
0,0.9991211295127869,[71.13199997 45.63899994 19.10099983]
1,0.997444748878479,[83.13199997 41.63899994 11.10099983]
