,scores,centers
0,0.9994320273399353,[13.41900063 76.79399872 25.05100012]
1,0.9828901886940002,[-8.58099937 64.79399872 13.05100012]
