,scores,centers
0,0.9979255199432373,[ 6.25800037 17.19999981 35.29599953]
1,0.9954429864883423,[ 6.25800037 13.19999981 37.29599953]
2,0.9072508215904236,[14.25800037 23.19999981 37.29599953]
3,0.47681695222854614,[16.25800037  3.19999981 25.29599953]
