,scores,centers
0,0.9998278617858887,[21.77499962 -5.51599884 19.63199997]
1,0.9998433589935303,[-2.22500038 -3.51599884 41.63199997]
2,0.9855630397796631,[ 23.77499962 -19.51599884  35.63199997]
3,0.992172122001648,[ 13.77499962 -21.51599884  23.63199997]
