,scores,centers
0,0.9987168312072754,[37.62899971 15.61600113 12.86199951]
1,0.9812726974487305,[29.62899971  5.61600113 18.86199951]
2,0.912184476852417,[17.62899971  1.61600113  6.86199951]
3,0.6199899315834045,[25.62899971 -2.38399887 30.86199951]
4,0.5252919793128967,[31.62899971 17.61600113 24.86199951]
