,scores,centers
0,0.9995593428611755,[15.07699966 79.06499863 25.11000013]
1,0.9820000529289246,[-4.92300034 65.06499863 13.11000013]
2,0.8154606819152832,[-2.92300034 77.06499863 13.11000013]
