,scores,centers
0,0.9989686012268066,[ 8.01300049 15.13000011 24.35499954]
1,0.9993378520011902,[1.30004883e-02 5.51300001e+01 2.03549995e+01]
2,0.9968183040618896,[10.01300049 41.13000011 44.35499954]
