,scores,centers
0,0.9977118968963623,[13.02000046 49.78199959 78.88399887]
1,0.9885776042938232,[-22.97999954  69.78199959  48.88399887]
2,0.9765844941139221,[-6.97999954 67.78199959 64.88399887]
3,0.9706960916519165,[17.02000046 63.78199959 64.88399887]
