,scores,centers
0,0.9988672733306885,[10.95700073  3.01899719 12.23999977]
1,0.9994248151779175,[-11.04299927  -4.98100281  24.23999977]
