,scores,centers
0,0.9996066689491272,[17.32999992 10.94000244 48.54999924]
1,0.9995007514953613,[23.32999992 -1.05999756 16.54999924]
