,scores,centers
0,0.9993144273757935,[ 24.11499977 -22.32099915  23.05400085]
