,scores,centers
0,0.9986646175384521,[ 45.28000069  25.6230011  -23.43399811]
1,0.9989129304885864,[51.28000069 37.6230011  26.56600189]
2,0.9980816841125488,[51.28000069 47.6230011  -1.43399811]
3,0.9982169270515442,[43.28000069 -6.3769989  -1.43399811]
4,0.9984820485115051,[59.28000069  1.6230011  22.56600189]
