,scores,centers
0,0.9994447827339172,[62.13400078 27.64299965 17.30900002]
1,0.9991162419319153,[76.13400078 17.64299965 11.30900002]
2,0.9812488555908203,[82.13400078 -2.35700035  5.30900002]
