,scores,centers
0,0.998900294303894,[ 4.16900063  0.67700005 12.19400024]
1,0.8939267992973328,[-1.83099937  2.67700005 28.19400024]
2,0.7542040944099426,[12.16900063 -3.32299995 28.19400024]
