,scores,centers
0,0.9991617202758789,[56.7519989  91.97999954 99.68399811]
1,0.9983580708503723,[62.7519989  73.97999954 87.68399811]
