,scores,centers
0,0.9989321827888489,[71.71099854 45.41499996 47.69300079]
1,0.9929500818252563,[91.71099854 37.41499996 45.69300079]
2,0.9819471836090088,[89.71099854 37.41499996 35.69300079]
3,0.5180838704109192,[69.71099854 27.41499996 53.69300079]
4,0.6119086146354675,[85.71099854 25.41499996 53.69300079]
