,scores,centers
0,0.9971804618835449,[23.67399979 -3.46800232 35.54500008]
1,0.9961934089660645,[23.67399979 -5.46800232 17.54500008]
2,0.9864107966423035,[ 9.67399979 -5.46800232 35.54500008]
