,scores,centers
0,0.9997230172157288,[37.72599983 25.57399988 18.06499863]
1,0.9766684174537659,[55.72599983 37.57399988  2.06499863]
2,0.9946473240852356,[45.72599983 21.57399988 36.06499863]
3,0.8379128575325012,[45.72599983 29.57399988 36.06499863]
