,scores,centers
0,0.999763548374176,[14.46500015  7.38199997 11.01599979]
1,0.9966411590576172,[10.46500015 13.38199997 27.01599979]
2,0.9150554537773132,[ 8.46500015 13.38199997 23.01599979]
