,scores,centers
0,0.9990525841712952,[-26.84799957 -17.1969986   41.65699959]
1,0.9979261159896851,[-36.84799957 -27.1969986   25.65699959]
2,0.9903419017791748,[-20.84799957  -5.1969986   21.65699959]
