,scores,centers
0,0.9987059831619263,[30.84700012 58.51300049 10.64500046]
1,0.9973914623260498,[ 4.84700012 62.51300049 36.64500046]
2,0.9983198046684265,[48.84700012 60.51300049 22.64500046]
