,scores,centers
0,0.9992755055427551,[37.67000008 32.6079998  10.72599983]
1,0.9969679713249207,[ 9.67000008 48.6079998  22.72599983]
