,scores,centers
0,0.9992114305496216,[17.92300034  8.61899948 36.90600014]
1,0.9958529472351074,[33.92300034  2.61899948 40.90600014]
