,scores,centers
0,0.998325526714325,[59.45299911 55.03900146 23.14599991]
1,0.9986666440963745,[61.45299911 73.03900146 19.14599991]
2,0.9566773176193237,[73.45299911 69.03900146 11.14599991]
