,scores,centers
0,0.999405026435852,[ 9.7159996  28.88400078 -1.51200104]
1,0.9995156526565552,[23.7159996   0.88400078 46.48799896]
2,0.9984362721443176,[23.7159996  12.88400078 22.48799896]
