,scores,centers
0,0.9992198944091797,[ 15.59399986  49.22999954 -47.52200317]
1,0.978951632976532,[ -8.40600014  41.22999954 -49.52200317]
