,scores,centers
0,0.9996452331542969,[21.53800011 75.10599995 10.98500061]
1,0.9996203184127808,[45.53800011 39.10599995  0.98500061]
