,scores,centers
0,0.9984214305877686,[22.1420002  27.08199978 30.65199995]
1,0.9657709002494812,[10.1420002  33.08199978 32.65199995]
2,0.9463592767715454,[14.1420002  17.08199978 20.65199995]
3,0.9674164056777954,[16.1420002  27.08199978 12.65199995]
