,scores,centers
0,0.9990770816802979,[59.11500168 14.37699986 30.9659996 ]
1,0.9930911064147949,[85.11500168 26.37699986 26.9659996 ]
2,0.9648547172546387,[71.11500168 20.37699986 16.9659996 ]
3,0.6274433732032776,[83.11500168  6.37699986 42.9659996 ]
