,scores,centers
0,0.9991732239723206,[-11.74000168   1.22699738  17.38199997]
1,0.9964069724082947,[14.25999832 -8.77300262 13.38199997]
2,0.9833179712295532,[16.25999832 -4.77300262 31.38199997]
