,scores,centers
0,0.9991710186004639,[19.56799984 -7.43199921  9.00600052]
1,0.9789881706237793,[15.56799984 14.56800079 19.00600052]
