,scores,centers
0,0.9997524619102478,[24.58799934 42.43000031 92.2009964 ]
1,0.9928328990936279,[ 24.58799934  58.43000031 112.2009964 ]
2,0.936486005783081,[40.58799934 46.43000031 90.2009964 ]
3,0.9895133376121521,[24.58799934 46.43000031 88.2009964 ]
