,scores,centers
0,0.9993472695350647,[20.39500046  0.48799896 19.98900032]
1,0.9992239475250244,[20.39500046  0.48799896 17.98900032]
