,scores,centers
0,0.998666524887085,[35.98400021 14.0999999  29.12899971]
1,0.7771064043045044,[27.98400021 30.0999999  19.12899971]
2,0.9824042916297913,[25.98400021 14.0999999  27.12899971]
3,0.9296072125434875,[25.98400021 14.0999999  31.12899971]
4,0.4285129904747009,[17.98400021 12.0999999  15.12899971]
