,scores,centers
0,0.9987156391143799,[37.60400009 -3.45400047 18.5739994 ]
1,0.9990444779396057,[23.60400009  8.54599953 24.5739994 ]
2,0.9988369345664978,[47.60400009  6.54599953 24.5739994 ]
3,0.9228273034095764,[13.60400009 -1.45400047  8.5739994 ]
