,scores,centers
0,0.9986215829849243,[35.26599979 54.68199921 11.62599945]
1,0.993584930896759,[33.26599979 50.68199921  3.62599945]
2,0.9909067153930664,[29.26599979 66.68199921  9.62599945]
