,scores,centers
0,0.9993880987167358,[18.67000008 21.54099989 10.09799957]
1,0.9989414811134338,[46.67000008 33.54099989  0.09799957]
