,scores,centers
0,0.998601496219635,[15.79300022 45.64099979  1.77899933]
1,0.9853953123092651,[17.79300022 23.64099979 21.77899933]
2,0.957470715045929,[19.79300022 23.64099979  5.77899933]
3,0.8141220808029175,[ 15.79300022  47.64099979 -12.22100067]
