,scores,centers
0,0.9997380375862122,[52.31999969  9.24200058 21.65800095]
