,scores,centers
0,0.9945176243782043,[ 43.98900032  29.63399982 115.21900177]
1,0.9991242289543152,[47.98900032 17.63399982 99.21900177]
2,0.9992246627807617,[ 51.98900032  49.63399982 121.21900177]
