,scores,centers
0,0.9968664050102234,[ 8.84799957 34.55999994 12.31900024]
1,0.9738280177116394,[22.84799957 22.55999994  2.31900024]
