,scores,centers
0,0.9995524287223816,[-36.03199768 -29.15399933  44.01999998]
1,0.9912789463996887,[-54.03199768 -23.15399933  44.01999998]
