,scores,centers
0,0.9984351992607117,[23.25099945 22.875       9.05400085]
1,0.9989853501319885,[-0.74900055 16.875      15.05400085]
2,0.9477159380912781,[21.25099945  4.875       9.05400085]
