,scores,centers
0,0.9993494153022766,[ 14.91799927 -13.30400085  21.20800018]
1,0.9922494888305664,[18.91799927 12.69599915 21.20800018]
2,0.9852696061134338,[16.91799927  4.69599915 33.20800018]
