,scores,centers
0,0.9993552565574646,[63.53499985 50.96700001 36.45100021]
1,0.9983774423599243,[75.53499985 26.96700001 38.45100021]
