,scores,centers
0,0.9996817111968994,[22.24699974 32.89699984 26.55699921]
1,0.9998257756233215,[58.24699974 80.89699984 30.55699921]
