,scores,centers
0,0.9994743466377258,[19.90600014 18.24599981 19.89700031]
1,0.9475810527801514,[ 5.90600014 16.24599981 13.89700031]
2,0.9664612412452698,[15.90600014 22.24599981 29.89700031]
