,scores,centers
0,0.9992384910583496,[38.41399956  5.27400208 43.9829998 ]
1,0.999077558517456,[64.41399956 25.27400208  7.9829998 ]
