,scores,centers
0,0.9987114667892456,[49.6970005   1.01000023 36.01499987]
1,0.9673839211463928,[47.6970005  -0.98999977 28.01499987]
2,0.9388177394866943,[61.6970005  11.01000023 38.01499987]
3,0.45906588435173035,[45.6970005  19.01000023 22.01499987]
