,scores,centers
0,0.9987658262252808,[21.39799976 20.55700016 45.18199921]
