,scores,centers
0,0.9994513392448425,[19.48799992 59.38299942 24.57499981]
1,0.9990556836128235,[19.48799992 67.38299942 44.57499981]
