,scores,centers
0,0.9992080330848694,[19.2859993  -2.81900024 12.20700073]
1,0.9942730069160461,[ 9.2859993  13.18099976  8.20700073]
