,scores,centers
0,0.9983161687850952,[41.29000092 74.71000004 33.8939991 ]
1,0.9978844523429871,[ 9.29000092 40.71000004 49.8939991 ]
2,0.9992653727531433,[39.29000092 72.71000004 33.8939991 ]
