,scores,centers
0,0.9966859221458435,[-3.51200104 45.24499989 57.3030014 ]
1,0.9961776733398438,[28.48799896 33.24499989 13.3030014 ]
2,0.9972042441368103,[ 8.48799896 27.24499989 41.3030014 ]
