,scores,centers
0,0.9994762539863586,[117.04499817  34.06000042 -27.86899948]
1,0.9985005855560303,[129.04499817  20.06000042   4.13100052]
