,scores,centers
0,0.9990065693855286,[ 35.30000019 -12.21500015   3.72299957]
1,0.9985675811767578,[31.30000019 -8.21500015 19.72299957]
2,0.9050797820091248,[ 27.30000019  -8.21500015 -10.27700043]
3,0.8602643609046936,[41.30000019 -8.21500015 11.72299957]
4,0.41619813442230225,[15.30000019 -2.21500015  3.72299957]
