,scores,centers
0,0.9993146657943726,[ 42.204       -3.32500076 -21.65699768]
1,0.9992330074310303,[64.204      -1.32500076 -1.65699768]
2,0.9983776807785034,[50.204      18.67499924  2.34300232]
