,scores,centers
0,0.9993535876274109,[13.81299973 10.55799866 61.29500008]
1,0.9986597299575806,[27.81299973 -1.44200134 59.29500008]
