,scores,centers
0,0.99909508228302,[ 8.98999977 68.10400009 32.90500069]
1,0.9911076426506042,[12.98999977 82.10400009 30.90500069]
