,scores,centers
0,0.9994435906410217,[ 11.46899986 -45.39199829 -13.28300095]
1,0.9989007711410522,[ 23.46899986 -31.39199829 -37.28300095]
2,0.982134222984314,[ 11.46899986 -37.39199829 -29.28300095]
