,scores,centers
0,0.9992306232452393,[10.36899948 13.6989994  -4.62299919]
1,0.9983583092689514,[20.36899948  7.6989994  31.37700081]
2,0.9981454610824585,[22.36899948  7.6989994   7.37700081]
3,0.9957982897758484,[40.36899948 13.6989994  19.37700081]
4,0.9102677702903748,[38.36899948 -2.3010006  33.37700081]
