,scores,centers
0,0.9945135116577148,[50.54599953 22.20899963 41.75      ]
1,0.9928992986679077,[42.54599953 18.20899963 51.75      ]
2,0.8345285654067993,[42.54599953  4.20899963 47.75      ]
3,0.9584221243858337,[44.54599953 10.20899963 59.75      ]
4,0.4479869604110718,[32.54599953  8.20899963 39.75      ]
