,scores,centers
0,0.9997953772544861,[ 1.87000275 66.9640007  67.54299927]
1,0.9944657683372498,[-10.12999725  64.9640007   39.54299927]
