,scores,centers
0,0.9993782043457031,[-18.43700027 -46.6780014   42.2840004 ]
1,0.9981924891471863,[-26.43700027 -66.6780014   34.2840004 ]
2,0.9889851808547974,[-16.43700027 -64.6780014   16.2840004 ]
