,scores,centers
0,0.9996297359466553,[43.05799961 21.73699951 42.18900013]
1,0.9955238103866577,[33.05799961 23.73699951 70.18900013]
2,0.9319545030593872,[39.05799961 33.73699951 54.18900013]
3,0.5063776969909668,[31.05799961 21.73699951 20.18900013]
