,scores,centers
0,0.9992111921310425,[14.01100016 44.18299961  2.85400009]
1,0.9978896975517273,[20.01100016 38.18299961 16.85400009]
2,0.9925089478492737,[18.01100016 28.18299961 16.85400009]
