,scores,centers
0,0.9978708028793335,[ 6.25500011 14.79100037 38.12100029]
1,0.9798199534416199,[18.25500011 -5.20899963 26.12100029]
