,scores,centers
0,0.9994250535964966,[17.90499973 59.58800125 24.27099991]
1,0.9991118311882019,[17.90499973 67.58800125 44.27099991]
2,0.9965783953666687,[21.90499973 51.58800125 40.27099991]
