,scores,centers
0,0.9991950392723083,[49.85700035 30.27799988  9.95600128]
1,0.9989473223686218,[21.85700035 18.27799988 11.95600128]
2,0.9946998357772827,[33.85700035 14.27799988 -8.04399872]
3,0.9932999610900879,[17.85700035 46.27799988 15.95600128]
