,scores,centers
0,0.9995903372764587,[ 0.96699905 27.95800018 11.40699768]
1,0.9985754489898682,[ 6.96699905 19.95800018 31.40699768]
