,scores,centers
0,0.9992596507072449,[12.67900085  6.22000122 54.87599945]
