,scores,centers
0,0.9990333318710327,[ 1.79599953 15.54400063 24.99100018]
1,0.9983665347099304,[19.79599953 37.54400063 20.99100018]
