,scores,centers
0,0.9985508322715759,[-11.94599915  52.96999931  49.02400017]
1,0.9990509152412415,[ 0.05400085 48.96999931 45.02400017]
