,scores,centers
0,0.9982707500457764,[16.28200006 53.27599907 26.4980011 ]
1,0.9985032081604004,[32.28200006 41.27599907  6.4980011 ]
2,0.996337890625,[22.28200006 37.27599907 28.4980011 ]
