,scores,centers
0,0.998768150806427,[24.88000011 32.25699997 14.87999916]
1,0.9844868779182434,[ 8.88000011 20.25699997  0.87999916]
2,0.9885997772216797,[10.88000011 40.25699997 28.87999916]
