,scores,centers
0,0.9966804385185242,[34.26600075  5.25200081 25.5710001 ]
1,0.7586041688919067,[42.26600075 -2.74799919 37.5710001 ]
2,0.4695582687854767,[30.26600075 -8.74799919 19.5710001 ]
