,scores,centers
0,0.9972965121269226,[ 9.99600029  5.50799942 11.06599998]
1,0.9941662549972534,[-6.00399971 13.50799942 29.06599998]
2,0.812423586845398,[-3.99971008e-03  1.35079994e+01  1.70660000e+01]
