,scores,centers
0,0.9985710382461548,[53.74799919  0.81299973 36.        ]
1,0.9923045039176941,[47.74799919  0.81299973 34.        ]
2,0.40145647525787354,[51.74799919  4.81299973 16.        ]
3,0.5195680856704712,[47.74799919 18.81299973 22.        ]
4,0.4396335780620575,[45.74799919 -3.18700027 14.        ]
