,scores,centers
0,0.9991521835327148,[17.16800022 24.57900047 12.1760006 ]
1,0.8509767651557922,[23.16800022 38.57900047 -3.8239994 ]
2,0.9778047204017639,[ 3.16800022 32.57900047  6.1760006 ]
3,0.8503316044807434,[33.16800022 28.57900047  8.1760006 ]
4,0.6986246109008789,[27.16800022 38.57900047 20.1760006 ]
5,0.43160659074783325,[13.16800022 48.57900047  8.1760006 ]
6,0.4840863347053528,[ 9.16800022 30.57900047 -7.8239994 ]
