,scores,centers
0,0.9993523955345154,[17.45599937 70.41599989 22.67200089]
1,0.9986666440963745,[35.45599937 30.41599989  6.67200089]
