,scores,centers
0,0.999320387840271,[80.31399918 13.01399994 11.875     ]
1,0.999045193195343,[50.31399918 27.01399994 13.875     ]
