,scores,centers
0,0.9984261989593506,[19.09000015  5.86899948 12.33399963]
1,0.9984114170074463,[33.09000015 11.86899948 -5.66600037]
2,0.993536651134491,[17.09000015  7.86899948 -3.66600037]
