,scores,centers
0,0.9991496801376343,[  6.18300056   5.14299774 -19.37400055]
1,0.9993247985839844,[ 8.18300056 11.14299774 18.62599945]
