,scores,centers
0,0.9995527863502502,[29.28299999 22.06400013  4.93299866]
1,0.9993859529495239,[51.28299999 56.06400013 -5.06700134]
