,scores,centers
0,0.9997543692588806,[51.80799866  9.52199936 21.5039978 ]
1,0.9993971586227417,[-2.19200134  5.52199936 41.5039978 ]
