,scores,centers
0,0.9968522191047668,[ 3.39800262 66.50800037  9.09899902]
1,0.9963082671165466,[ 27.39800262  50.50800037 -38.90100098]
2,0.9943716526031494,[  3.39800262  34.50800037 -44.90100098]
3,0.9920702576637268,[-12.60199738  46.50800037  -4.90100098]
