,scores,centers
0,0.9964262843132019,[17.76200008 35.10499954 18.51599979]
1,0.9982771873474121,[15.76200008 35.10499954 18.51599979]
2,0.42220330238342285,[21.76200008 43.10499954 10.51599979]
3,0.4680851399898529,[19.76200008 29.10499954 10.51599979]
