,scores,centers
0,0.9994032382965088,[ 6.09600067 25.54000092 16.85900021]
1,0.9990332126617432,[-3.90399933  3.54000092 18.85900021]
2,0.9818644523620605,[-17.90399933  15.54000092  10.85900021]
