,scores,centers
0,0.9986391663551331,[63.52099991 65.59000015 50.63299942]
1,0.9989088773727417,[25.52099991 43.59000015 22.63299942]
2,0.9967153072357178,[27.52099991 93.59000015 42.63299942]
