,scores,centers
0,0.9994369149208069,[ 8.34500122 36.31099987 23.03899956]
1,0.9914119243621826,[-3.65499878 26.31099987 11.03899956]
2,0.9892311692237854,[26.34500122 14.31099987  9.03899956]
3,0.8860077261924744,[30.34500122 14.31099987 11.03899956]
