,scores,centers
0,0.9983898401260376,[ 7.85400009 11.54999924 26.52700043]
1,0.9993476271629333,[21.85400009 21.54999924 24.52700043]
2,0.9993384480476379,[21.85400009  9.54999924  4.52700043]
