,scores,centers
0,0.9990639090538025,[-19.89400101 -37.41000366 -33.95700073]
1,0.9996086955070496,[-27.89400101 -15.41000366 -37.95700073]
2,0.9985392093658447,[ -3.89400101  -7.41000366 -43.95700073]
