,scores,centers
0,0.9990929365158081,[ 7.72200012 14.25299978 21.00199986]
1,0.9993046522140503,[ 3.72200012 20.25299978 25.00199986]
