,scores,centers
0,0.9996973276138306,[ -5.26599884  44.12200022 156.19400024]
1,0.9993902444839478,[  2.73400116  20.12200022 134.19400024]
