,scores,centers
0,0.9989880919456482,[25.33799982 20.0019989  38.06700039]
1,0.998120129108429,[33.33799982 18.0019989  62.06700039]
2,0.9868230819702148,[25.33799982 22.0019989  78.06700039]
