,scores,centers
0,0.9993891716003418,[12.49300003 16.06900024 65.04800034]
1,0.9674871563911438,[-5.50699997 26.06900024 75.04800034]
2,0.4644390940666199,[30.49300003 14.06900024 77.04800034]
