,scores,centers
0,0.9990831613540649,[44.41499996 45.20699978 89.05800056]
