,scores,centers
0,0.9993158578872681,[27.9279995  25.06500053 23.7329998 ]
1,0.991671085357666,[37.9279995   7.06500053 21.7329998 ]
2,0.9978439807891846,[15.9279995  41.06500053 23.7329998 ]
3,0.7011263370513916,[19.9279995  17.06500053  5.7329998 ]
