,scores,centers
0,0.9992412328720093,[49.20800018 35.83399963 59.6420002 ]
1,0.9729499220848083,[41.20800018  5.83399963 77.6420002 ]
2,0.9797740578651428,[61.20800018 51.83399963 51.6420002 ]
