,scores,centers
0,0.998688280582428,[32.83899975 -0.31299973 41.55999994]
1,0.9852412343025208,[36.83899975 -2.31299973 17.55999994]
2,0.9646544456481934,[48.83899975  9.68700027 25.55999994]
3,0.7413453459739685,[38.83899975 19.68700027 23.55999994]
