,scores,centers
0,0.9995021820068359,[18.00500107 67.4749999  25.34600067]
1,0.9985643029212952,[26.00500107 39.4749999   5.34600067]
