,scores,centers
0,0.9997844099998474,[31.65499973 16.37800026 -2.61899948]
1,0.9921610951423645,[17.65499973 20.37800026 -8.61899948]
