,scores,centers
0,0.9991763234138489,[  3.65100098  29.01300049 148.49299622]
1,0.9991818070411682,[ 35.65100098  29.01300049 144.49299622]
