,scores,centers
0,0.9993863105773926,[  0.69300079 -35.73600006  21.77000046]
1,0.9993321299552917,[30.69300079  2.26399994  1.77000046]
