,scores,centers
0,0.9996113181114197,[44.93499947  8.84400177  7.83200073]
1,0.9996472597122192,[16.93499947 -7.15599823 43.83200073]
