,scores,centers
0,0.9933115243911743,[53.38999939  0.74900055 35.31799984]
1,0.9925057291984558,[43.38999939  0.74900055 27.31799984]
2,0.9847080707550049,[49.38999939  0.74900055 35.31799984]
3,0.7914435863494873,[39.38999939 10.74900055 33.31799984]
4,0.47769594192504883,[55.38999939  8.74900055 19.31799984]
