,scores,centers
0,0.9929704070091248,[ 8.1780014  61.46699905 47.80699921]
1,0.9986333250999451,[16.1780014  45.46699905 49.80699921]
2,0.9714133739471436,[ 6.1780014  45.46699905 63.80699921]
