,scores,centers
0,0.998258650302887,[10.36800003  5.97500038 23.38000011]
1,0.9770281314849854,[ 2.43680000e+01 -2.49996185e-02  2.93800001e+01]
2,0.9868788123130798,[32.36800003 11.97500038 19.38000011]
3,0.9828135967254639,[14.36800003 25.97500038 11.38000011]
4,0.83143550157547,[10.36800003 25.97500038 27.38000011]
