,scores,centers
0,0.999001681804657,[23.99200058 26.69099998 30.82600021]
