,scores,centers
0,0.9995042085647583,[35.27600002 31.93200016 60.27399826]
1,0.999388575553894,[31.27600002 23.93200016 86.27399826]
2,0.980018675327301,[39.27600002 31.93200016 74.27399826]
