,scores,centers
0,0.9991706609725952,[ 27.73200226   0.72200012 -20.02700043]
1,0.9984448552131653,[ 45.73200226  10.72200012 -50.02700043]
2,0.9987305998802185,[ 1.73200226 -5.27799988  1.97299957]
