,scores,centers
0,0.9992130994796753,[19.23699951 13.33399963 15.79899979]
1,0.9863225221633911,[15.23699951 -4.66600037 11.79899979]
2,0.9955621957778931,[13.23699951 21.33399963  1.79899979]
3,0.680016279220581,[25.23699951 -2.66600037  1.79899979]
4,0.6749937534332275,[ 23.23699951   3.33399963 -10.20100021]
