,scores,centers
0,0.9983071088790894,[72.26599979 55.19299984 51.06599998]
1,0.9985659718513489,[24.26599979 43.19299984 21.06599998]
2,0.9955443739891052,[26.26599979 93.19299984 41.06599998]
