,scores,centers
0,0.9992200136184692,[ 35.84600067  29.29599953 144.25700378]
1,0.9989080429077148,[  3.84600067  25.29599953 150.25700378]
