,scores,centers
0,0.9991949200630188,[15.1970005  38.45100021 10.54599953]
1,0.9968997240066528,[13.1970005  54.45100021  0.54599953]
