,scores,centers
0,0.9983964562416077,[27.80599976 18.10099983 61.34900093]
1,0.9986695051193237,[19.80599976  6.10099983 71.34900093]
2,0.8699511289596558,[ 3.80599976 24.10099983 63.34900093]
3,0.8579095005989075,[ 7.80599976 22.10099983 45.34900093]
4,0.737862229347229,[23.80599976 36.10099983 47.34900093]
5,0.4518825113773346,[11.80599976 10.10099983 45.34900093]
