,scores,centers
0,0.9989798665046692,[13.71500015 19.96500015  5.4469986 ]
