,scores,centers
0,0.9975798726081848,[ 60.04999924 -36.17099762 -30.76100159]
1,0.9982748031616211,[ 60.04999924 -38.17099762 -30.76100159]
