,scores,centers
0,0.997096061706543,[31.81099987 26.1079998  11.47800064]
1,0.997550904750824,[17.81099987  0.1079998   9.47800064]
2,0.7298371195793152,[17.81099987 26.1079998  -0.52199936]
