,scores,centers
0,0.9989416003227234,[  1.96100044 -17.05699921 -13.1969986 ]
1,0.9785667657852173,[35.96100044  0.94300079  8.8030014 ]
2,0.9880818128585815,[21.96100044  0.94300079 14.8030014 ]
