,scores,centers
0,0.9988852143287659,[ 24.2840004    9.3730011  -10.90100098]
1,0.991279661655426,[ 36.2840004  -10.6269989  -14.90100098]
