,scores,centers
0,0.9993402361869812,[24.64999962 47.98700047 30.01200008]
