,scores,centers
0,0.9962582588195801,[ 9.01900101  1.14699936 24.22099972]
1,0.9935314059257507,[  1.01900101 -10.85300064  14.22099972]
2,0.9636678099632263,[27.01900101 11.14699936 18.22099972]
3,0.9357470273971558,[31.01900101  5.14699936  6.22099972]
4,0.40138569474220276,[7.01900101 5.14699936 4.22099972]
