,scores,centers
0,0.9989839196205139,[34.01799965 -3.87200165 48.3579998 ]
