,scores,centers
0,0.998458743095398,[28.34199905 32.33199978 65.05400085]
1,0.9990919828414917,[18.34199905 22.33199978 59.05400085]
