,scores,centers
0,0.9985774755477905,[-3.84199905 30.0739994  -6.84300232]
1,0.9939967393875122,[ -9.84199905   8.0739994  -20.84300232]
2,0.9973779916763306,[14.15800095 18.0739994  -8.84300232]
