,scores,centers
0,0.9992493987083435,[ 7.14999962 30.37899971 17.95899963]
1,0.9811028838157654,[13.14999962 32.37899971  1.95899963]
2,0.9870700836181641,[-0.85000038 16.37899971 19.95899963]
3,0.5466649532318115,[23.14999962 46.37899971  9.95899963]
