,scores,centers
0,0.9990026354789734,[56.98800087 63.2329998  72.98300171]
1,0.9980863332748413,[60.98800087 65.2329998  98.98300171]
