,scores,centers
0,0.9996765851974487,[29.33199978 19.75099993 46.97100067]
1,0.9965153932571411,[25.33199978 25.75099993 42.97100067]
2,0.8326126337051392,[17.33199978 25.75099993 54.97100067]
