,scores,centers
0,0.9994749426841736,[ 2.28000069 14.5909996  38.11800003]
1,0.9991506338119507,[16.28000069  0.5909996  12.11800003]
