,scores,centers
0,0.9992280006408691,[35.73999977 52.45899963 18.59399986]
1,0.9971012473106384,[ 9.73999977 48.45899963 22.59399986]
2,0.9662073254585266,[19.73999977 56.45899963 36.59399986]
