,scores,centers
0,0.9977194666862488,[20.03499985 30.58300018 14.90600014]
1,0.9892297387123108,[34.03499985 32.58300018 18.90600014]
