,scores,centers
0,0.9952695965766907,[13.59899998 60.72999954 28.56599998]
1,0.9943272471427917,[27.59899998 60.72999954 10.56599998]
