,scores,centers
0,0.9995583891868591,[12.55599976  3.76599884 57.70300007]
1,0.9993311166763306,[12.55599976  3.76599884 23.70300007]
