,scores,centers
0,0.9994907379150391,[ 11.47500038 -43.66999817 -14.16000366]
1,0.9994051456451416,[ 25.47500038 -31.66999817 -38.16000366]
2,0.9819504022598267,[  9.47500038 -35.66999817 -26.16000366]
