,scores,centers
0,0.9974505305290222,[26.8829999  24.56500053  4.36599922]
1,0.9908884763717651,[32.8829999  38.56500053 26.36599922]
2,0.9854770302772522,[44.8829999  -9.43499947 14.36599922]
