,scores,centers
0,0.9972122311592102,[53.48900032  0.89999962 35.71400023]
1,0.9708379507064819,[45.48900032  0.89999962 27.71400023]
2,0.5692160129547119,[37.48900032 10.89999962 33.71400023]
