,scores,centers
0,0.9979509711265564,[20.3409996   5.49900055 14.68300056]
1,0.5889087319374084,[10.3409996   1.49900055  8.68300056]
