,scores,centers
0,0.9996044039726257,[27.51799965 50.96699905 76.30699921]
1,0.9992533326148987,[19.51799965 26.96699905 82.30699921]
