,scores,centers
0,0.9990237951278687,[44.46600008 45.16899967 89.09300041]
1,0.9988516569137573,[40.46600008 11.16899967 69.09300041]
