,scores,centers
0,0.9983672499656677,[77.07900047 15.97399902 11.09600067]
1,0.9994027614593506,[49.07900047 27.97399902 15.09600067]
