,scores,centers
0,0.9992316961288452,[ 7.24699974 32.54300022 18.1079998 ]
1,0.9928147792816162,[-2.75300026 18.54300022 22.1079998 ]
2,0.7662609219551086,[ 9.24699974 36.54300022 -1.8920002 ]
3,0.783700704574585,[-10.75300026  16.54300022   4.1079998 ]
4,0.5948154926300049,[25.24699974 38.54300022 20.1079998 ]
5,0.7483738660812378,[13.24699974 18.54300022  6.1079998 ]
