,scores,centers
0,0.9992964267730713,[ 8.7670002  34.58900023 23.62100029]
1,0.9942249655723572,[26.7670002  14.58900023  9.62100029]
2,0.9881597757339478,[ 2.7670002  36.58900023 23.62100029]
3,0.7647703289985657,[34.7670002  28.58900023 29.62100029]
