,scores,centers
0,0.9995811581611633,[-15.19300079   9.98099899  25.88100052]
1,0.9530614614486694,[ 0.80699921 13.98099899 39.88100052]
2,0.9855484366416931,[-17.19300079  19.98099899  13.88100052]
