,scores,centers
0,0.9998067021369934,[ 32.96799994 101.35800171  10.28499985]
1,0.9980362057685852,[ 36.96799994 117.35800171   4.28499985]
