,scores,centers
0,0.9986421465873718,[20.625       3.24900055 34.18900013]
1,0.9856664538383484,[ 18.625      -14.75099945  46.18900013]
2,0.97557133436203,[  6.625      -12.75099945  32.18900013]
3,0.9379127025604248,[30.625      -6.75099945 24.18900013]
