,scores,centers
0,0.998596727848053,[41.74600029 50.56299973 35.23200035]
1,0.996167004108429,[59.74600029 54.56299973 33.23200035]
2,0.9903399348258972,[63.74600029 30.56299973 15.23200035]
