,scores,centers
0,0.9979148507118225,[-2.0189991  24.58199978 14.89900017]
1,0.9920662641525269,[11.9810009  20.58199978 -3.10099983]
