,scores,centers
0,0.9989644289016724,[ 4.80699921  0.94599915 14.50300026]
1,0.9275086522102356,[26.80699921 -1.05400085 20.50300026]
2,0.4338471293449402,[-15.19300079   4.94599915  12.50300026]
