,scores,centers
0,0.9996274709701538,[11.50300026  1.40299988  6.96800041]
1,0.9995604157447815,[11.50300026  3.40299988  8.96800041]
