,scores,centers
0,0.9991987347602844,[ 9.10599995 24.02900028  4.06699944]
1,0.5563957691192627,[ 19.10599995  16.02900028 -13.93300056]
2,0.9114850163459778,[19.10599995 38.02900028 20.06699944]
3,0.4622504711151123,[ 7.10599995 28.02900028 14.06699944]
