,scores,centers
0,0.9981158971786499,[ -5.48400116 -33.54100037   9.09400177]
1,0.9751377701759338,[-11.48400116 -45.54100037 -28.90599823]
2,0.985355019569397,[ -5.48400116 -41.54100037  -6.90599823]
3,0.8985611200332642,[-11.48400116 -17.54100037  29.09400177]
4,0.9232279658317566,[-31.48400116 -43.54100037 -50.90599823]
5,0.49800798296928406,[-17.48400116 -31.54100037 -44.90599823]
6,0.6113876104354858,[-7.48400116 -3.54100037 17.09400177]
