,scores,centers
0,0.990183413028717,[14.24699974 28.66400003 15.06500053]
1,0.9531732201576233,[16.24699974 22.66400003 27.06500053]
2,0.9344652891159058,[22.24699974 18.66400003 19.06500053]
3,0.8923800587654114,[12.24699974 10.66400003 11.06500053]
