,scores,centers
0,0.9976997971534729,[37.81200027 26.27199984 21.62300014]
1,0.9981983304023743,[41.81200027 18.27199984 41.62300014]
2,0.9759353995323181,[49.81200027 28.27199984 39.62300014]
3,0.9592543244361877,[41.81200027 50.27199984 39.62300014]
