,scores,centers
0,0.9982982277870178,[ 5.97500038 11.28000069 24.89300013]
1,0.9923570156097412,[17.97500038 -6.71999931 22.89300013]
2,0.9757558107376099,[35.97500038  3.28000069 28.89300013]
3,0.5188488960266113,[23.97500038 -2.71999931 38.89300013]
4,0.7309561967849731,[-4.02499962 -0.71999931 32.89300013]
