,scores,centers
0,0.9987841248512268,[46.75300026 52.14999962 35.54199982]
1,0.9979666471481323,[54.75300026 66.14999962  3.54199982]
