,scores,centers
0,0.9993337988853455,[34.06999969 19.83800125  1.4280014 ]
1,0.9992628693580627,[32.06999969 -4.16199875 33.4280014 ]
