,scores,centers
0,0.9982646107673645,[28.92500019 17.4090004  -2.39299965]
1,0.9886187314987183,[20.92500019 25.4090004  21.60700035]
2,0.9580082893371582,[32.92500019  7.4090004  15.60700035]
3,0.9255750775337219,[38.92500019 21.4090004  17.60700035]
4,0.4922201633453369,[44.92500019 39.4090004   1.60700035]
5,0.5423469543457031,[ 30.92500019  37.4090004  -10.39299965]
6,0.8012019991874695,[ 6.92500019 23.4090004  23.60700035]
