,scores,centers
0,0.9987801909446716,[57.69900131 14.53499985 27.1079998 ]
1,0.9680410623550415,[59.69900131  6.53499985 41.1079998 ]
2,0.932513415813446,[59.69900131 -9.46500015 27.1079998 ]
3,0.9942544102668762,[71.69900131  8.53499985 23.1079998 ]
