,scores,centers
0,0.9990018010139465,[44.51000023 45.29599953 89.15999985]
1,0.9987255930900574,[40.51000023 11.29599953 69.15999985]
