,scores,centers
0,0.9988498687744141,[38.80500031 33.14799976 53.61899948]
1,0.9552345275878906,[56.80500031 37.14799976 55.61899948]
2,0.9809385538101196,[32.80500031 27.14799976 59.61899948]
