,scores,centers
0,0.9991132616996765,[32.85900021 69.35500002  8.34400177]
1,0.9985263347625732,[16.85900021 25.35500002 18.34400177]
