,scores,centers
0,0.9261592626571655,[24.86399984  2.27499962 12.84600067]
1,0.8994663953781128,[38.86399984  0.27499962 18.84600067]
2,0.7411797046661377,[20.86399984  0.27499962 14.84600067]
3,0.47334250807762146,[32.86399984  2.27499962 26.84600067]
