,scores,centers
0,0.9993458390235901,[17.73999977 41.23999977 33.52199936]
1,0.9976003766059875,[27.73999977 45.23999977 -0.47800064]
