,scores,centers
0,0.9994319081306458,[ 5.67700195 37.99700022  8.10099983]
1,0.9989017248153687,[-6.32299805 47.99700022 20.10099983]
