,scores,centers
0,0.9992284774780273,[25.09899998 -6.22699738  5.62100029]
