,scores,centers
0,0.9991488456726074,[52.49399948 27.64099884 13.99100113]
1,0.9990749359130859,[78.49399948 15.64099884 11.99100113]
