,scores,centers
0,0.9987775683403015,[52.27899981 -0.89099884 22.3010006 ]
1,0.9981016516685486,[72.27899981  9.10900116 16.3010006 ]
2,0.9976294636726379,[26.27899981  5.10900116 18.3010006 ]
