,scores,centers
0,0.99930739402771,[  0.8579998  108.56000137  40.46899986]
1,0.9993959665298462,[ 6.8579998  80.56000137  6.46899986]
