,scores,centers
0,0.9982648491859436,[51.25499916 48.03199959 20.0369997 ]
1,0.9981393814086914,[45.25499916 68.03199959 28.0369997 ]
