,scores,centers
0,0.9992790818214417,[19.31299973  5.47699928 35.10200119]
1,0.9986322522163391,[21.31299973 25.47699928 27.10200119]
2,0.9994445443153381,[ 5.31299973 39.47699928 11.10200119]
