,scores,centers
0,0.994252622127533,[ 2.73999977  5.95199966 63.86500168]
1,0.9970182180404663,[-13.26000023   9.95199966  53.86500168]
2,0.9878641963005066,[-5.26000023 11.95199966 45.86500168]
