,scores,centers
0,0.9994478821754456,[ 21.13599968  17.46500015 -39.69900513]
1,0.9991205334663391,[ 19.13599968  23.46500015 -13.69900513]
