,scores,centers
0,0.9996495246887207,[37.54699993 69.18499947 73.94800186]
1,0.9995905756950378,[31.54699993 63.18499947 81.94800186]
2,0.999526858329773,[ 61.54699993 115.18499947  79.94800186]
