,scores,centers
0,0.9980971217155457,[15.24600029 -5.52099991 37.01000023]
1,0.9984772801399231,[  3.24600029 -17.52099991  43.01000023]
2,0.9890692830085754,[-0.75399971 -3.52099991 33.01000023]
3,0.9693391919136047,[11.24600029 -1.52099991 51.01000023]
4,0.5632730722427368,[15.24600029 14.47900009 49.01000023]
