,scores,centers
0,0.998613715171814,[23.54100037  2.80999947 11.4829998 ]
1,0.9906343221664429,[31.54100037 14.80999947 27.4829998 ]
2,0.9918734431266785,[37.54100037  6.80999947 -4.5170002 ]
3,0.8991537094116211,[ 5.54100037  4.80999947 17.4829998 ]
