,scores,centers
0,0.9991482496261597,[1.30004883e-02 3.12969999e+01 3.75699997e+00]
1,0.9852200746536255,[28.01300049 21.29699993 13.75699997]
2,0.9679344892501831,[1.30004883e-02 3.32969999e+01 2.57570000e+01]
3,0.9349453449249268,[10.01300049 37.29699993 19.75699997]
