,scores,centers
0,0.9986701011657715,[97.27999878 51.25799942  9.39900017]
1,0.9988425970077515,[89.27999878 49.25799942 -4.60099983]
2,0.952087938785553,[77.27999878 53.25799942 19.39900017]
3,0.9026123285293579,[75.27999878 49.25799942  7.39900017]
4,0.567327618598938,[83.27999878 67.25799942 13.39900017]
