,scores,centers
0,0.9993667006492615,[ 51.26799965 -27.06000137   2.8560009 ]
1,0.9831358790397644,[ 33.26799965 -21.06000137  14.8560009 ]
2,0.9749919176101685,[ 27.26799965 -41.06000137  10.8560009 ]
