,scores,centers
0,0.9980698227882385,[3.57699966 9.66699982 8.42900085]
1,0.9261643886566162,[21.57699966  7.66699982  2.42900085]
2,0.9664022326469421,[ 7.57699966 -6.33300018 12.42900085]
3,0.6348060965538025,[-4.42300034 -6.33300018  8.42900085]
4,0.42861536145210266,[19.57699966 -6.33300018 10.42900085]
