,scores,centers
0,0.9993552565574646,[62.47999954 32.87700081 18.23400021]
1,0.9993122816085815,[62.47999954 -1.12299919 20.23400021]
2,0.7533323168754578,[68.47999954 14.87700081  0.23400021]
