,scores,centers
0,0.9996881484985352,[54.80599976 29.53499985 30.17200089]
1,0.9991610050201416,[62.80599976 33.53499985 -1.82799911]
2,0.999256432056427,[42.80599976 33.53499985 64.17200089]
