,scores,centers
0,0.9990769624710083,[10.05999947 46.80900002 53.14999962]
