,scores,centers
0,0.9987788796424866,[67.9470005  -0.4489994  -0.28300095]
1,0.9989810585975647,[71.9470005  15.5510006  11.71699905]
