,scores,centers
0,0.9990183115005493,[68.00500107 48.704      17.35599995]
1,0.9991899132728577,[62.00500107 22.704      31.35599995]
