,scores,centers
0,0.9995502829551697,[95.79999924 18.35400009 -2.70199966]
1,0.9990664124488831,[97.79999924 46.35400009 13.29800034]
