,scores,centers
0,0.998847484588623,[ 8.89900017 22.09300041 38.73400116]
1,0.9989367127418518,[ 8.89900017 36.09300041 22.73400116]
2,0.9969637989997864,[28.89900017 -7.90699959  8.73400116]
3,0.9965189695358276,[ 14.89900017  48.09300041 -17.26599884]
