,scores,centers
0,0.9983968138694763,[29.54099989 71.10400009 18.48899984]
1,0.9707942605018616,[17.54099989 59.10400009 34.48899984]
2,0.9643962383270264,[25.54099989 63.10400009 32.48899984]
