,scores,centers
0,0.9995357990264893,[-47.34200287  70.38100052  -6.79500008]
1,0.9826468825340271,[-39.34200287  70.38100052  -4.79500008]
