,scores,centers
0,0.9994205236434937,[-16.43199921  48.84899998  21.71199989]
1,0.9994001388549805,[ 9.56800079 32.84899998 23.71199989]
