,scores,centers
0,0.9994402527809143,[ 58.2159996  -25.62799835  -8.09700012]
1,0.9722991585731506,[ 54.2159996  -35.62799835   1.90299988]
2,0.6594981551170349,[ 78.2159996  -33.62799835 -12.09700012]
3,0.8723242878913879,[ 78.2159996  -37.62799835 -22.09700012]
4,0.7232202291488647,[ 68.2159996  -25.62799835  -2.09700012]
5,0.5166099667549133,[ 66.2159996  -39.62799835 -20.09700012]
