,scores,centers
0,0.999042809009552,[16.95400238 27.86000061 19.98800087]
1,0.9970826506614685,[ 4.95400238 45.86000061  7.98800087]
2,0.9981549382209778,[28.95400238 13.86000061 29.98800087]
3,0.8849612474441528,[22.95400238 17.86000061 49.98800087]
