,scores,centers
0,0.9992237091064453,[45.65499973 13.11000061 41.47900009]
1,0.999480664730072,[27.65499973 29.11000061 49.47900009]
