,scores,centers
0,0.999900221824646,[18.25600052 18.20199966 27.45499992]
1,0.9999312162399292,[26.25600052 34.20199966 55.45499992]
2,0.9992164373397827,[26.25600052 24.20199966 39.45499992]
3,0.99404376745224,[ 8.25600052 28.20199966 43.45499992]
