,scores,centers
0,0.999423623085022,[43.80999994 37.71500015 22.22599983]
1,0.9993133544921875,[15.80999994 17.71500015 32.22599983]
2,0.9963217973709106,[37.80999994 17.71500015 20.22599983]
3,0.9881105422973633,[19.80999994 27.71500015 18.22599983]
