,scores,centers
0,0.9988715052604675,[49.95299911 98.36800003 87.81800079]
1,0.9986119270324707,[ 17.95299911 100.36800003  91.81800079]
