,scores,centers
0,0.9868893623352051,[ 20.99400043 -14.72800064  25.4000001 ]
1,0.7929491996765137,[ 22.99400043 -14.72800064  21.4000001 ]
2,0.7151719927787781,[30.99400043  3.27199936 23.4000001 ]
