,scores,centers
0,0.9974974989891052,[35.43700027 92.83300018 18.34300041]
1,0.9714075922966003,[29.43700027 98.83300018  4.34300041]
2,0.9850413203239441,[15.43700027 94.83300018  4.34300041]
3,0.8210986852645874,[ 19.43700027 110.83300018  -3.65699959]
4,0.7084838151931763,[ 19.43700027 116.83300018  10.34300041]
