,scores,centers
0,0.9994869232177734,[ 71.54400063   8.63600159 -13.77099991]
1,0.9994968175888062,[63.54400063 30.63600159 14.22900009]
