,scores,centers
0,0.9996705055236816,[ 8.91500092 39.56700039  5.96699905]
1,0.9854946136474609,[  4.91500092  49.56700039 -10.03300095]
2,0.9423936605453491,[30.91500092 31.56700039 -2.03300095]
