,scores,centers
0,0.996093213558197,[ 4.61000061 14.69200134 31.18900013]
1,0.9882574677467346,[-9.38999939  4.69200134 29.18900013]
2,0.9717958569526672,[ 0.61000061  4.69200134 15.18900013]
3,0.9764145612716675,[ 6.61000061 12.69200134 45.18900013]
