,scores,centers
0,0.9990693926811218,[15.84700012 59.24099922  9.74099922]
1,0.9975263476371765,[35.84700012 49.24099922 23.74099922]
2,0.9157940149307251,[17.84700012 51.24099922 45.74099922]
3,0.9197936058044434,[37.84700012 47.24099922 49.74099922]
4,0.8755447268486023,[29.84700012 65.24099922 47.74099922]
