,scores,centers
0,0.9995726943016052,[14.15399933  0.74399948  5.29999924]
