,scores,centers
0,0.999309778213501,[40.2130003  34.88000011  8.33499908]
1,0.9990146160125732,[78.2130003  18.88000011  6.33499908]
2,0.9937067627906799,[54.2130003  30.88000011 16.33499908]
