,scores,centers
0,0.9983153343200684,[27.8670001  30.06299973 15.9469986 ]
1,0.9962480664253235,[37.8670001  22.06299973 -6.0530014 ]
