,scores,centers
0,0.9992519021034241,[ 1.25600052  5.14400101 24.53700256]
1,0.9990390539169312,[35.25600052  3.14400101 14.53700256]
