,scores,centers
0,0.9924980998039246,[12.57200003 20.97900009 40.80599976]
1,0.9757722616195679,[26.57200003 24.97900009 46.80599976]
2,0.9289069771766663,[18.57200003 10.97900009 48.80599976]
3,0.9649642705917358,[26.57200003 24.97900009 34.80599976]
4,0.83940589427948,[34.57200003 14.97900009 36.80599976]
