,scores,centers
0,0.9995424747467041,[-26.20299911 -11.6590004    9.37899971]
1,0.9994791150093079,[-26.20299911  20.3409996    3.37899971]
