,scores,centers
0,0.9989750385284424,[35.63799953 29.93700027 11.74200058]
1,0.9986642599105835,[57.63799953 17.93700027 11.74200058]
