,scores,centers
0,0.9992313385009766,[ 21.82600021   8.7159996  -10.92100143]
1,0.9970245957374573,[ 35.82600021 -13.2840004  -12.92100143]
2,0.9782484769821167,[ 23.82600021 -17.2840004  -12.92100143]
