,scores,centers
0,0.9992902278900146,[25.07099915 20.7480011  40.22599983]
1,0.9981909394264221,[ 5.07099915  0.7480011  26.22599983]
2,0.9828954935073853,[ 17.07099915 -13.2519989   12.22599983]
