,scores,centers
0,0.9996269941329956,[ 31.66200256 104.27599907  51.4829998 ]
1,0.9996672868728638,[ 3.66200256 -1.72400093 -4.5170002 ]
