,scores,centers
0,0.9987123012542725,[25.58399963 33.72400093 27.22399998]
1,0.9985387325286865,[23.58399963 33.72400093 25.22399998]
