,scores,centers
0,0.9978271126747131,[56.92900085  8.60300064 27.99399948]
1,0.987541139125824,[60.92900085  2.60300064 53.99399948]
