,scores,centers
0,0.9981334805488586,[10.63600159  2.04299927 14.78100014]
1,0.9985656142234802,[ 2.63600159 10.04299927  0.78100014]
2,0.9988686442375183,[18.63600159 14.04299927 40.78100014]
