,scores,centers
0,0.999681830406189,[14.19799995  7.72999954  7.00199986]
1,0.9944028258323669,[10.19799995 11.72999954 27.00199986]
