,scores,centers
0,0.9992886781692505,[ 23.20300007  12.54599953 -15.74000168]
1,0.9995238780975342,[45.20300007 26.54599953  4.25999832]
2,0.9939743876457214,[33.20300007  6.54599953 16.25999832]
3,0.9868651032447815,[ 35.20300007  32.54599953 -21.74000168]
