,scores,centers
0,0.9987325072288513,[10.90100098 20.04699993 13.43099976]
1,0.9696884751319885,[ 8.90100098  4.04699993 19.43099976]
2,0.9402819871902466,[ 0.90100098 28.04699993  7.43099976]
3,0.43634241819381714,[14.90100098 44.04699993 11.43099976]
