,scores,centers
0,0.9992235898971558,[45.60400009 13.19300079 41.24599981]
1,0.9993196725845337,[27.60400009 29.19300079 49.24599981]
