,scores,centers
0,0.9992451667785645,[ 1.01699829 -0.27199936 20.23600006]
1,0.9969022870063782,[-26.98300171 -18.27199936  14.23600006]
2,0.985084593296051,[-12.98300171   1.72800064  30.23600006]
