,scores,centers
0,0.9980073571205139,[15.17099762  3.70999908 52.13599968]
1,0.9992631077766418,[-0.82900238  5.70999908 30.13599968]
2,0.9757351875305176,[ -2.82900238 -10.29000092  12.13599968]
3,0.9825378060340881,[33.17099762 -8.29000092 46.13599968]
4,0.9860150814056396,[31.17099762  3.70999908 70.13599968]
5,0.9474711418151855,[ 17.17099762 -18.29000092  58.13599968]
