,scores,centers
0,0.9992163181304932,[ 50.32299995 -26.36100006  52.26000023]
1,0.9987713694572449,[ 42.32299995 -26.36100006  58.26000023]
