,scores,centers
0,0.9994669556617737,[ 37.42200089 -34.05099487   2.27499962]
1,0.9995396137237549,[ -0.57799911 -34.05099487  26.27499962]
2,0.9990874528884888,[35.42200089  1.94900513  2.27499962]
